# python3 -m espnet2.bin.lm_train --ngpu 1 --use_preprocessor true --bpemodel none --token_type char --token_list data/token_list/char/tokens.txt --non_linguistic_symbols none --cleaner none --g2p none --valid_data_path_and_name_and_type dump/raw/org/dev/text,text,text --valid_shape_file exp/lm_stats_char/valid/text_shape.char --fold_length 150 --resume true --output_dir exp/lm_train_char --train_data_path_and_name_and_type dump/raw/lm_train.txt,text,text --train_shape_file exp/lm_stats_char/train/text_shape.char --ngpu 1 --multiprocessing_distributed True 
# Started at Wed May  6 16:27:41 KST 2026
#
/home/user/miniconda3/envs/yoona_asr/bin/python3 /home/user/Documents/yoona/dialect/espnet/espnet2/bin/lm_train.py --ngpu 1 --use_preprocessor true --bpemodel none --token_type char --token_list data/token_list/char/tokens.txt --non_linguistic_symbols none --cleaner none --g2p none --valid_data_path_and_name_and_type dump/raw/org/dev/text,text,text --valid_shape_file exp/lm_stats_char/valid/text_shape.char --fold_length 150 --resume true --output_dir exp/lm_train_char --train_data_path_and_name_and_type dump/raw/lm_train.txt,text,text --train_shape_file exp/lm_stats_char/train/text_shape.char --ngpu 1 --multiprocessing_distributed True
[dbi-lab-server] 2026-05-06 16:27:44,579 (lm:198) INFO: Vocabulary size: 2026
[dbi-lab-server] 2026-05-06 16:27:44,731 (abs_task:1454) INFO: pytorch.version=2.8.0+cu128, cuda.available=True, cudnn.version=91002, cudnn.benchmark=False, cudnn.deterministic=True
[dbi-lab-server] 2026-05-06 16:27:44,732 (abs_task:1455) INFO: Model structure:
ESPnetLanguageModel(
  (lm): SequentialRNNLM(
    (drop): Dropout(p=0.0, inplace=False)
    (encoder): Embedding(2026, 650, padding_idx=0)
    (rnn): LSTM(650, 650, num_layers=2, batch_first=True)
    (decoder): Linear(in_features=650, out_features=2026, bias=True)
  )
)

Model summary:
    Class Name: ESPnetLanguageModel
    Total Number of model parameters: 9.41 M
    Number of trainable parameters: 9.41 M (100.0%)
    Size: 37.62 MB
    Type: torch.float32
[dbi-lab-server] 2026-05-06 16:27:44,732 (abs_task:1458) INFO: Optimizer:
Adadelta (
Parameter Group 0
    capturable: False
    differentiable: False
    eps: 1e-06
    foreach: None
    lr: 1.0
    maximize: False
    rho: 0.9
    weight_decay: 0
)
[dbi-lab-server] 2026-05-06 16:27:44,732 (abs_task:1459) INFO: Scheduler: None
[dbi-lab-server] 2026-05-06 16:27:44,733 (abs_task:1468) INFO: Saving the configuration in exp/lm_train_char/config.yaml
[dbi-lab-server] 2026-05-06 16:27:47,539 (abs_task:1887) INFO: [train] Batch sampler: FoldedBatchSampler(N-batch=64173, batch_size=20, shape_files=['exp/lm_stats_char/train/text_shape.char'], sort_in_batch=descending, sort_batch=descending)
[dbi-lab-server] 2026-05-06 16:27:47,544 (abs_task:1888) INFO: [train] mini-batch sizes summary: N-batch=64173, mean=20.0, min=8, max=20
[dbi-lab-server] 2026-05-06 16:27:47,707 (read_text:31) INFO: keys_to_load is not None, only loading 1283448 keys from dump/raw/lm_train.txt
[dbi-lab-server] 2026-05-06 16:27:48,685 (abs_task:1912) INFO: [train] dataset:
ESPnetDataset(
  text: {"path": "dump/raw/lm_train.txt", "type": "text"}
  preprocess: <espnet2.train.preprocessor.CommonPreprocessor object at 0x7a69a215cce0>)
[dbi-lab-server] 2026-05-06 16:27:49,082 (abs_task:1887) INFO: [valid] Batch sampler: FoldedBatchSampler(N-batch=8953, batch_size=20, shape_files=['exp/lm_stats_char/valid/text_shape.char'], sort_in_batch=descending, sort_batch=descending)
[dbi-lab-server] 2026-05-06 16:27:49,083 (abs_task:1888) INFO: [valid] mini-batch sizes summary: N-batch=8953, mean=20.0, min=18, max=20
[dbi-lab-server] 2026-05-06 16:27:49,093 (read_text:31) INFO: keys_to_load is not None, only loading 179058 keys from dump/raw/org/dev/text
[dbi-lab-server] 2026-05-06 16:27:49,211 (abs_task:1912) INFO: [valid] dataset:
ESPnetDataset(
  text: {"path": "dump/raw/org/dev/text", "type": "text"}
  preprocess: <espnet2.train.preprocessor.CommonPreprocessor object at 0x7a69a01a29c0>)
[dbi-lab-server] 2026-05-06 16:27:49,526 (abs_task:1887) INFO: [plot_att] Batch sampler: UnsortedBatchSampler(N-batch=179058, batch_size=1, key_file=exp/lm_stats_char/valid/text_shape.char, 
[dbi-lab-server] 2026-05-06 16:27:49,526 (abs_task:1888) INFO: [plot_att] mini-batch sizes summary: N-batch=3, mean=1.0, min=1, max=1
[dbi-lab-server] 2026-05-06 16:27:49,527 (read_text:31) INFO: keys_to_load is not None, only loading 3 keys from dump/raw/org/dev/text
[dbi-lab-server] 2026-05-06 16:27:49,610 (abs_task:1912) INFO: [plot_att] dataset:
ESPnetDataset(
  text: {"path": "dump/raw/org/dev/text", "type": "text"}
  preprocess: <espnet2.train.preprocessor.CommonPreprocessor object at 0x7a6b3a8cd910>)
[dbi-lab-server] 2026-05-06 16:27:49,657 (trainer:323) INFO: 1/40epoch started
Failed to import Flash Attention, using ESPnet default: No module named 'flash_attn'
[dbi-lab-server] 2026-05-06 16:28:15,648 (trainer:799) INFO: 1epoch:train:1-3208batch: iter_time=6.197e-05, forward_time=0.004, loss=3.102, backward_time=0.001, grad_norm=1.060, clip=0.717, loss_scale=1.000, optim_step_time=2.647e-04, optim0_lr0=1.000, train_time=0.008
[dbi-lab-server] 2026-05-06 16:28:40,868 (trainer:799) INFO: 1epoch:train:3209-6416batch: iter_time=4.937e-05, forward_time=0.004, loss=2.639, backward_time=0.001, grad_norm=1.009, clip=0.717, loss_scale=1.000, optim_step_time=2.528e-04, optim0_lr0=1.000, train_time=0.008
[dbi-lab-server] 2026-05-06 16:29:06,597 (trainer:799) INFO: 1epoch:train:6417-9624batch: iter_time=4.633e-05, forward_time=0.004, loss=2.557, backward_time=0.001, grad_norm=0.984, clip=0.655, loss_scale=1.000, optim_step_time=2.615e-04, optim0_lr0=1.000, train_time=0.008
[dbi-lab-server] 2026-05-06 16:29:31,891 (trainer:799) INFO: 1epoch:train:9625-12832batch: iter_time=4.784e-05, forward_time=0.004, loss=2.509, backward_time=0.001, grad_norm=0.956, clip=0.592, loss_scale=1.000, optim_step_time=2.601e-04, optim0_lr0=1.000, train_time=0.008
[dbi-lab-server] 2026-05-06 16:29:56,587 (trainer:799) INFO: 1epoch:train:12833-16040batch: iter_time=4.549e-05, forward_time=0.004, loss=2.474, backward_time=0.001, grad_norm=0.963, clip=0.623, loss_scale=1.000, optim_step_time=2.463e-04, optim0_lr0=1.000, train_time=0.008
[dbi-lab-server] 2026-05-06 16:30:21,661 (trainer:799) INFO: 1epoch:train:16041-19248batch: iter_time=4.583e-05, forward_time=0.004, loss=2.448, backward_time=0.001, grad_norm=0.939, clip=0.561, loss_scale=1.000, optim_step_time=2.601e-04, optim0_lr0=1.000, train_time=0.008
[dbi-lab-server] 2026-05-06 16:30:46,695 (trainer:799) INFO: 1epoch:train:19249-22456batch: iter_time=4.584e-05, forward_time=0.004, loss=2.430, backward_time=0.001, grad_norm=0.942, clip=0.468, loss_scale=1.000, optim_step_time=2.553e-04, optim0_lr0=1.000, train_time=0.008
[dbi-lab-server] 2026-05-06 16:31:11,786 (trainer:799) INFO: 1epoch:train:22457-25664batch: iter_time=4.598e-05, forward_time=0.004, loss=2.419, backward_time=0.001, grad_norm=0.941, clip=0.530, loss_scale=1.000, optim_step_time=2.520e-04, optim0_lr0=1.000, train_time=0.008
[dbi-lab-server] 2026-05-06 16:31:36,944 (trainer:799) INFO: 1epoch:train:25665-28872batch: iter_time=4.591e-05, forward_time=0.004, loss=2.404, backward_time=0.001, grad_norm=0.919, clip=0.468, loss_scale=1.000, optim_step_time=2.498e-04, optim0_lr0=1.000, train_time=0.008
[dbi-lab-server] 2026-05-06 16:32:02,304 (trainer:799) INFO: 1epoch:train:28873-32080batch: iter_time=4.510e-05, forward_time=0.004, loss=2.392, backward_time=0.001, grad_norm=0.924, clip=0.499, loss_scale=1.000, optim_step_time=2.555e-04, optim0_lr0=1.000, train_time=0.008
[dbi-lab-server] 2026-05-06 16:32:27,718 (trainer:799) INFO: 1epoch:train:32081-35288batch: iter_time=4.553e-05, forward_time=0.004, loss=2.381, backward_time=0.001, grad_norm=0.914, clip=0.374, loss_scale=1.000, optim_step_time=2.691e-04, optim0_lr0=1.000, train_time=0.008
[dbi-lab-server] 2026-05-06 16:32:52,526 (trainer:799) INFO: 1epoch:train:35289-38496batch: iter_time=4.575e-05, forward_time=0.004, loss=2.380, backward_time=0.001, grad_norm=0.918, clip=0.343, loss_scale=1.000, optim_step_time=2.545e-04, optim0_lr0=1.000, train_time=0.008
[dbi-lab-server] 2026-05-06 16:33:17,300 (trainer:799) INFO: 1epoch:train:38497-41704batch: iter_time=4.407e-05, forward_time=0.004, loss=2.368, backward_time=0.001, grad_norm=0.901, clip=0.312, loss_scale=1.000, optim_step_time=2.520e-04, optim0_lr0=1.000, train_time=0.008
[dbi-lab-server] 2026-05-06 16:33:42,644 (trainer:799) INFO: 1epoch:train:41705-44912batch: iter_time=4.697e-05, forward_time=0.004, loss=2.355, backward_time=0.001, grad_norm=0.903, clip=0.187, loss_scale=1.000, optim_step_time=2.513e-04, optim0_lr0=1.000, train_time=0.008
[dbi-lab-server] 2026-05-06 16:34:07,934 (trainer:799) INFO: 1epoch:train:44913-48120batch: iter_time=4.704e-05, forward_time=0.004, loss=2.350, backward_time=0.001, grad_norm=0.902, clip=0.249, loss_scale=1.000, optim_step_time=2.524e-04, optim0_lr0=1.000, train_time=0.008
[dbi-lab-server] 2026-05-06 16:34:33,043 (trainer:799) INFO: 1epoch:train:48121-51328batch: iter_time=4.645e-05, forward_time=0.004, loss=2.345, backward_time=0.001, grad_norm=0.895, clip=0.312, loss_scale=1.000, optim_step_time=2.568e-04, optim0_lr0=1.000, train_time=0.008
[dbi-lab-server] 2026-05-06 16:34:58,366 (trainer:799) INFO: 1epoch:train:51329-54536batch: iter_time=4.572e-05, forward_time=0.004, loss=2.343, backward_time=0.001, grad_norm=0.899, clip=0.218, loss_scale=1.000, optim_step_time=2.611e-04, optim0_lr0=1.000, train_time=0.008
[dbi-lab-server] 2026-05-06 16:35:24,230 (trainer:799) INFO: 1epoch:train:54537-57744batch: iter_time=4.575e-05, forward_time=0.004, loss=2.334, backward_time=0.001, grad_norm=0.892, clip=0.343, loss_scale=1.000, optim_step_time=2.669e-04, optim0_lr0=1.000, train_time=0.008
[dbi-lab-server] 2026-05-06 16:35:50,055 (trainer:799) INFO: 1epoch:train:57745-60952batch: iter_time=4.618e-05, forward_time=0.004, loss=2.333, backward_time=0.001, grad_norm=0.893, clip=0.156, loss_scale=1.000, optim_step_time=2.604e-04, optim0_lr0=1.000, train_time=0.008
[dbi-lab-server] 2026-05-06 16:36:15,782 (trainer:799) INFO: 1epoch:train:60953-64160batch: iter_time=4.650e-05, forward_time=0.004, loss=2.327, backward_time=0.001, grad_norm=0.903, clip=0.499, loss_scale=1.000, optim_step_time=2.570e-04, optim0_lr0=1.000, train_time=0.008
[dbi-lab-server] 2026-05-06 16:36:55,578 (trainer:381) INFO: 1epoch results: [train] iter_time=4.698e-05, forward_time=0.004, loss=2.445, backward_time=0.001, grad_norm=0.933, clip=0.441, loss_scale=1.000, optim_step_time=2.570e-04, optim0_lr0=1.000, train_time=0.008, time=8 minutes and 26.49 seconds, total_count=64173, gpu_max_cached_mem_GB=0.965, [valid] loss=2.355, time=38.98 seconds, total_count=8953, gpu_max_cached_mem_GB=0.965, [att_plot] time=0.43 seconds, total_count=0, gpu_max_cached_mem_GB=0.965
[dbi-lab-server] 2026-05-06 16:36:57,723 (trainer:449) INFO: The best model has been updated: train.loss, valid.loss
[dbi-lab-server] 2026-05-06 16:36:57,724 (trainer:311) INFO: 2/40epoch started. Estimated time to finish: 5 hours, 56 minutes and 14.59 seconds
[dbi-lab-server] 2026-05-06 16:37:23,249 (trainer:799) INFO: 2epoch:train:1-3208batch: iter_time=6.334e-05, forward_time=0.004, loss=2.311, backward_time=0.001, grad_norm=0.902, clip=0.436, loss_scale=1.000, optim_step_time=2.689e-04, optim0_lr0=1.000, train_time=0.008
[dbi-lab-server] 2026-05-06 16:37:48,483 (trainer:799) INFO: 2epoch:train:3209-6416batch: iter_time=4.920e-05, forward_time=0.004, loss=2.305, backward_time=0.001, grad_norm=0.880, clip=0.281, loss_scale=1.000, optim_step_time=2.571e-04, optim0_lr0=1.000, train_time=0.008
[dbi-lab-server] 2026-05-06 16:38:13,838 (trainer:799) INFO: 2epoch:train:6417-9624batch: iter_time=4.769e-05, forward_time=0.004, loss=2.298, backward_time=0.001, grad_norm=0.879, clip=0.374, loss_scale=1.000, optim_step_time=2.689e-04, optim0_lr0=1.000, train_time=0.008
[dbi-lab-server] 2026-05-06 16:38:38,798 (trainer:799) INFO: 2epoch:train:9625-12832batch: iter_time=4.734e-05, forward_time=0.004, loss=2.309, backward_time=0.001, grad_norm=0.895, clip=0.405, loss_scale=1.000, optim_step_time=2.529e-04, optim0_lr0=1.000, train_time=0.008
[dbi-lab-server] 2026-05-06 16:39:04,350 (trainer:799) INFO: 2epoch:train:12833-16040batch: iter_time=4.625e-05, forward_time=0.004, loss=2.302, backward_time=0.001, grad_norm=0.896, clip=0.343, loss_scale=1.000, optim_step_time=2.619e-04, optim0_lr0=1.000, train_time=0.008
[dbi-lab-server] 2026-05-06 16:39:30,308 (trainer:799) INFO: 2epoch:train:16041-19248batch: iter_time=4.646e-05, forward_time=0.004, loss=2.298, backward_time=0.001, grad_norm=0.889, clip=0.499, loss_scale=1.000, optim_step_time=2.590e-04, optim0_lr0=1.000, train_time=0.008
[dbi-lab-server] 2026-05-06 16:39:56,080 (trainer:799) INFO: 2epoch:train:19249-22456batch: iter_time=4.668e-05, forward_time=0.004, loss=2.296, backward_time=0.001, grad_norm=0.878, clip=0.343, loss_scale=1.000, optim_step_time=2.632e-04, optim0_lr0=1.000, train_time=0.008
[dbi-lab-server] 2026-05-06 16:40:21,666 (trainer:799) INFO: 2epoch:train:22457-25664batch: iter_time=4.554e-05, forward_time=0.004, loss=2.295, backward_time=0.001, grad_norm=0.875, clip=0.374, loss_scale=1.000, optim_step_time=2.519e-04, optim0_lr0=1.000, train_time=0.008
[dbi-lab-server] 2026-05-06 16:40:47,013 (trainer:799) INFO: 2epoch:train:25665-28872batch: iter_time=4.621e-05, forward_time=0.004, loss=2.297, backward_time=0.001, grad_norm=0.866, clip=0.312, loss_scale=1.000, optim_step_time=2.533e-04, optim0_lr0=1.000, train_time=0.008
[dbi-lab-server] 2026-05-06 16:41:12,108 (trainer:799) INFO: 2epoch:train:28873-32080batch: iter_time=4.718e-05, forward_time=0.004, loss=2.290, backward_time=0.001, grad_norm=0.879, clip=0.281, loss_scale=1.000, optim_step_time=2.656e-04, optim0_lr0=1.000, train_time=0.008
[dbi-lab-server] 2026-05-06 16:41:37,438 (trainer:799) INFO: 2epoch:train:32081-35288batch: iter_time=4.608e-05, forward_time=0.004, loss=2.286, backward_time=0.001, grad_norm=0.887, clip=0.312, loss_scale=1.000, optim_step_time=2.604e-04, optim0_lr0=1.000, train_time=0.008
[dbi-lab-server] 2026-05-06 16:42:02,649 (trainer:799) INFO: 2epoch:train:35289-38496batch: iter_time=4.499e-05, forward_time=0.004, loss=2.292, backward_time=0.001, grad_norm=0.877, clip=0.249, loss_scale=1.000, optim_step_time=2.626e-04, optim0_lr0=1.000, train_time=0.008
[dbi-lab-server] 2026-05-06 16:42:27,599 (trainer:799) INFO: 2epoch:train:38497-41704batch: iter_time=4.644e-05, forward_time=0.004, loss=2.292, backward_time=0.001, grad_norm=0.889, clip=0.405, loss_scale=1.000, optim_step_time=2.544e-04, optim0_lr0=1.000, train_time=0.008
[dbi-lab-server] 2026-05-06 16:42:52,859 (trainer:799) INFO: 2epoch:train:41705-44912batch: iter_time=4.647e-05, forward_time=0.004, loss=2.287, backward_time=0.001, grad_norm=0.880, clip=0.187, loss_scale=1.000, optim_step_time=2.599e-04, optim0_lr0=1.000, train_time=0.008
[dbi-lab-server] 2026-05-06 16:43:18,009 (trainer:799) INFO: 2epoch:train:44913-48120batch: iter_time=4.641e-05, forward_time=0.004, loss=2.285, backward_time=0.001, grad_norm=0.882, clip=0.374, loss_scale=1.000, optim_step_time=2.556e-04, optim0_lr0=1.000, train_time=0.008
[dbi-lab-server] 2026-05-06 16:43:43,323 (trainer:799) INFO: 2epoch:train:48121-51328batch: iter_time=4.875e-05, forward_time=0.004, loss=2.288, backward_time=0.001, grad_norm=0.885, clip=0.374, loss_scale=1.000, optim_step_time=2.605e-04, optim0_lr0=1.000, train_time=0.008
[dbi-lab-server] 2026-05-06 16:44:08,550 (trainer:799) INFO: 2epoch:train:51329-54536batch: iter_time=4.495e-05, forward_time=0.004, loss=2.276, backward_time=0.001, grad_norm=0.865, clip=0.218, loss_scale=1.000, optim_step_time=2.593e-04, optim0_lr0=1.000, train_time=0.008
[dbi-lab-server] 2026-05-06 16:44:33,485 (trainer:799) INFO: 2epoch:train:54537-57744batch: iter_time=4.665e-05, forward_time=0.004, loss=2.285, backward_time=0.001, grad_norm=0.886, clip=0.405, loss_scale=1.000, optim_step_time=2.556e-04, optim0_lr0=1.000, train_time=0.008
[dbi-lab-server] 2026-05-06 16:44:58,634 (trainer:799) INFO: 2epoch:train:57745-60952batch: iter_time=4.598e-05, forward_time=0.004, loss=2.280, backward_time=0.001, grad_norm=0.879, clip=0.374, loss_scale=1.000, optim_step_time=2.647e-04, optim0_lr0=1.000, train_time=0.008
[dbi-lab-server] 2026-05-06 16:45:23,745 (trainer:799) INFO: 2epoch:train:60953-64160batch: iter_time=4.608e-05, forward_time=0.004, loss=2.274, backward_time=0.001, grad_norm=0.870, clip=0.249, loss_scale=1.000, optim_step_time=2.580e-04, optim0_lr0=1.000, train_time=0.008
[dbi-lab-server] 2026-05-06 16:46:01,978 (trainer:381) INFO: 2epoch results: [train] iter_time=4.743e-05, forward_time=0.004, loss=2.292, backward_time=0.001, grad_norm=0.882, clip=0.340, loss_scale=1.000, optim_step_time=2.597e-04, optim0_lr0=1.000, train_time=0.008, time=8 minutes and 26.42 seconds, total_count=128346, gpu_max_cached_mem_GB=0.965, [valid] loss=2.294, time=37.72 seconds, total_count=17906, gpu_max_cached_mem_GB=0.965, [att_plot] time=0.09 seconds, total_count=0, gpu_max_cached_mem_GB=0.965
[dbi-lab-server] 2026-05-06 16:46:03,956 (trainer:449) INFO: The best model has been updated: train.loss, valid.loss
[dbi-lab-server] 2026-05-06 16:46:03,956 (trainer:311) INFO: 3/40epoch started. Estimated time to finish: 5 hours, 46 minutes and 31.68 seconds
[dbi-lab-server] 2026-05-06 16:46:28,394 (trainer:799) INFO: 3epoch:train:1-3208batch: iter_time=6.353e-05, forward_time=0.004, loss=2.257, backward_time=0.001, grad_norm=0.882, clip=0.249, loss_scale=1.000, optim_step_time=2.506e-04, optim0_lr0=1.000, train_time=0.008
[dbi-lab-server] 2026-05-06 16:46:53,320 (trainer:799) INFO: 3epoch:train:3209-6416batch: iter_time=4.766e-05, forward_time=0.004, loss=2.260, backward_time=0.001, grad_norm=0.885, clip=0.312, loss_scale=1.000, optim_step_time=2.524e-04, optim0_lr0=1.000, train_time=0.008
[dbi-lab-server] 2026-05-06 16:47:18,522 (trainer:799) INFO: 3epoch:train:6417-9624batch: iter_time=4.642e-05, forward_time=0.004, loss=2.259, backward_time=0.001, grad_norm=0.886, clip=0.374, loss_scale=1.000, optim_step_time=2.653e-04, optim0_lr0=1.000, train_time=0.008
[dbi-lab-server] 2026-05-06 16:47:43,713 (trainer:799) INFO: 3epoch:train:9625-12832batch: iter_time=4.486e-05, forward_time=0.004, loss=2.266, backward_time=0.001, grad_norm=0.892, clip=0.281, loss_scale=1.000, optim_step_time=2.522e-04, optim0_lr0=1.000, train_time=0.008
[dbi-lab-server] 2026-05-06 16:48:08,980 (trainer:799) INFO: 3epoch:train:12833-16040batch: iter_time=4.556e-05, forward_time=0.004, loss=2.255, backward_time=0.001, grad_norm=0.891, clip=0.281, loss_scale=1.000, optim_step_time=2.651e-04, optim0_lr0=1.000, train_time=0.008
[dbi-lab-server] 2026-05-06 16:48:39,999 (trainer:799) INFO: 3epoch:train:16041-19248batch: iter_time=4.618e-05, forward_time=0.005, loss=2.258, backward_time=0.001, grad_norm=0.890, clip=0.281, loss_scale=1.000, optim_step_time=2.695e-04, optim0_lr0=1.000, train_time=0.010
[dbi-lab-server] 2026-05-06 16:49:11,329 (trainer:799) INFO: 3epoch:train:19249-22456batch: iter_time=4.535e-05, forward_time=0.005, loss=2.263, backward_time=0.002, grad_norm=0.871, clip=0.094, loss_scale=1.000, optim_step_time=2.820e-04, optim0_lr0=1.000, train_time=0.010
[dbi-lab-server] 2026-05-06 16:49:37,101 (trainer:799) INFO: 3epoch:train:22457-25664batch: iter_time=4.415e-05, forward_time=0.004, loss=2.266, backward_time=0.001, grad_norm=0.887, clip=0.281, loss_scale=1.000, optim_step_time=2.720e-04, optim0_lr0=1.000, train_time=0.008
[dbi-lab-server] 2026-05-06 16:50:02,577 (trainer:799) INFO: 3epoch:train:25665-28872batch: iter_time=4.393e-05, forward_time=0.004, loss=2.258, backward_time=0.001, grad_norm=0.886, clip=0.343, loss_scale=1.000, optim_step_time=2.604e-04, optim0_lr0=1.000, train_time=0.008
[dbi-lab-server] 2026-05-06 16:50:28,089 (trainer:799) INFO: 3epoch:train:28873-32080batch: iter_time=4.477e-05, forward_time=0.004, loss=2.261, backward_time=0.001, grad_norm=0.879, clip=0.405, loss_scale=1.000, optim_step_time=2.655e-04, optim0_lr0=1.000, train_time=0.008
[dbi-lab-server] 2026-05-06 16:50:52,979 (trainer:799) INFO: 3epoch:train:32081-35288batch: iter_time=4.456e-05, forward_time=0.004, loss=2.261, backward_time=0.001, grad_norm=0.886, clip=0.374, loss_scale=1.000, optim_step_time=2.566e-04, optim0_lr0=1.000, train_time=0.008
[dbi-lab-server] 2026-05-06 16:51:18,227 (trainer:799) INFO: 3epoch:train:35289-38496batch: iter_time=4.402e-05, forward_time=0.004, loss=2.263, backward_time=0.001, grad_norm=0.876, clip=0.281, loss_scale=1.000, optim_step_time=2.617e-04, optim0_lr0=1.000, train_time=0.008
[dbi-lab-server] 2026-05-06 16:51:43,922 (trainer:799) INFO: 3epoch:train:38497-41704batch: iter_time=4.336e-05, forward_time=0.004, loss=2.258, backward_time=0.001, grad_norm=0.880, clip=0.281, loss_scale=1.000, optim_step_time=2.649e-04, optim0_lr0=1.000, train_time=0.008
[dbi-lab-server] 2026-05-06 16:52:09,430 (trainer:799) INFO: 3epoch:train:41705-44912batch: iter_time=4.259e-05, forward_time=0.004, loss=2.261, backward_time=0.001, grad_norm=0.884, clip=0.312, loss_scale=1.000, optim_step_time=2.623e-04, optim0_lr0=1.000, train_time=0.008
[dbi-lab-server] 2026-05-06 16:52:34,805 (trainer:799) INFO: 3epoch:train:44913-48120batch: iter_time=4.395e-05, forward_time=0.004, loss=2.258, backward_time=0.001, grad_norm=0.882, clip=0.312, loss_scale=1.000, optim_step_time=2.661e-04, optim0_lr0=1.000, train_time=0.008
[dbi-lab-server] 2026-05-06 16:52:59,943 (trainer:799) INFO: 3epoch:train:48121-51328batch: iter_time=4.432e-05, forward_time=0.004, loss=2.254, backward_time=0.001, grad_norm=0.883, clip=0.468, loss_scale=1.000, optim_step_time=2.670e-04, optim0_lr0=1.000, train_time=0.008
[dbi-lab-server] 2026-05-06 16:53:25,303 (trainer:799) INFO: 3epoch:train:51329-54536batch: iter_time=4.320e-05, forward_time=0.004, loss=2.255, backward_time=0.001, grad_norm=0.861, clip=0.125, loss_scale=1.000, optim_step_time=2.650e-04, optim0_lr0=1.000, train_time=0.008
[dbi-lab-server] 2026-05-06 16:53:50,247 (trainer:799) INFO: 3epoch:train:54537-57744batch: iter_time=4.428e-05, forward_time=0.004, loss=2.257, backward_time=0.001, grad_norm=0.878, clip=0.249, loss_scale=1.000, optim_step_time=2.637e-04, optim0_lr0=1.000, train_time=0.008
[dbi-lab-server] 2026-05-06 16:54:15,344 (trainer:799) INFO: 3epoch:train:57745-60952batch: iter_time=4.314e-05, forward_time=0.004, loss=2.261, backward_time=0.001, grad_norm=0.894, clip=0.468, loss_scale=1.000, optim_step_time=2.620e-04, optim0_lr0=1.000, train_time=0.008
[dbi-lab-server] 2026-05-06 16:54:40,351 (trainer:799) INFO: 3epoch:train:60953-64160batch: iter_time=4.431e-05, forward_time=0.004, loss=2.256, backward_time=0.001, grad_norm=0.885, clip=0.468, loss_scale=1.000, optim_step_time=2.714e-04, optim0_lr0=1.000, train_time=0.008
[dbi-lab-server] 2026-05-06 16:55:18,424 (trainer:381) INFO: 3epoch results: [train] iter_time=4.551e-05, forward_time=0.004, loss=2.259, backward_time=0.001, grad_norm=0.883, clip=0.312, loss_scale=1.000, optim_step_time=2.638e-04, optim0_lr0=1.000, train_time=0.008, time=8 minutes and 36.79 seconds, total_count=192519, gpu_max_cached_mem_GB=0.965, [valid] loss=2.272, time=37.56 seconds, total_count=26859, gpu_max_cached_mem_GB=0.965, [att_plot] time=0.1 seconds, total_count=0, gpu_max_cached_mem_GB=0.965
[dbi-lab-server] 2026-05-06 16:55:21,110 (trainer:449) INFO: The best model has been updated: train.loss, valid.loss
[dbi-lab-server] 2026-05-06 16:55:21,110 (trainer:311) INFO: 4/40epoch started. Estimated time to finish: 5 hours, 39 minutes and 27.92 seconds
[dbi-lab-server] 2026-05-06 16:55:46,153 (trainer:799) INFO: 4epoch:train:1-3208batch: iter_time=5.870e-05, forward_time=0.004, loss=2.230, backward_time=0.001, grad_norm=0.892, clip=0.405, loss_scale=1.000, optim_step_time=2.619e-04, optim0_lr0=1.000, train_time=0.008
[dbi-lab-server] 2026-05-06 16:56:11,146 (trainer:799) INFO: 4epoch:train:3209-6416batch: iter_time=4.603e-05, forward_time=0.004, loss=2.235, backward_time=0.001, grad_norm=0.877, clip=0.343, loss_scale=1.000, optim_step_time=2.632e-04, optim0_lr0=1.000, train_time=0.008
[dbi-lab-server] 2026-05-06 16:56:36,312 (trainer:799) INFO: 4epoch:train:6417-9624batch: iter_time=4.513e-05, forward_time=0.004, loss=2.234, backward_time=0.001, grad_norm=0.887, clip=0.468, loss_scale=1.000, optim_step_time=2.626e-04, optim0_lr0=1.000, train_time=0.008
[dbi-lab-server] 2026-05-06 16:57:01,493 (trainer:799) INFO: 4epoch:train:9625-12832batch: iter_time=4.443e-05, forward_time=0.004, loss=2.236, backward_time=0.001, grad_norm=0.880, clip=0.343, loss_scale=1.000, optim_step_time=2.644e-04, optim0_lr0=1.000, train_time=0.008
[dbi-lab-server] 2026-05-06 16:57:26,739 (trainer:799) INFO: 4epoch:train:12833-16040batch: iter_time=4.419e-05, forward_time=0.004, loss=2.240, backward_time=0.001, grad_norm=0.887, clip=0.374, loss_scale=1.000, optim_step_time=2.693e-04, optim0_lr0=1.000, train_time=0.008
[dbi-lab-server] 2026-05-06 16:57:52,388 (trainer:799) INFO: 4epoch:train:16041-19248batch: iter_time=4.360e-05, forward_time=0.004, loss=2.240, backward_time=0.001, grad_norm=0.894, clip=0.499, loss_scale=1.000, optim_step_time=2.775e-04, optim0_lr0=1.000, train_time=0.008
[dbi-lab-server] 2026-05-06 16:58:17,616 (trainer:799) INFO: 4epoch:train:19249-22456batch: iter_time=4.505e-05, forward_time=0.004, loss=2.236, backward_time=0.001, grad_norm=0.893, clip=0.436, loss_scale=1.000, optim_step_time=2.668e-04, optim0_lr0=1.000, train_time=0.008
[dbi-lab-server] 2026-05-06 16:58:42,750 (trainer:799) INFO: 4epoch:train:22457-25664batch: iter_time=4.473e-05, forward_time=0.004, loss=2.240, backward_time=0.001, grad_norm=0.878, clip=0.343, loss_scale=1.000, optim_step_time=2.659e-04, optim0_lr0=1.000, train_time=0.008
[dbi-lab-server] 2026-05-06 16:59:07,828 (trainer:799) INFO: 4epoch:train:25665-28872batch: iter_time=4.482e-05, forward_time=0.004, loss=2.248, backward_time=0.001, grad_norm=0.888, clip=0.530, loss_scale=1.000, optim_step_time=2.721e-04, optim0_lr0=1.000, train_time=0.008
[dbi-lab-server] 2026-05-06 16:59:32,707 (trainer:799) INFO: 4epoch:train:28873-32080batch: iter_time=4.375e-05, forward_time=0.004, loss=2.242, backward_time=0.001, grad_norm=0.890, clip=0.374, loss_scale=1.000, optim_step_time=2.618e-04, optim0_lr0=1.000, train_time=0.008
[dbi-lab-server] 2026-05-06 16:59:58,326 (trainer:799) INFO: 4epoch:train:32081-35288batch: iter_time=4.523e-05, forward_time=0.004, loss=2.250, backward_time=0.001, grad_norm=0.889, clip=0.436, loss_scale=1.000, optim_step_time=2.757e-04, optim0_lr0=1.000, train_time=0.008
[dbi-lab-server] 2026-05-06 17:00:23,296 (trainer:799) INFO: 4epoch:train:35289-38496batch: iter_time=4.415e-05, forward_time=0.004, loss=2.247, backward_time=0.001, grad_norm=0.891, clip=0.374, loss_scale=1.000, optim_step_time=2.615e-04, optim0_lr0=1.000, train_time=0.008
[dbi-lab-server] 2026-05-06 17:00:48,223 (trainer:799) INFO: 4epoch:train:38497-41704batch: iter_time=4.568e-05, forward_time=0.004, loss=2.249, backward_time=0.001, grad_norm=0.895, clip=0.374, loss_scale=1.000, optim_step_time=2.625e-04, optim0_lr0=1.000, train_time=0.008
[dbi-lab-server] 2026-05-06 17:01:13,298 (trainer:799) INFO: 4epoch:train:41705-44912batch: iter_time=4.334e-05, forward_time=0.004, loss=2.247, backward_time=0.001, grad_norm=0.899, clip=0.374, loss_scale=1.000, optim_step_time=2.707e-04, optim0_lr0=1.000, train_time=0.008
[dbi-lab-server] 2026-05-06 17:01:38,302 (trainer:799) INFO: 4epoch:train:44913-48120batch: iter_time=4.507e-05, forward_time=0.004, loss=2.249, backward_time=0.001, grad_norm=0.898, clip=0.436, loss_scale=1.000, optim_step_time=2.672e-04, optim0_lr0=1.000, train_time=0.008
[dbi-lab-server] 2026-05-06 17:02:04,006 (trainer:799) INFO: 4epoch:train:48121-51328batch: iter_time=4.414e-05, forward_time=0.004, loss=2.252, backward_time=0.001, grad_norm=0.894, clip=0.312, loss_scale=1.000, optim_step_time=2.754e-04, optim0_lr0=1.000, train_time=0.008
[dbi-lab-server] 2026-05-06 17:02:29,296 (trainer:799) INFO: 4epoch:train:51329-54536batch: iter_time=4.375e-05, forward_time=0.004, loss=2.246, backward_time=0.001, grad_norm=0.881, clip=0.281, loss_scale=1.000, optim_step_time=2.719e-04, optim0_lr0=1.000, train_time=0.008
[dbi-lab-server] 2026-05-06 17:02:54,814 (trainer:799) INFO: 4epoch:train:54537-57744batch: iter_time=4.446e-05, forward_time=0.004, loss=2.243, backward_time=0.001, grad_norm=0.900, clip=0.468, loss_scale=1.000, optim_step_time=2.826e-04, optim0_lr0=1.000, train_time=0.008
[dbi-lab-server] 2026-05-06 17:03:19,974 (trainer:799) INFO: 4epoch:train:57745-60952batch: iter_time=4.440e-05, forward_time=0.004, loss=2.248, backward_time=0.001, grad_norm=0.873, clip=0.312, loss_scale=1.000, optim_step_time=2.673e-04, optim0_lr0=1.000, train_time=0.008
[dbi-lab-server] 2026-05-06 17:03:45,369 (trainer:799) INFO: 4epoch:train:60953-64160batch: iter_time=4.533e-05, forward_time=0.004, loss=2.244, backward_time=0.001, grad_norm=0.885, clip=0.405, loss_scale=1.000, optim_step_time=2.685e-04, optim0_lr0=1.000, train_time=0.008
[dbi-lab-server] 2026-05-06 17:04:24,417 (trainer:381) INFO: 4epoch results: [train] iter_time=4.530e-05, forward_time=0.004, loss=2.243, backward_time=0.001, grad_norm=0.888, clip=0.394, loss_scale=1.000, optim_step_time=2.684e-04, optim0_lr0=1.000, train_time=0.008, time=8 minutes and 24.67 seconds, total_count=256692, gpu_max_cached_mem_GB=0.965, [valid] loss=2.272, time=38.52 seconds, total_count=35812, gpu_max_cached_mem_GB=0.965, [att_plot] time=0.11 seconds, total_count=0, gpu_max_cached_mem_GB=0.965
[dbi-lab-server] 2026-05-06 17:04:28,792 (trainer:449) INFO: The best model has been updated: train.loss
[dbi-lab-server] 2026-05-06 17:04:28,867 (trainer:311) INFO: 5/40epoch started. Estimated time to finish: 5 hours, 29 minutes and 52.89 seconds
[dbi-lab-server] 2026-05-06 17:04:54,187 (trainer:799) INFO: 5epoch:train:1-3208batch: iter_time=5.663e-05, forward_time=0.004, loss=2.220, backward_time=0.001, grad_norm=0.887, clip=0.468, loss_scale=1.000, optim_step_time=2.668e-04, optim0_lr0=1.000, train_time=0.008
[dbi-lab-server] 2026-05-06 17:05:19,715 (trainer:799) INFO: 5epoch:train:3209-6416batch: iter_time=4.693e-05, forward_time=0.004, loss=2.218, backward_time=0.001, grad_norm=0.885, clip=0.374, loss_scale=1.000, optim_step_time=2.698e-04, optim0_lr0=1.000, train_time=0.008
[dbi-lab-server] 2026-05-06 17:05:45,003 (trainer:799) INFO: 5epoch:train:6417-9624batch: iter_time=4.601e-05, forward_time=0.004, loss=2.229, backward_time=0.001, grad_norm=0.888, clip=0.405, loss_scale=1.000, optim_step_time=2.584e-04, optim0_lr0=1.000, train_time=0.008
[dbi-lab-server] 2026-05-06 17:06:10,305 (trainer:799) INFO: 5epoch:train:9625-12832batch: iter_time=4.579e-05, forward_time=0.004, loss=2.231, backward_time=0.001, grad_norm=0.896, clip=0.312, loss_scale=1.000, optim_step_time=2.688e-04, optim0_lr0=1.000, train_time=0.008
[dbi-lab-server] 2026-05-06 17:06:35,775 (trainer:799) INFO: 5epoch:train:12833-16040batch: iter_time=4.398e-05, forward_time=0.004, loss=2.229, backward_time=0.001, grad_norm=0.903, clip=0.468, loss_scale=1.000, optim_step_time=2.640e-04, optim0_lr0=1.000, train_time=0.008
[dbi-lab-server] 2026-05-06 17:07:01,419 (trainer:799) INFO: 5epoch:train:16041-19248batch: iter_time=4.413e-05, forward_time=0.004, loss=2.228, backward_time=0.001, grad_norm=0.896, clip=0.436, loss_scale=1.000, optim_step_time=2.671e-04, optim0_lr0=1.000, train_time=0.008
[dbi-lab-server] 2026-05-06 17:07:27,016 (trainer:799) INFO: 5epoch:train:19249-22456batch: iter_time=4.375e-05, forward_time=0.004, loss=2.229, backward_time=0.001, grad_norm=0.899, clip=0.374, loss_scale=1.000, optim_step_time=2.657e-04, optim0_lr0=1.000, train_time=0.008
[dbi-lab-server] 2026-05-06 17:07:52,118 (trainer:799) INFO: 5epoch:train:22457-25664batch: iter_time=4.378e-05, forward_time=0.004, loss=2.239, backward_time=0.001, grad_norm=0.909, clip=0.530, loss_scale=1.000, optim_step_time=2.562e-04, optim0_lr0=1.000, train_time=0.008
[dbi-lab-server] 2026-05-06 17:08:17,001 (trainer:799) INFO: 5epoch:train:25665-28872batch: iter_time=4.491e-05, forward_time=0.004, loss=2.236, backward_time=0.001, grad_norm=0.902, clip=0.436, loss_scale=1.000, optim_step_time=2.623e-04, optim0_lr0=1.000, train_time=0.008
[dbi-lab-server] 2026-05-06 17:08:42,754 (trainer:799) INFO: 5epoch:train:28873-32080batch: iter_time=4.466e-05, forward_time=0.004, loss=2.239, backward_time=0.001, grad_norm=0.910, clip=0.343, loss_scale=1.000, optim_step_time=2.681e-04, optim0_lr0=1.000, train_time=0.008
[dbi-lab-server] 2026-05-06 17:09:07,724 (trainer:799) INFO: 5epoch:train:32081-35288batch: iter_time=4.429e-05, forward_time=0.004, loss=2.238, backward_time=0.001, grad_norm=0.898, clip=0.218, loss_scale=1.000, optim_step_time=2.538e-04, optim0_lr0=1.000, train_time=0.008
[dbi-lab-server] 2026-05-06 17:09:32,975 (trainer:799) INFO: 5epoch:train:35289-38496batch: iter_time=4.222e-05, forward_time=0.004, loss=2.232, backward_time=0.001, grad_norm=0.879, clip=0.468, loss_scale=1.000, optim_step_time=2.624e-04, optim0_lr0=1.000, train_time=0.008
[dbi-lab-server] 2026-05-06 17:09:58,328 (trainer:799) INFO: 5epoch:train:38497-41704batch: iter_time=4.329e-05, forward_time=0.004, loss=2.236, backward_time=0.001, grad_norm=0.894, clip=0.468, loss_scale=1.000, optim_step_time=2.632e-04, optim0_lr0=1.000, train_time=0.008
[dbi-lab-server] 2026-05-06 17:10:23,981 (trainer:799) INFO: 5epoch:train:41705-44912batch: iter_time=4.605e-05, forward_time=0.004, loss=2.232, backward_time=0.001, grad_norm=0.884, clip=0.374, loss_scale=1.000, optim_step_time=2.728e-04, optim0_lr0=1.000, train_time=0.008
[dbi-lab-server] 2026-05-06 17:10:49,037 (trainer:799) INFO: 5epoch:train:44913-48120batch: iter_time=4.238e-05, forward_time=0.004, loss=2.237, backward_time=0.001, grad_norm=0.901, clip=0.343, loss_scale=1.000, optim_step_time=2.525e-04, optim0_lr0=1.000, train_time=0.008
[dbi-lab-server] 2026-05-06 17:11:13,987 (trainer:799) INFO: 5epoch:train:48121-51328batch: iter_time=4.278e-05, forward_time=0.004, loss=2.238, backward_time=0.001, grad_norm=0.886, clip=0.312, loss_scale=1.000, optim_step_time=2.558e-04, optim0_lr0=1.000, train_time=0.008
[dbi-lab-server] 2026-05-06 17:11:38,985 (trainer:799) INFO: 5epoch:train:51329-54536batch: iter_time=4.313e-05, forward_time=0.004, loss=2.232, backward_time=0.001, grad_norm=0.880, clip=0.374, loss_scale=1.000, optim_step_time=2.558e-04, optim0_lr0=1.000, train_time=0.008
[dbi-lab-server] 2026-05-06 17:12:04,013 (trainer:799) INFO: 5epoch:train:54537-57744batch: iter_time=4.411e-05, forward_time=0.004, loss=2.242, backward_time=0.001, grad_norm=0.892, clip=0.281, loss_scale=1.000, optim_step_time=2.607e-04, optim0_lr0=1.000, train_time=0.008
[dbi-lab-server] 2026-05-06 17:12:29,221 (trainer:799) INFO: 5epoch:train:57745-60952batch: iter_time=4.502e-05, forward_time=0.004, loss=2.239, backward_time=0.001, grad_norm=0.893, clip=0.249, loss_scale=1.000, optim_step_time=2.523e-04, optim0_lr0=1.000, train_time=0.008
[dbi-lab-server] 2026-05-06 17:12:54,655 (trainer:799) INFO: 5epoch:train:60953-64160batch: iter_time=4.434e-05, forward_time=0.004, loss=2.243, backward_time=0.001, grad_norm=0.895, clip=0.499, loss_scale=1.000, optim_step_time=2.647e-04, optim0_lr0=1.000, train_time=0.008
[dbi-lab-server] 2026-05-06 17:13:33,581 (trainer:381) INFO: 5epoch results: [train] iter_time=4.491e-05, forward_time=0.004, loss=2.233, backward_time=0.001, grad_norm=0.894, clip=0.386, loss_scale=1.000, optim_step_time=2.621e-04, optim0_lr0=1.000, train_time=0.008, time=8 minutes and 26.19 seconds, total_count=320865, gpu_max_cached_mem_GB=0.965, [valid] loss=2.281, time=38.42 seconds, total_count=44765, gpu_max_cached_mem_GB=0.965, [att_plot] time=0.1 seconds, total_count=0, gpu_max_cached_mem_GB=0.965
[dbi-lab-server] 2026-05-06 17:13:35,592 (trainer:449) INFO: The best model has been updated: train.loss
[dbi-lab-server] 2026-05-06 17:13:35,593 (trainer:311) INFO: 6/40epoch started. Estimated time to finish: 5 hours, 20 minutes and 21.55 seconds
[dbi-lab-server] 2026-05-06 17:14:00,973 (trainer:799) INFO: 6epoch:train:1-3208batch: iter_time=6.004e-05, forward_time=0.004, loss=2.206, backward_time=0.001, grad_norm=0.884, clip=0.468, loss_scale=1.000, optim_step_time=2.728e-04, optim0_lr0=1.000, train_time=0.008
[dbi-lab-server] 2026-05-06 17:14:26,510 (trainer:799) INFO: 6epoch:train:3209-6416batch: iter_time=4.632e-05, forward_time=0.004, loss=2.210, backward_time=0.001, grad_norm=0.899, clip=0.530, loss_scale=1.000, optim_step_time=2.689e-04, optim0_lr0=1.000, train_time=0.008
[dbi-lab-server] 2026-05-06 17:14:51,977 (trainer:799) INFO: 6epoch:train:6417-9624batch: iter_time=4.482e-05, forward_time=0.004, loss=2.216, backward_time=0.001, grad_norm=0.891, clip=0.312, loss_scale=1.000, optim_step_time=2.692e-04, optim0_lr0=1.000, train_time=0.008
[dbi-lab-server] 2026-05-06 17:15:17,178 (trainer:799) INFO: 6epoch:train:9625-12832batch: iter_time=4.418e-05, forward_time=0.004, loss=2.223, backward_time=0.001, grad_norm=0.906, clip=0.374, loss_scale=1.000, optim_step_time=2.627e-04, optim0_lr0=1.000, train_time=0.008
[dbi-lab-server] 2026-05-06 17:15:42,761 (trainer:799) INFO: 6epoch:train:12833-16040batch: iter_time=4.345e-05, forward_time=0.004, loss=2.224, backward_time=0.001, grad_norm=0.894, clip=0.343, loss_scale=1.000, optim_step_time=2.613e-04, optim0_lr0=1.000, train_time=0.008
[dbi-lab-server] 2026-05-06 17:16:07,957 (trainer:799) INFO: 6epoch:train:16041-19248batch: iter_time=4.420e-05, forward_time=0.004, loss=2.226, backward_time=0.001, grad_norm=0.922, clip=0.561, loss_scale=1.000, optim_step_time=2.633e-04, optim0_lr0=1.000, train_time=0.008
[dbi-lab-server] 2026-05-06 17:16:33,168 (trainer:799) INFO: 6epoch:train:19249-22456batch: iter_time=4.373e-05, forward_time=0.004, loss=2.233, backward_time=0.001, grad_norm=0.910, clip=0.499, loss_scale=1.000, optim_step_time=2.611e-04, optim0_lr0=1.000, train_time=0.008
[dbi-lab-server] 2026-05-06 17:16:58,480 (trainer:799) INFO: 6epoch:train:22457-25664batch: iter_time=4.433e-05, forward_time=0.004, loss=2.227, backward_time=0.001, grad_norm=0.899, clip=0.374, loss_scale=1.000, optim_step_time=2.687e-04, optim0_lr0=1.000, train_time=0.008
[dbi-lab-server] 2026-05-06 17:17:24,219 (trainer:799) INFO: 6epoch:train:25665-28872batch: iter_time=4.361e-05, forward_time=0.004, loss=2.224, backward_time=0.001, grad_norm=0.892, clip=0.343, loss_scale=1.000, optim_step_time=2.675e-04, optim0_lr0=1.000, train_time=0.008
[dbi-lab-server] 2026-05-06 17:17:49,983 (trainer:799) INFO: 6epoch:train:28873-32080batch: iter_time=4.518e-05, forward_time=0.004, loss=2.227, backward_time=0.001, grad_norm=0.898, clip=0.468, loss_scale=1.000, optim_step_time=2.713e-04, optim0_lr0=1.000, train_time=0.008
[dbi-lab-server] 2026-05-06 17:18:15,418 (trainer:799) INFO: 6epoch:train:32081-35288batch: iter_time=4.478e-05, forward_time=0.004, loss=2.236, backward_time=0.001, grad_norm=0.909, clip=0.405, loss_scale=1.000, optim_step_time=2.611e-04, optim0_lr0=1.000, train_time=0.008
[dbi-lab-server] 2026-05-06 17:18:40,592 (trainer:799) INFO: 6epoch:train:35289-38496batch: iter_time=4.425e-05, forward_time=0.004, loss=2.233, backward_time=0.001, grad_norm=0.905, clip=0.561, loss_scale=1.000, optim_step_time=2.595e-04, optim0_lr0=1.000, train_time=0.008
[dbi-lab-server] 2026-05-06 17:19:05,574 (trainer:799) INFO: 6epoch:train:38497-41704batch: iter_time=4.414e-05, forward_time=0.004, loss=2.233, backward_time=0.001, grad_norm=0.911, clip=0.468, loss_scale=1.000, optim_step_time=2.601e-04, optim0_lr0=1.000, train_time=0.008
[dbi-lab-server] 2026-05-06 17:19:31,023 (trainer:799) INFO: 6epoch:train:41705-44912batch: iter_time=4.436e-05, forward_time=0.004, loss=2.235, backward_time=0.001, grad_norm=0.900, clip=0.405, loss_scale=1.000, optim_step_time=2.692e-04, optim0_lr0=1.000, train_time=0.008
[dbi-lab-server] 2026-05-06 17:19:55,925 (trainer:799) INFO: 6epoch:train:44913-48120batch: iter_time=4.458e-05, forward_time=0.004, loss=2.232, backward_time=0.001, grad_norm=0.893, clip=0.312, loss_scale=1.000, optim_step_time=2.605e-04, optim0_lr0=1.000, train_time=0.008
[dbi-lab-server] 2026-05-06 17:20:21,317 (trainer:799) INFO: 6epoch:train:48121-51328batch: iter_time=4.347e-05, forward_time=0.004, loss=2.231, backward_time=0.001, grad_norm=0.892, clip=0.468, loss_scale=1.000, optim_step_time=2.687e-04, optim0_lr0=1.000, train_time=0.008
[dbi-lab-server] 2026-05-06 17:20:46,760 (trainer:799) INFO: 6epoch:train:51329-54536batch: iter_time=4.430e-05, forward_time=0.004, loss=2.228, backward_time=0.001, grad_norm=0.901, clip=0.405, loss_scale=1.000, optim_step_time=2.680e-04, optim0_lr0=1.000, train_time=0.008
[dbi-lab-server] 2026-05-06 17:21:12,028 (trainer:799) INFO: 6epoch:train:54537-57744batch: iter_time=4.389e-05, forward_time=0.004, loss=2.234, backward_time=0.001, grad_norm=0.898, clip=0.374, loss_scale=1.000, optim_step_time=2.614e-04, optim0_lr0=1.000, train_time=0.008
[dbi-lab-server] 2026-05-06 17:21:37,285 (trainer:799) INFO: 6epoch:train:57745-60952batch: iter_time=4.375e-05, forward_time=0.004, loss=2.229, backward_time=0.001, grad_norm=0.881, clip=0.374, loss_scale=1.000, optim_step_time=2.596e-04, optim0_lr0=1.000, train_time=0.008
[dbi-lab-server] 2026-05-06 17:22:02,795 (trainer:799) INFO: 6epoch:train:60953-64160batch: iter_time=4.353e-05, forward_time=0.004, loss=2.231, backward_time=0.001, grad_norm=0.898, clip=0.374, loss_scale=1.000, optim_step_time=2.639e-04, optim0_lr0=1.000, train_time=0.008
[dbi-lab-server] 2026-05-06 17:22:41,131 (trainer:381) INFO: 6epoch results: [train] iter_time=4.504e-05, forward_time=0.004, loss=2.227, backward_time=0.001, grad_norm=0.899, clip=0.421, loss_scale=1.000, optim_step_time=2.649e-04, optim0_lr0=1.000, train_time=0.008, time=8 minutes and 27.59 seconds, total_count=385038, gpu_max_cached_mem_GB=0.965, [valid] loss=2.285, time=37.84 seconds, total_count=53718, gpu_max_cached_mem_GB=0.965, [att_plot] time=0.09 seconds, total_count=0, gpu_max_cached_mem_GB=0.965
[dbi-lab-server] 2026-05-06 17:22:43,270 (trainer:449) INFO: The best model has been updated: train.loss
[dbi-lab-server] 2026-05-06 17:22:43,271 (trainer:311) INFO: 7/40epoch started. Estimated time to finish: 5 hours, 11 minutes and 3.81 seconds
[dbi-lab-server] 2026-05-06 17:23:08,593 (trainer:799) INFO: 7epoch:train:1-3208batch: iter_time=6.051e-05, forward_time=0.004, loss=2.208, backward_time=0.001, grad_norm=0.906, clip=0.592, loss_scale=1.000, optim_step_time=2.748e-04, optim0_lr0=1.000, train_time=0.008
[dbi-lab-server] 2026-05-06 17:23:33,338 (trainer:799) INFO: 7epoch:train:3209-6416batch: iter_time=4.564e-05, forward_time=0.004, loss=2.209, backward_time=0.001, grad_norm=0.894, clip=0.405, loss_scale=1.000, optim_step_time=2.495e-04, optim0_lr0=1.000, train_time=0.008
[dbi-lab-server] 2026-05-06 17:23:58,187 (trainer:799) INFO: 7epoch:train:6417-9624batch: iter_time=4.375e-05, forward_time=0.004, loss=2.214, backward_time=0.001, grad_norm=0.909, clip=0.436, loss_scale=1.000, optim_step_time=2.507e-04, optim0_lr0=1.000, train_time=0.008
[dbi-lab-server] 2026-05-06 17:24:23,164 (trainer:799) INFO: 7epoch:train:9625-12832batch: iter_time=4.374e-05, forward_time=0.004, loss=2.213, backward_time=0.001, grad_norm=0.898, clip=0.374, loss_scale=1.000, optim_step_time=2.506e-04, optim0_lr0=1.000, train_time=0.008
[dbi-lab-server] 2026-05-06 17:24:47,708 (trainer:799) INFO: 7epoch:train:12833-16040batch: iter_time=4.386e-05, forward_time=0.004, loss=2.220, backward_time=0.001, grad_norm=0.916, clip=0.623, loss_scale=1.000, optim_step_time=2.508e-04, optim0_lr0=1.000, train_time=0.008
[dbi-lab-server] 2026-05-06 17:25:12,427 (trainer:799) INFO: 7epoch:train:16041-19248batch: iter_time=4.305e-05, forward_time=0.004, loss=2.222, backward_time=0.001, grad_norm=0.910, clip=0.530, loss_scale=1.000, optim_step_time=2.528e-04, optim0_lr0=1.000, train_time=0.008
[dbi-lab-server] 2026-05-06 17:25:37,492 (trainer:799) INFO: 7epoch:train:19249-22456batch: iter_time=4.320e-05, forward_time=0.004, loss=2.219, backward_time=0.001, grad_norm=0.922, clip=0.499, loss_scale=1.000, optim_step_time=2.548e-04, optim0_lr0=1.000, train_time=0.008
[dbi-lab-server] 2026-05-06 17:26:02,371 (trainer:799) INFO: 7epoch:train:22457-25664batch: iter_time=4.298e-05, forward_time=0.004, loss=2.219, backward_time=0.001, grad_norm=0.905, clip=0.374, loss_scale=1.000, optim_step_time=2.552e-04, optim0_lr0=1.000, train_time=0.008
[dbi-lab-server] 2026-05-06 17:26:27,129 (trainer:799) INFO: 7epoch:train:25665-28872batch: iter_time=4.397e-05, forward_time=0.004, loss=2.227, backward_time=0.001, grad_norm=0.905, clip=0.436, loss_scale=1.000, optim_step_time=2.576e-04, optim0_lr0=1.000, train_time=0.008
[dbi-lab-server] 2026-05-06 17:26:51,817 (trainer:799) INFO: 7epoch:train:28873-32080batch: iter_time=4.390e-05, forward_time=0.004, loss=2.222, backward_time=0.001, grad_norm=0.899, clip=0.343, loss_scale=1.000, optim_step_time=2.572e-04, optim0_lr0=1.000, train_time=0.008
[dbi-lab-server] 2026-05-06 17:27:16,587 (trainer:799) INFO: 7epoch:train:32081-35288batch: iter_time=4.372e-05, forward_time=0.004, loss=2.228, backward_time=0.001, grad_norm=0.905, clip=0.561, loss_scale=1.000, optim_step_time=2.548e-04, optim0_lr0=1.000, train_time=0.008
[dbi-lab-server] 2026-05-06 17:27:41,612 (trainer:799) INFO: 7epoch:train:35289-38496batch: iter_time=4.478e-05, forward_time=0.004, loss=2.227, backward_time=0.001, grad_norm=0.914, clip=0.499, loss_scale=1.000, optim_step_time=2.647e-04, optim0_lr0=1.000, train_time=0.008
[dbi-lab-server] 2026-05-06 17:28:06,499 (trainer:799) INFO: 7epoch:train:38497-41704batch: iter_time=4.406e-05, forward_time=0.004, loss=2.225, backward_time=0.001, grad_norm=0.904, clip=0.499, loss_scale=1.000, optim_step_time=2.612e-04, optim0_lr0=1.000, train_time=0.008
[dbi-lab-server] 2026-05-06 17:28:31,880 (trainer:799) INFO: 7epoch:train:41705-44912batch: iter_time=4.307e-05, forward_time=0.004, loss=2.228, backward_time=0.001, grad_norm=0.912, clip=0.686, loss_scale=1.000, optim_step_time=2.664e-04, optim0_lr0=1.000, train_time=0.008
[dbi-lab-server] 2026-05-06 17:28:56,989 (trainer:799) INFO: 7epoch:train:44913-48120batch: iter_time=4.365e-05, forward_time=0.004, loss=2.220, backward_time=0.001, grad_norm=0.907, clip=0.405, loss_scale=1.000, optim_step_time=2.640e-04, optim0_lr0=1.000, train_time=0.008
[dbi-lab-server] 2026-05-06 17:29:22,279 (trainer:799) INFO: 7epoch:train:48121-51328batch: iter_time=4.350e-05, forward_time=0.004, loss=2.232, backward_time=0.001, grad_norm=0.918, clip=0.592, loss_scale=1.000, optim_step_time=2.693e-04, optim0_lr0=1.000, train_time=0.008
[dbi-lab-server] 2026-05-06 17:29:47,520 (trainer:799) INFO: 7epoch:train:51329-54536batch: iter_time=4.266e-05, forward_time=0.004, loss=2.229, backward_time=0.001, grad_norm=0.910, clip=0.530, loss_scale=1.000, optim_step_time=2.609e-04, optim0_lr0=1.000, train_time=0.008
[dbi-lab-server] 2026-05-06 17:30:12,717 (trainer:799) INFO: 7epoch:train:54537-57744batch: iter_time=4.213e-05, forward_time=0.004, loss=2.232, backward_time=0.001, grad_norm=0.888, clip=0.312, loss_scale=1.000, optim_step_time=2.631e-04, optim0_lr0=1.000, train_time=0.008
[dbi-lab-server] 2026-05-06 17:30:37,925 (trainer:799) INFO: 7epoch:train:57745-60952batch: iter_time=4.366e-05, forward_time=0.004, loss=2.232, backward_time=0.001, grad_norm=0.902, clip=0.530, loss_scale=1.000, optim_step_time=2.597e-04, optim0_lr0=1.000, train_time=0.008
[dbi-lab-server] 2026-05-06 17:31:03,290 (trainer:799) INFO: 7epoch:train:60953-64160batch: iter_time=4.497e-05, forward_time=0.004, loss=2.228, backward_time=0.001, grad_norm=0.897, clip=0.436, loss_scale=1.000, optim_step_time=2.719e-04, optim0_lr0=1.000, train_time=0.008
[dbi-lab-server] 2026-05-06 17:31:42,240 (trainer:381) INFO: 7epoch results: [train] iter_time=4.454e-05, forward_time=0.004, loss=2.223, backward_time=0.001, grad_norm=0.906, clip=0.483, loss_scale=1.000, optim_step_time=2.595e-04, optim0_lr0=1.000, train_time=0.008, time=8 minutes and 20.42 seconds, total_count=449211, gpu_max_cached_mem_GB=0.965, [valid] loss=2.312, time=38.44 seconds, total_count=62671, gpu_max_cached_mem_GB=0.965, [att_plot] time=0.09 seconds, total_count=0, gpu_max_cached_mem_GB=0.965
[dbi-lab-server] 2026-05-06 17:31:44,247 (trainer:449) INFO: The best model has been updated: train.loss
[dbi-lab-server] 2026-05-06 17:31:44,248 (trainer:311) INFO: 8/40epoch started. Estimated time to finish: 5 hours, 1 minute and 17.36 seconds
[dbi-lab-server] 2026-05-06 17:32:10,205 (trainer:799) INFO: 8epoch:train:1-3208batch: iter_time=6.095e-05, forward_time=0.004, loss=2.197, backward_time=0.001, grad_norm=0.890, clip=0.374, loss_scale=1.000, optim_step_time=2.615e-04, optim0_lr0=1.000, train_time=0.008
[dbi-lab-server] 2026-05-06 17:32:35,800 (trainer:799) INFO: 8epoch:train:3209-6416batch: iter_time=4.497e-05, forward_time=0.004, loss=2.203, backward_time=0.001, grad_norm=0.903, clip=0.499, loss_scale=1.000, optim_step_time=2.583e-04, optim0_lr0=1.000, train_time=0.008
[dbi-lab-server] 2026-05-06 17:33:01,381 (trainer:799) INFO: 8epoch:train:6417-9624batch: iter_time=4.343e-05, forward_time=0.004, loss=2.212, backward_time=0.001, grad_norm=0.925, clip=0.499, loss_scale=1.000, optim_step_time=2.584e-04, optim0_lr0=1.000, train_time=0.008
[dbi-lab-server] 2026-05-06 17:33:26,634 (trainer:799) INFO: 8epoch:train:9625-12832batch: iter_time=4.304e-05, forward_time=0.004, loss=2.221, backward_time=0.001, grad_norm=0.922, clip=0.499, loss_scale=1.000, optim_step_time=2.574e-04, optim0_lr0=1.000, train_time=0.008
[dbi-lab-server] 2026-05-06 17:33:52,241 (trainer:799) INFO: 8epoch:train:12833-16040batch: iter_time=4.264e-05, forward_time=0.004, loss=2.218, backward_time=0.001, grad_norm=0.922, clip=0.499, loss_scale=1.000, optim_step_time=2.588e-04, optim0_lr0=1.000, train_time=0.008
[dbi-lab-server] 2026-05-06 17:34:17,687 (trainer:799) INFO: 8epoch:train:16041-19248batch: iter_time=4.341e-05, forward_time=0.004, loss=2.222, backward_time=0.001, grad_norm=0.923, clip=0.468, loss_scale=1.000, optim_step_time=2.613e-04, optim0_lr0=1.000, train_time=0.008
[dbi-lab-server] 2026-05-06 17:34:43,203 (trainer:799) INFO: 8epoch:train:19249-22456batch: iter_time=4.308e-05, forward_time=0.004, loss=2.217, backward_time=0.001, grad_norm=0.916, clip=0.686, loss_scale=1.000, optim_step_time=2.566e-04, optim0_lr0=1.000, train_time=0.008
[dbi-lab-server] 2026-05-06 17:35:08,437 (trainer:799) INFO: 8epoch:train:22457-25664batch: iter_time=4.194e-05, forward_time=0.004, loss=2.219, backward_time=0.001, grad_norm=0.910, clip=0.436, loss_scale=1.000, optim_step_time=2.537e-04, optim0_lr0=1.000, train_time=0.008
[dbi-lab-server] 2026-05-06 17:35:33,744 (trainer:799) INFO: 8epoch:train:25665-28872batch: iter_time=4.426e-05, forward_time=0.004, loss=2.219, backward_time=0.001, grad_norm=0.920, clip=0.592, loss_scale=1.000, optim_step_time=2.655e-04, optim0_lr0=1.000, train_time=0.008
[dbi-lab-server] 2026-05-06 17:35:59,482 (trainer:799) INFO: 8epoch:train:28873-32080batch: iter_time=4.385e-05, forward_time=0.004, loss=2.222, backward_time=0.001, grad_norm=0.907, clip=0.374, loss_scale=1.000, optim_step_time=2.579e-04, optim0_lr0=1.000, train_time=0.008
[dbi-lab-server] 2026-05-06 17:36:25,338 (trainer:799) INFO: 8epoch:train:32081-35288batch: iter_time=4.212e-05, forward_time=0.004, loss=2.225, backward_time=0.001, grad_norm=0.915, clip=0.436, loss_scale=1.000, optim_step_time=2.576e-04, optim0_lr0=1.000, train_time=0.008
[dbi-lab-server] 2026-05-06 17:36:51,645 (trainer:799) INFO: 8epoch:train:35289-38496batch: iter_time=4.446e-05, forward_time=0.004, loss=2.228, backward_time=0.001, grad_norm=0.918, clip=0.405, loss_scale=1.000, optim_step_time=2.631e-04, optim0_lr0=1.000, train_time=0.008
[dbi-lab-server] 2026-05-06 17:37:18,272 (trainer:799) INFO: 8epoch:train:38497-41704batch: iter_time=4.376e-05, forward_time=0.004, loss=2.226, backward_time=0.001, grad_norm=0.913, clip=0.374, loss_scale=1.000, optim_step_time=2.667e-04, optim0_lr0=1.000, train_time=0.008
[dbi-lab-server] 2026-05-06 17:37:44,647 (trainer:799) INFO: 8epoch:train:41705-44912batch: iter_time=4.415e-05, forward_time=0.004, loss=2.230, backward_time=0.001, grad_norm=0.930, clip=0.561, loss_scale=1.000, optim_step_time=2.624e-04, optim0_lr0=1.000, train_time=0.008
[dbi-lab-server] 2026-05-06 17:38:10,832 (trainer:799) INFO: 8epoch:train:44913-48120batch: iter_time=4.389e-05, forward_time=0.004, loss=2.224, backward_time=0.001, grad_norm=0.913, clip=0.405, loss_scale=1.000, optim_step_time=2.629e-04, optim0_lr0=1.000, train_time=0.008
[dbi-lab-server] 2026-05-06 17:38:37,387 (trainer:799) INFO: 8epoch:train:48121-51328batch: iter_time=4.399e-05, forward_time=0.004, loss=2.226, backward_time=0.001, grad_norm=0.920, clip=0.561, loss_scale=1.000, optim_step_time=2.605e-04, optim0_lr0=1.000, train_time=0.008
[dbi-lab-server] 2026-05-06 17:39:03,908 (trainer:799) INFO: 8epoch:train:51329-54536batch: iter_time=4.375e-05, forward_time=0.004, loss=2.229, backward_time=0.001, grad_norm=0.926, clip=0.655, loss_scale=1.000, optim_step_time=2.620e-04, optim0_lr0=1.000, train_time=0.008
[dbi-lab-server] 2026-05-06 17:39:30,258 (trainer:799) INFO: 8epoch:train:54537-57744batch: iter_time=4.448e-05, forward_time=0.004, loss=2.234, backward_time=0.001, grad_norm=0.909, clip=0.312, loss_scale=1.000, optim_step_time=2.647e-04, optim0_lr0=1.000, train_time=0.008
[dbi-lab-server] 2026-05-06 17:39:56,521 (trainer:799) INFO: 8epoch:train:57745-60952batch: iter_time=4.481e-05, forward_time=0.004, loss=2.231, backward_time=0.001, grad_norm=0.910, clip=0.468, loss_scale=1.000, optim_step_time=2.638e-04, optim0_lr0=1.000, train_time=0.008
[dbi-lab-server] 2026-05-06 17:40:22,814 (trainer:799) INFO: 8epoch:train:60953-64160batch: iter_time=4.515e-05, forward_time=0.004, loss=2.231, backward_time=0.001, grad_norm=0.914, clip=0.468, loss_scale=1.000, optim_step_time=2.703e-04, optim0_lr0=1.000, train_time=0.008
[dbi-lab-server] 2026-05-06 17:41:03,199 (trainer:381) INFO: 8epoch results: [train] iter_time=4.461e-05, forward_time=0.004, loss=2.222, backward_time=0.001, grad_norm=0.915, clip=0.478, loss_scale=1.000, optim_step_time=2.612e-04, optim0_lr0=1.000, train_time=0.008, time=8 minutes and 38.98 seconds, total_count=513384, gpu_max_cached_mem_GB=0.965, [valid] loss=2.279, time=39.85 seconds, total_count=71624, gpu_max_cached_mem_GB=0.965, [att_plot] time=0.1 seconds, total_count=0, gpu_max_cached_mem_GB=0.965
[dbi-lab-server] 2026-05-06 17:41:05,407 (trainer:449) INFO: The best model has been updated: train.loss
[dbi-lab-server] 2026-05-06 17:41:05,410 (trainer:311) INFO: 9/40epoch started. Estimated time to finish: 4 hours, 53 minutes and 3.01 seconds
[dbi-lab-server] 2026-05-06 17:41:31,498 (trainer:799) INFO: 9epoch:train:1-3208batch: iter_time=6.153e-05, forward_time=0.004, loss=2.203, backward_time=0.001, grad_norm=0.907, clip=0.343, loss_scale=1.000, optim_step_time=2.708e-04, optim0_lr0=1.000, train_time=0.008
[dbi-lab-server] 2026-05-06 17:41:57,441 (trainer:799) INFO: 9epoch:train:3209-6416batch: iter_time=4.806e-05, forward_time=0.004, loss=2.211, backward_time=0.001, grad_norm=0.927, clip=0.530, loss_scale=1.000, optim_step_time=2.698e-04, optim0_lr0=1.000, train_time=0.008
[dbi-lab-server] 2026-05-06 17:42:23,124 (trainer:799) INFO: 9epoch:train:6417-9624batch: iter_time=4.547e-05, forward_time=0.004, loss=2.208, backward_time=0.001, grad_norm=0.924, clip=0.499, loss_scale=1.000, optim_step_time=2.692e-04, optim0_lr0=1.000, train_time=0.008
[dbi-lab-server] 2026-05-06 17:42:49,328 (trainer:799) INFO: 9epoch:train:9625-12832batch: iter_time=4.441e-05, forward_time=0.004, loss=2.212, backward_time=0.001, grad_norm=0.921, clip=0.499, loss_scale=1.000, optim_step_time=2.644e-04, optim0_lr0=1.000, train_time=0.008
[dbi-lab-server] 2026-05-06 17:43:14,895 (trainer:799) INFO: 9epoch:train:12833-16040batch: iter_time=4.370e-05, forward_time=0.004, loss=2.215, backward_time=0.001, grad_norm=0.923, clip=0.592, loss_scale=1.000, optim_step_time=2.630e-04, optim0_lr0=1.000, train_time=0.008
[dbi-lab-server] 2026-05-06 17:43:41,318 (trainer:799) INFO: 9epoch:train:16041-19248batch: iter_time=4.398e-05, forward_time=0.004, loss=2.223, backward_time=0.001, grad_norm=0.931, clip=0.530, loss_scale=1.000, optim_step_time=2.630e-04, optim0_lr0=1.000, train_time=0.008
[dbi-lab-server] 2026-05-06 17:44:07,203 (trainer:799) INFO: 9epoch:train:19249-22456batch: iter_time=4.371e-05, forward_time=0.004, loss=2.217, backward_time=0.001, grad_norm=0.918, clip=0.499, loss_scale=1.000, optim_step_time=2.683e-04, optim0_lr0=1.000, train_time=0.008
[dbi-lab-server] 2026-05-06 17:44:33,318 (trainer:799) INFO: 9epoch:train:22457-25664batch: iter_time=4.536e-05, forward_time=0.004, loss=2.224, backward_time=0.001, grad_norm=0.949, clip=0.623, loss_scale=1.000, optim_step_time=2.701e-04, optim0_lr0=1.000, train_time=0.008
[dbi-lab-server] 2026-05-06 17:44:59,049 (trainer:799) INFO: 9epoch:train:25665-28872batch: iter_time=4.472e-05, forward_time=0.004, loss=2.216, backward_time=0.001, grad_norm=0.925, clip=0.436, loss_scale=1.000, optim_step_time=2.717e-04, optim0_lr0=1.000, train_time=0.008
[dbi-lab-server] 2026-05-06 17:45:24,387 (trainer:799) INFO: 9epoch:train:28873-32080batch: iter_time=4.394e-05, forward_time=0.004, loss=2.225, backward_time=0.001, grad_norm=0.926, clip=0.468, loss_scale=1.000, optim_step_time=2.593e-04, optim0_lr0=1.000, train_time=0.008
[dbi-lab-server] 2026-05-06 17:45:49,450 (trainer:799) INFO: 9epoch:train:32081-35288batch: iter_time=4.416e-05, forward_time=0.004, loss=2.220, backward_time=0.001, grad_norm=0.926, clip=0.561, loss_scale=1.000, optim_step_time=2.603e-04, optim0_lr0=1.000, train_time=0.008
[dbi-lab-server] 2026-05-06 17:46:14,498 (trainer:799) INFO: 9epoch:train:35289-38496batch: iter_time=4.495e-05, forward_time=0.004, loss=2.227, backward_time=0.001, grad_norm=0.935, clip=0.530, loss_scale=1.000, optim_step_time=2.601e-04, optim0_lr0=1.000, train_time=0.008
[dbi-lab-server] 2026-05-06 17:46:39,544 (trainer:799) INFO: 9epoch:train:38497-41704batch: iter_time=4.409e-05, forward_time=0.004, loss=2.231, backward_time=0.001, grad_norm=0.930, clip=0.530, loss_scale=1.000, optim_step_time=2.616e-04, optim0_lr0=1.000, train_time=0.008
[dbi-lab-server] 2026-05-06 17:47:04,975 (trainer:799) INFO: 9epoch:train:41705-44912batch: iter_time=4.403e-05, forward_time=0.004, loss=2.227, backward_time=0.001, grad_norm=0.927, clip=0.530, loss_scale=1.000, optim_step_time=2.643e-04, optim0_lr0=1.000, train_time=0.008
[dbi-lab-server] 2026-05-06 17:47:30,248 (trainer:799) INFO: 9epoch:train:44913-48120batch: iter_time=4.366e-05, forward_time=0.004, loss=2.231, backward_time=0.001, grad_norm=0.936, clip=0.561, loss_scale=1.000, optim_step_time=2.665e-04, optim0_lr0=1.000, train_time=0.008
[dbi-lab-server] 2026-05-06 17:47:55,511 (trainer:799) INFO: 9epoch:train:48121-51328batch: iter_time=4.496e-05, forward_time=0.004, loss=2.232, backward_time=0.001, grad_norm=0.934, clip=0.592, loss_scale=1.000, optim_step_time=2.626e-04, optim0_lr0=1.000, train_time=0.008
[dbi-lab-server] 2026-05-06 17:48:20,491 (trainer:799) INFO: 9epoch:train:51329-54536batch: iter_time=4.452e-05, forward_time=0.004, loss=2.231, backward_time=0.001, grad_norm=0.909, clip=0.281, loss_scale=1.000, optim_step_time=2.594e-04, optim0_lr0=1.000, train_time=0.008
[dbi-lab-server] 2026-05-06 17:48:45,676 (trainer:799) INFO: 9epoch:train:54537-57744batch: iter_time=4.330e-05, forward_time=0.004, loss=2.232, backward_time=0.001, grad_norm=0.918, clip=0.468, loss_scale=1.000, optim_step_time=2.619e-04, optim0_lr0=1.000, train_time=0.008
[dbi-lab-server] 2026-05-06 17:49:10,843 (trainer:799) INFO: 9epoch:train:57745-60952batch: iter_time=4.355e-05, forward_time=0.004, loss=2.228, backward_time=0.001, grad_norm=0.924, clip=0.623, loss_scale=1.000, optim_step_time=2.612e-04, optim0_lr0=1.000, train_time=0.008
[dbi-lab-server] 2026-05-06 17:49:36,052 (trainer:799) INFO: 9epoch:train:60953-64160batch: iter_time=4.486e-05, forward_time=0.004, loss=2.235, backward_time=0.001, grad_norm=0.924, clip=0.468, loss_scale=1.000, optim_step_time=2.663e-04, optim0_lr0=1.000, train_time=0.008
[dbi-lab-server] 2026-05-06 17:50:13,861 (trainer:381) INFO: 9epoch results: [train] iter_time=4.535e-05, forward_time=0.004, loss=2.222, backward_time=0.001, grad_norm=0.926, clip=0.508, loss_scale=1.000, optim_step_time=2.647e-04, optim0_lr0=1.000, train_time=0.008, time=8 minutes and 31.05 seconds, total_count=577557, gpu_max_cached_mem_GB=0.965, [valid] loss=2.287, time=37.29 seconds, total_count=80577, gpu_max_cached_mem_GB=0.965, [att_plot] time=0.09 seconds, total_count=0, gpu_max_cached_mem_GB=0.965
[dbi-lab-server] 2026-05-06 17:50:19,420 (trainer:447) INFO: There are no improvements in this epoch
[dbi-lab-server] 2026-05-06 17:50:19,625 (trainer:311) INFO: 10/40epoch started. Estimated time to finish: 4 hours, 44 minutes and 9.89 seconds
[dbi-lab-server] 2026-05-06 17:50:44,754 (trainer:799) INFO: 10epoch:train:1-3208batch: iter_time=6.117e-05, forward_time=0.004, loss=2.199, backward_time=0.001, grad_norm=0.921, clip=0.592, loss_scale=1.000, optim_step_time=2.633e-04, optim0_lr0=1.000, train_time=0.008
[dbi-lab-server] 2026-05-06 17:51:09,739 (trainer:799) INFO: 10epoch:train:3209-6416batch: iter_time=4.577e-05, forward_time=0.004, loss=2.209, backward_time=0.001, grad_norm=0.928, clip=0.655, loss_scale=1.000, optim_step_time=2.609e-04, optim0_lr0=1.000, train_time=0.008
[dbi-lab-server] 2026-05-06 17:51:34,604 (trainer:799) INFO: 10epoch:train:6417-9624batch: iter_time=4.567e-05, forward_time=0.004, loss=2.218, backward_time=0.001, grad_norm=0.950, clip=0.499, loss_scale=1.000, optim_step_time=2.558e-04, optim0_lr0=1.000, train_time=0.008
[dbi-lab-server] 2026-05-06 17:51:59,696 (trainer:799) INFO: 10epoch:train:9625-12832batch: iter_time=4.244e-05, forward_time=0.004, loss=2.216, backward_time=0.001, grad_norm=0.953, clip=0.623, loss_scale=1.000, optim_step_time=2.574e-04, optim0_lr0=1.000, train_time=0.008
[dbi-lab-server] 2026-05-06 17:52:24,829 (trainer:799) INFO: 10epoch:train:12833-16040batch: iter_time=4.303e-05, forward_time=0.004, loss=2.210, backward_time=0.001, grad_norm=0.929, clip=0.499, loss_scale=1.000, optim_step_time=2.615e-04, optim0_lr0=1.000, train_time=0.008
[dbi-lab-server] 2026-05-06 17:52:49,784 (trainer:799) INFO: 10epoch:train:16041-19248batch: iter_time=4.491e-05, forward_time=0.004, loss=2.223, backward_time=0.001, grad_norm=0.925, clip=0.468, loss_scale=1.000, optim_step_time=2.639e-04, optim0_lr0=1.000, train_time=0.008
[dbi-lab-server] 2026-05-06 17:53:14,976 (trainer:799) INFO: 10epoch:train:19249-22456batch: iter_time=4.349e-05, forward_time=0.004, loss=2.217, backward_time=0.001, grad_norm=0.932, clip=0.623, loss_scale=1.000, optim_step_time=2.599e-04, optim0_lr0=1.000, train_time=0.008
[dbi-lab-server] 2026-05-06 17:53:40,353 (trainer:799) INFO: 10epoch:train:22457-25664batch: iter_time=4.348e-05, forward_time=0.004, loss=2.219, backward_time=0.001, grad_norm=0.931, clip=0.499, loss_scale=1.000, optim_step_time=2.592e-04, optim0_lr0=1.000, train_time=0.008
[dbi-lab-server] 2026-05-06 17:54:05,550 (trainer:799) INFO: 10epoch:train:25665-28872batch: iter_time=4.402e-05, forward_time=0.004, loss=2.226, backward_time=0.001, grad_norm=0.935, clip=0.561, loss_scale=1.000, optim_step_time=2.629e-04, optim0_lr0=1.000, train_time=0.008
[dbi-lab-server] 2026-05-06 17:54:30,847 (trainer:799) INFO: 10epoch:train:28873-32080batch: iter_time=4.450e-05, forward_time=0.004, loss=2.227, backward_time=0.001, grad_norm=0.948, clip=0.592, loss_scale=1.000, optim_step_time=2.685e-04, optim0_lr0=1.000, train_time=0.008
[dbi-lab-server] 2026-05-06 17:54:56,204 (trainer:799) INFO: 10epoch:train:32081-35288batch: iter_time=4.354e-05, forward_time=0.004, loss=2.225, backward_time=0.001, grad_norm=0.935, clip=0.499, loss_scale=1.000, optim_step_time=2.663e-04, optim0_lr0=1.000, train_time=0.008
[dbi-lab-server] 2026-05-06 17:55:21,419 (trainer:799) INFO: 10epoch:train:35289-38496batch: iter_time=4.414e-05, forward_time=0.004, loss=2.223, backward_time=0.001, grad_norm=0.934, clip=0.561, loss_scale=1.000, optim_step_time=2.674e-04, optim0_lr0=1.000, train_time=0.008
[dbi-lab-server] 2026-05-06 17:55:47,061 (trainer:799) INFO: 10epoch:train:38497-41704batch: iter_time=4.426e-05, forward_time=0.004, loss=2.235, backward_time=0.001, grad_norm=0.943, clip=0.499, loss_scale=1.000, optim_step_time=2.662e-04, optim0_lr0=1.000, train_time=0.008
[dbi-lab-server] 2026-05-06 17:56:13,392 (trainer:799) INFO: 10epoch:train:41705-44912batch: iter_time=4.392e-05, forward_time=0.004, loss=2.222, backward_time=0.001, grad_norm=0.914, clip=0.436, loss_scale=1.000, optim_step_time=2.717e-04, optim0_lr0=1.000, train_time=0.008
[dbi-lab-server] 2026-05-06 17:56:39,854 (trainer:799) INFO: 10epoch:train:44913-48120batch: iter_time=4.450e-05, forward_time=0.004, loss=2.239, backward_time=0.001, grad_norm=0.942, clip=0.468, loss_scale=1.000, optim_step_time=2.647e-04, optim0_lr0=1.000, train_time=0.008
[dbi-lab-server] 2026-05-06 17:57:07,772 (trainer:799) INFO: 10epoch:train:48121-51328batch: iter_time=4.430e-05, forward_time=0.004, loss=2.230, backward_time=0.001, grad_norm=0.927, clip=0.374, loss_scale=1.000, optim_step_time=2.684e-04, optim0_lr0=1.000, train_time=0.009
[dbi-lab-server] 2026-05-06 17:57:34,361 (trainer:799) INFO: 10epoch:train:51329-54536batch: iter_time=4.338e-05, forward_time=0.004, loss=2.229, backward_time=0.001, grad_norm=0.932, clip=0.561, loss_scale=1.000, optim_step_time=2.637e-04, optim0_lr0=1.000, train_time=0.008
[dbi-lab-server] 2026-05-06 17:58:05,975 (trainer:799) INFO: 10epoch:train:54537-57744batch: iter_time=4.572e-05, forward_time=0.005, loss=2.232, backward_time=0.001, grad_norm=0.935, clip=0.374, loss_scale=1.000, optim_step_time=2.728e-04, optim0_lr0=1.000, train_time=0.010
[dbi-lab-server] 2026-05-06 17:58:40,019 (trainer:799) INFO: 10epoch:train:57745-60952batch: iter_time=4.613e-05, forward_time=0.005, loss=2.242, backward_time=0.002, grad_norm=0.956, clip=0.810, loss_scale=1.000, optim_step_time=2.746e-04, optim0_lr0=1.000, train_time=0.011
[dbi-lab-server] 2026-05-06 17:59:06,390 (trainer:799) INFO: 10epoch:train:60953-64160batch: iter_time=4.386e-05, forward_time=0.004, loss=2.238, backward_time=0.001, grad_norm=0.941, clip=0.468, loss_scale=1.000, optim_step_time=2.705e-04, optim0_lr0=1.000, train_time=0.008
[dbi-lab-server] 2026-05-06 17:59:45,241 (trainer:381) INFO: 10epoch results: [train] iter_time=4.511e-05, forward_time=0.004, loss=2.224, backward_time=0.001, grad_norm=0.936, clip=0.533, loss_scale=1.000, optim_step_time=2.650e-04, optim0_lr0=1.000, train_time=0.008, time=8 minutes and 47.14 seconds, total_count=641730, gpu_max_cached_mem_GB=0.965, [valid] loss=2.286, time=38.36 seconds, total_count=89530, gpu_max_cached_mem_GB=0.965, [att_plot] time=0.09 seconds, total_count=0, gpu_max_cached_mem_GB=0.965
[dbi-lab-server] 2026-05-06 17:59:50,888 (trainer:447) INFO: There are no improvements in this epoch
[dbi-lab-server] 2026-05-06 17:59:50,890 (trainer:311) INFO: 11/40epoch started. Estimated time to finish: 4 hours, 36 minutes and 3.7 seconds
[dbi-lab-server] 2026-05-06 18:00:16,280 (trainer:799) INFO: 11epoch:train:1-3208batch: iter_time=6.015e-05, forward_time=0.004, loss=2.200, backward_time=0.001, grad_norm=0.927, clip=0.530, loss_scale=1.000, optim_step_time=2.689e-04, optim0_lr0=1.000, train_time=0.008
[dbi-lab-server] 2026-05-06 18:00:41,554 (trainer:799) INFO: 11epoch:train:3209-6416batch: iter_time=4.694e-05, forward_time=0.004, loss=2.201, backward_time=0.001, grad_norm=0.930, clip=0.343, loss_scale=1.000, optim_step_time=2.678e-04, optim0_lr0=1.000, train_time=0.008
[dbi-lab-server] 2026-05-06 18:01:06,414 (trainer:799) INFO: 11epoch:train:6417-9624batch: iter_time=4.505e-05, forward_time=0.004, loss=2.210, backward_time=0.001, grad_norm=0.949, clip=0.748, loss_scale=1.000, optim_step_time=2.622e-04, optim0_lr0=1.000, train_time=0.008
[dbi-lab-server] 2026-05-06 18:01:31,233 (trainer:799) INFO: 11epoch:train:9625-12832batch: iter_time=4.368e-05, forward_time=0.004, loss=2.216, backward_time=0.001, grad_norm=0.933, clip=0.530, loss_scale=1.000, optim_step_time=2.571e-04, optim0_lr0=1.000, train_time=0.008
[dbi-lab-server] 2026-05-06 18:01:56,545 (trainer:799) INFO: 11epoch:train:12833-16040batch: iter_time=4.426e-05, forward_time=0.004, loss=2.215, backward_time=0.001, grad_norm=0.938, clip=0.686, loss_scale=1.000, optim_step_time=2.662e-04, optim0_lr0=1.000, train_time=0.008
[dbi-lab-server] 2026-05-06 18:02:21,927 (trainer:799) INFO: 11epoch:train:16041-19248batch: iter_time=4.416e-05, forward_time=0.004, loss=2.216, backward_time=0.001, grad_norm=0.942, clip=0.592, loss_scale=1.000, optim_step_time=2.665e-04, optim0_lr0=1.000, train_time=0.008
[dbi-lab-server] 2026-05-06 18:02:47,089 (trainer:799) INFO: 11epoch:train:19249-22456batch: iter_time=4.305e-05, forward_time=0.004, loss=2.220, backward_time=0.001, grad_norm=0.932, clip=0.374, loss_scale=1.000, optim_step_time=2.622e-04, optim0_lr0=1.000, train_time=0.008
[dbi-lab-server] 2026-05-06 18:03:12,187 (trainer:799) INFO: 11epoch:train:22457-25664batch: iter_time=4.426e-05, forward_time=0.004, loss=2.228, backward_time=0.001, grad_norm=0.949, clip=0.623, loss_scale=1.000, optim_step_time=2.629e-04, optim0_lr0=1.000, train_time=0.008
[dbi-lab-server] 2026-05-06 18:03:37,291 (trainer:799) INFO: 11epoch:train:25665-28872batch: iter_time=4.292e-05, forward_time=0.004, loss=2.221, backward_time=0.001, grad_norm=0.944, clip=0.655, loss_scale=1.000, optim_step_time=2.579e-04, optim0_lr0=1.000, train_time=0.008
[dbi-lab-server] 2026-05-06 18:04:02,342 (trainer:799) INFO: 11epoch:train:28873-32080batch: iter_time=4.349e-05, forward_time=0.004, loss=2.237, backward_time=0.001, grad_norm=0.949, clip=0.530, loss_scale=1.000, optim_step_time=2.641e-04, optim0_lr0=1.000, train_time=0.008
[dbi-lab-server] 2026-05-06 18:04:27,285 (trainer:799) INFO: 11epoch:train:32081-35288batch: iter_time=4.406e-05, forward_time=0.004, loss=2.227, backward_time=0.001, grad_norm=0.948, clip=0.530, loss_scale=1.000, optim_step_time=2.653e-04, optim0_lr0=1.000, train_time=0.008
[dbi-lab-server] 2026-05-06 18:04:52,030 (trainer:799) INFO: 11epoch:train:35289-38496batch: iter_time=4.226e-05, forward_time=0.004, loss=2.235, backward_time=0.001, grad_norm=0.960, clip=0.592, loss_scale=1.000, optim_step_time=2.556e-04, optim0_lr0=1.000, train_time=0.008
[dbi-lab-server] 2026-05-06 18:05:17,298 (trainer:799) INFO: 11epoch:train:38497-41704batch: iter_time=4.385e-05, forward_time=0.004, loss=2.229, backward_time=0.001, grad_norm=0.958, clip=0.623, loss_scale=1.000, optim_step_time=2.614e-04, optim0_lr0=1.000, train_time=0.008
[dbi-lab-server] 2026-05-06 18:05:43,093 (trainer:799) INFO: 11epoch:train:41705-44912batch: iter_time=4.299e-05, forward_time=0.004, loss=2.233, backward_time=0.001, grad_norm=0.960, clip=0.655, loss_scale=1.000, optim_step_time=2.615e-04, optim0_lr0=1.000, train_time=0.008
[dbi-lab-server] 2026-05-06 18:06:08,795 (trainer:799) INFO: 11epoch:train:44913-48120batch: iter_time=4.417e-05, forward_time=0.004, loss=2.229, backward_time=0.001, grad_norm=0.950, clip=0.623, loss_scale=1.000, optim_step_time=2.598e-04, optim0_lr0=1.000, train_time=0.008
[dbi-lab-server] 2026-05-06 18:06:34,249 (trainer:799) INFO: 11epoch:train:48121-51328batch: iter_time=4.328e-05, forward_time=0.004, loss=2.235, backward_time=0.001, grad_norm=0.943, clip=0.561, loss_scale=1.000, optim_step_time=2.629e-04, optim0_lr0=1.000, train_time=0.008
[dbi-lab-server] 2026-05-06 18:06:59,562 (trainer:799) INFO: 11epoch:train:51329-54536batch: iter_time=4.375e-05, forward_time=0.004, loss=2.240, backward_time=0.001, grad_norm=0.945, clip=0.405, loss_scale=1.000, optim_step_time=2.599e-04, optim0_lr0=1.000, train_time=0.008
[dbi-lab-server] 2026-05-06 18:07:24,964 (trainer:799) INFO: 11epoch:train:54537-57744batch: iter_time=4.294e-05, forward_time=0.004, loss=2.239, backward_time=0.001, grad_norm=0.965, clip=0.748, loss_scale=1.000, optim_step_time=2.621e-04, optim0_lr0=1.000, train_time=0.008
[dbi-lab-server] 2026-05-06 18:07:50,404 (trainer:799) INFO: 11epoch:train:57745-60952batch: iter_time=4.388e-05, forward_time=0.004, loss=2.235, backward_time=0.001, grad_norm=0.938, clip=0.592, loss_scale=1.000, optim_step_time=2.614e-04, optim0_lr0=1.000, train_time=0.008
[dbi-lab-server] 2026-05-06 18:08:16,082 (trainer:799) INFO: 11epoch:train:60953-64160batch: iter_time=4.305e-05, forward_time=0.004, loss=2.239, backward_time=0.001, grad_norm=0.938, clip=0.468, loss_scale=1.000, optim_step_time=2.640e-04, optim0_lr0=1.000, train_time=0.008
[dbi-lab-server] 2026-05-06 18:08:54,901 (trainer:381) INFO: 11epoch results: [train] iter_time=4.461e-05, forward_time=0.004, loss=2.225, backward_time=0.001, grad_norm=0.945, clip=0.570, loss_scale=1.000, optim_step_time=2.625e-04, optim0_lr0=1.000, train_time=0.008, time=8 minutes and 25.57 seconds, total_count=705903, gpu_max_cached_mem_GB=0.965, [valid] loss=2.298, time=38.32 seconds, total_count=98483, gpu_max_cached_mem_GB=0.965, [att_plot] time=0.1 seconds, total_count=0, gpu_max_cached_mem_GB=0.965
[dbi-lab-server] 2026-05-06 18:09:00,769 (trainer:447) INFO: There are no improvements in this epoch
[dbi-lab-server] 2026-05-06 18:09:01,081 (trainer:503) INFO: The model files were removed: exp/lm_train_char/1epoch.pth
[dbi-lab-server] 2026-05-06 18:09:01,082 (trainer:311) INFO: 12/40epoch started. Estimated time to finish: 4 hours, 26 minutes and 46.48 seconds
[dbi-lab-server] 2026-05-06 18:09:26,648 (trainer:799) INFO: 12epoch:train:1-3208batch: iter_time=5.712e-05, forward_time=0.004, loss=2.202, backward_time=0.001, grad_norm=0.944, clip=0.592, loss_scale=1.000, optim_step_time=2.633e-04, optim0_lr0=1.000, train_time=0.008
[dbi-lab-server] 2026-05-06 18:09:51,823 (trainer:799) INFO: 12epoch:train:3209-6416batch: iter_time=4.583e-05, forward_time=0.004, loss=2.210, backward_time=0.001, grad_norm=0.948, clip=0.686, loss_scale=1.000, optim_step_time=2.655e-04, optim0_lr0=1.000, train_time=0.008
[dbi-lab-server] 2026-05-06 18:10:16,604 (trainer:799) INFO: 12epoch:train:6417-9624batch: iter_time=4.505e-05, forward_time=0.004, loss=2.213, backward_time=0.001, grad_norm=0.949, clip=0.592, loss_scale=1.000, optim_step_time=2.594e-04, optim0_lr0=1.000, train_time=0.008
[dbi-lab-server] 2026-05-06 18:10:41,662 (trainer:799) INFO: 12epoch:train:9625-12832batch: iter_time=4.315e-05, forward_time=0.004, loss=2.214, backward_time=0.001, grad_norm=0.956, clip=0.623, loss_scale=1.000, optim_step_time=2.645e-04, optim0_lr0=1.000, train_time=0.008
[dbi-lab-server] 2026-05-06 18:11:07,202 (trainer:799) INFO: 12epoch:train:12833-16040batch: iter_time=4.613e-05, forward_time=0.004, loss=2.221, backward_time=0.001, grad_norm=0.949, clip=0.405, loss_scale=1.000, optim_step_time=2.705e-04, optim0_lr0=1.000, train_time=0.008
[dbi-lab-server] 2026-05-06 18:11:32,079 (trainer:799) INFO: 12epoch:train:16041-19248batch: iter_time=4.302e-05, forward_time=0.004, loss=2.220, backward_time=0.001, grad_norm=0.945, clip=0.499, loss_scale=1.000, optim_step_time=2.626e-04, optim0_lr0=1.000, train_time=0.008
[dbi-lab-server] 2026-05-06 18:11:57,130 (trainer:799) INFO: 12epoch:train:19249-22456batch: iter_time=4.346e-05, forward_time=0.004, loss=2.227, backward_time=0.001, grad_norm=0.963, clip=0.623, loss_scale=1.000, optim_step_time=2.660e-04, optim0_lr0=1.000, train_time=0.008
[dbi-lab-server] 2026-05-06 18:12:22,210 (trainer:799) INFO: 12epoch:train:22457-25664batch: iter_time=4.352e-05, forward_time=0.004, loss=2.226, backward_time=0.001, grad_norm=0.945, clip=0.468, loss_scale=1.000, optim_step_time=2.646e-04, optim0_lr0=1.000, train_time=0.008
[dbi-lab-server] 2026-05-06 18:12:47,198 (trainer:799) INFO: 12epoch:train:25665-28872batch: iter_time=4.312e-05, forward_time=0.004, loss=2.229, backward_time=0.001, grad_norm=0.947, clip=0.374, loss_scale=1.000, optim_step_time=2.612e-04, optim0_lr0=1.000, train_time=0.008
[dbi-lab-server] 2026-05-06 18:13:12,385 (trainer:799) INFO: 12epoch:train:28873-32080batch: iter_time=4.420e-05, forward_time=0.004, loss=2.228, backward_time=0.001, grad_norm=0.959, clip=0.530, loss_scale=1.000, optim_step_time=2.645e-04, optim0_lr0=1.000, train_time=0.008
[dbi-lab-server] 2026-05-06 18:13:37,443 (trainer:799) INFO: 12epoch:train:32081-35288batch: iter_time=4.383e-05, forward_time=0.004, loss=2.227, backward_time=0.001, grad_norm=0.951, clip=0.530, loss_scale=1.000, optim_step_time=2.609e-04, optim0_lr0=1.000, train_time=0.008
[dbi-lab-server] 2026-05-06 18:14:02,793 (trainer:799) INFO: 12epoch:train:35289-38496batch: iter_time=4.431e-05, forward_time=0.004, loss=2.233, backward_time=0.001, grad_norm=0.967, clip=0.530, loss_scale=1.000, optim_step_time=2.643e-04, optim0_lr0=1.000, train_time=0.008
[dbi-lab-server] 2026-05-06 18:14:28,368 (trainer:799) INFO: 12epoch:train:38497-41704batch: iter_time=4.285e-05, forward_time=0.004, loss=2.234, backward_time=0.001, grad_norm=0.970, clip=0.592, loss_scale=1.000, optim_step_time=2.606e-04, optim0_lr0=1.000, train_time=0.008
[dbi-lab-server] 2026-05-06 18:14:53,977 (trainer:799) INFO: 12epoch:train:41705-44912batch: iter_time=4.402e-05, forward_time=0.004, loss=2.231, backward_time=0.001, grad_norm=0.948, clip=0.561, loss_scale=1.000, optim_step_time=2.625e-04, optim0_lr0=1.000, train_time=0.008
[dbi-lab-server] 2026-05-06 18:15:19,683 (trainer:799) INFO: 12epoch:train:44913-48120batch: iter_time=4.377e-05, forward_time=0.004, loss=2.234, backward_time=0.001, grad_norm=0.955, clip=0.655, loss_scale=1.000, optim_step_time=2.623e-04, optim0_lr0=1.000, train_time=0.008
[dbi-lab-server] 2026-05-06 18:15:44,871 (trainer:799) INFO: 12epoch:train:48121-51328batch: iter_time=4.348e-05, forward_time=0.004, loss=2.236, backward_time=0.001, grad_norm=0.958, clip=0.686, loss_scale=1.000, optim_step_time=2.582e-04, optim0_lr0=1.000, train_time=0.008
[dbi-lab-server] 2026-05-06 18:16:10,140 (trainer:799) INFO: 12epoch:train:51329-54536batch: iter_time=4.368e-05, forward_time=0.004, loss=2.236, backward_time=0.001, grad_norm=0.962, clip=0.468, loss_scale=1.000, optim_step_time=2.637e-04, optim0_lr0=1.000, train_time=0.008
[dbi-lab-server] 2026-05-06 18:16:35,227 (trainer:799) INFO: 12epoch:train:54537-57744batch: iter_time=4.221e-05, forward_time=0.004, loss=2.240, backward_time=0.001, grad_norm=0.960, clip=0.623, loss_scale=1.000, optim_step_time=2.542e-04, optim0_lr0=1.000, train_time=0.008
[dbi-lab-server] 2026-05-06 18:17:00,246 (trainer:799) INFO: 12epoch:train:57745-60952batch: iter_time=4.393e-05, forward_time=0.004, loss=2.235, backward_time=0.001, grad_norm=0.941, clip=0.468, loss_scale=1.000, optim_step_time=2.543e-04, optim0_lr0=1.000, train_time=0.008
[dbi-lab-server] 2026-05-06 18:17:25,339 (trainer:799) INFO: 12epoch:train:60953-64160batch: iter_time=4.216e-05, forward_time=0.004, loss=2.243, backward_time=0.001, grad_norm=0.962, clip=0.655, loss_scale=1.000, optim_step_time=2.596e-04, optim0_lr0=1.000, train_time=0.008
[dbi-lab-server] 2026-05-06 18:18:03,700 (trainer:381) INFO: 12epoch results: [train] iter_time=4.444e-05, forward_time=0.004, loss=2.227, backward_time=0.001, grad_norm=0.954, clip=0.558, loss_scale=1.000, optim_step_time=2.621e-04, optim0_lr0=1.000, train_time=0.008, time=8 minutes and 24.63 seconds, total_count=770076, gpu_max_cached_mem_GB=1.236, [valid] loss=2.302, time=37.84 seconds, total_count=107436, gpu_max_cached_mem_GB=1.236, [att_plot] time=0.1 seconds, total_count=0, gpu_max_cached_mem_GB=1.236
[dbi-lab-server] 2026-05-06 18:18:05,702 (trainer:447) INFO: There are no improvements in this epoch
[dbi-lab-server] 2026-05-06 18:18:05,704 (trainer:311) INFO: 13/40epoch started. Estimated time to finish: 4 hours, 17 minutes and 17.44 seconds
[dbi-lab-server] 2026-05-06 18:18:30,851 (trainer:799) INFO: 13epoch:train:1-3208batch: iter_time=5.983e-05, forward_time=0.004, loss=2.203, backward_time=0.001, grad_norm=0.939, clip=0.499, loss_scale=1.000, optim_step_time=2.571e-04, optim0_lr0=1.000, train_time=0.008
[dbi-lab-server] 2026-05-06 18:18:55,891 (trainer:799) INFO: 13epoch:train:3209-6416batch: iter_time=4.519e-05, forward_time=0.004, loss=2.210, backward_time=0.001, grad_norm=0.954, clip=0.686, loss_scale=1.000, optim_step_time=2.598e-04, optim0_lr0=1.000, train_time=0.008
[dbi-lab-server] 2026-05-06 18:19:20,755 (trainer:799) INFO: 13epoch:train:6417-9624batch: iter_time=4.452e-05, forward_time=0.004, loss=2.220, backward_time=0.001, grad_norm=0.977, clip=0.655, loss_scale=1.000, optim_step_time=2.559e-04, optim0_lr0=1.000, train_time=0.008
[dbi-lab-server] 2026-05-06 18:19:45,836 (trainer:799) INFO: 13epoch:train:9625-12832batch: iter_time=4.405e-05, forward_time=0.004, loss=2.219, backward_time=0.001, grad_norm=0.967, clip=0.686, loss_scale=1.000, optim_step_time=2.615e-04, optim0_lr0=1.000, train_time=0.008
[dbi-lab-server] 2026-05-06 18:20:10,709 (trainer:799) INFO: 13epoch:train:12833-16040batch: iter_time=4.393e-05, forward_time=0.004, loss=2.223, backward_time=0.001, grad_norm=0.967, clip=0.499, loss_scale=1.000, optim_step_time=2.617e-04, optim0_lr0=1.000, train_time=0.008
[dbi-lab-server] 2026-05-06 18:20:35,641 (trainer:799) INFO: 13epoch:train:16041-19248batch: iter_time=4.273e-05, forward_time=0.004, loss=2.221, backward_time=0.001, grad_norm=0.957, clip=0.655, loss_scale=1.000, optim_step_time=2.629e-04, optim0_lr0=1.000, train_time=0.008
[dbi-lab-server] 2026-05-06 18:21:00,498 (trainer:799) INFO: 13epoch:train:19249-22456batch: iter_time=4.369e-05, forward_time=0.004, loss=2.225, backward_time=0.001, grad_norm=0.963, clip=0.623, loss_scale=1.000, optim_step_time=2.584e-04, optim0_lr0=1.000, train_time=0.008
[dbi-lab-server] 2026-05-06 18:21:25,523 (trainer:799) INFO: 13epoch:train:22457-25664batch: iter_time=4.275e-05, forward_time=0.004, loss=2.229, backward_time=0.001, grad_norm=0.957, clip=0.436, loss_scale=1.000, optim_step_time=2.624e-04, optim0_lr0=1.000, train_time=0.008
[dbi-lab-server] 2026-05-06 18:21:50,532 (trainer:799) INFO: 13epoch:train:25665-28872batch: iter_time=4.384e-05, forward_time=0.004, loss=2.227, backward_time=0.001, grad_norm=0.957, clip=0.530, loss_scale=1.000, optim_step_time=2.589e-04, optim0_lr0=1.000, train_time=0.008
[dbi-lab-server] 2026-05-06 18:22:15,882 (trainer:799) INFO: 13epoch:train:28873-32080batch: iter_time=4.378e-05, forward_time=0.004, loss=2.228, backward_time=0.001, grad_norm=0.969, clip=0.717, loss_scale=1.000, optim_step_time=2.609e-04, optim0_lr0=1.000, train_time=0.008
[dbi-lab-server] 2026-05-06 18:22:41,030 (trainer:799) INFO: 13epoch:train:32081-35288batch: iter_time=4.296e-05, forward_time=0.004, loss=2.232, backward_time=0.001, grad_norm=0.968, clip=0.592, loss_scale=1.000, optim_step_time=2.599e-04, optim0_lr0=1.000, train_time=0.008
[dbi-lab-server] 2026-05-06 18:23:06,207 (trainer:799) INFO: 13epoch:train:35289-38496batch: iter_time=4.359e-05, forward_time=0.004, loss=2.234, backward_time=0.001, grad_norm=0.960, clip=0.561, loss_scale=1.000, optim_step_time=2.639e-04, optim0_lr0=1.000, train_time=0.008
[dbi-lab-server] 2026-05-06 18:23:31,477 (trainer:799) INFO: 13epoch:train:38497-41704batch: iter_time=4.335e-05, forward_time=0.004, loss=2.240, backward_time=0.001, grad_norm=0.982, clip=0.717, loss_scale=1.000, optim_step_time=2.621e-04, optim0_lr0=1.000, train_time=0.008
[dbi-lab-server] 2026-05-06 18:23:56,594 (trainer:799) INFO: 13epoch:train:41705-44912batch: iter_time=4.499e-05, forward_time=0.004, loss=2.238, backward_time=0.001, grad_norm=0.965, clip=0.436, loss_scale=1.000, optim_step_time=2.597e-04, optim0_lr0=1.000, train_time=0.008
[dbi-lab-server] 2026-05-06 18:24:21,915 (trainer:799) INFO: 13epoch:train:44913-48120batch: iter_time=4.280e-05, forward_time=0.004, loss=2.231, backward_time=0.001, grad_norm=0.967, clip=0.655, loss_scale=1.000, optim_step_time=2.619e-04, optim0_lr0=1.000, train_time=0.008
[dbi-lab-server] 2026-05-06 18:24:46,836 (trainer:799) INFO: 13epoch:train:48121-51328batch: iter_time=4.411e-05, forward_time=0.004, loss=2.238, backward_time=0.001, grad_norm=0.955, clip=0.436, loss_scale=1.000, optim_step_time=2.583e-04, optim0_lr0=1.000, train_time=0.008
[dbi-lab-server] 2026-05-06 18:25:11,969 (trainer:799) INFO: 13epoch:train:51329-54536batch: iter_time=4.382e-05, forward_time=0.004, loss=2.241, backward_time=0.001, grad_norm=0.969, clip=0.592, loss_scale=1.000, optim_step_time=2.632e-04, optim0_lr0=1.000, train_time=0.008
[dbi-lab-server] 2026-05-06 18:25:37,748 (trainer:799) INFO: 13epoch:train:54537-57744batch: iter_time=4.370e-05, forward_time=0.004, loss=2.239, backward_time=0.001, grad_norm=0.964, clip=0.623, loss_scale=1.000, optim_step_time=2.678e-04, optim0_lr0=1.000, train_time=0.008
[dbi-lab-server] 2026-05-06 18:26:03,331 (trainer:799) INFO: 13epoch:train:57745-60952batch: iter_time=4.400e-05, forward_time=0.004, loss=2.244, backward_time=0.001, grad_norm=0.977, clip=0.748, loss_scale=1.000, optim_step_time=2.680e-04, optim0_lr0=1.000, train_time=0.008
[dbi-lab-server] 2026-05-06 18:26:28,980 (trainer:799) INFO: 13epoch:train:60953-64160batch: iter_time=4.320e-05, forward_time=0.004, loss=2.245, backward_time=0.001, grad_norm=0.971, clip=0.592, loss_scale=1.000, optim_step_time=2.672e-04, optim0_lr0=1.000, train_time=0.008
[dbi-lab-server] 2026-05-06 18:27:07,626 (trainer:381) INFO: 13epoch results: [train] iter_time=4.454e-05, forward_time=0.004, loss=2.229, backward_time=0.001, grad_norm=0.964, clip=0.597, loss_scale=1.000, optim_step_time=2.616e-04, optim0_lr0=1.000, train_time=0.008, time=8 minutes and 23.67 seconds, total_count=834249, gpu_max_cached_mem_GB=1.236, [valid] loss=2.318, time=38.14 seconds, total_count=116389, gpu_max_cached_mem_GB=1.236, [att_plot] time=0.09 seconds, total_count=0, gpu_max_cached_mem_GB=1.236
[dbi-lab-server] 2026-05-06 18:27:10,351 (trainer:447) INFO: There are no improvements in this epoch
[dbi-lab-server] 2026-05-06 18:27:10,642 (trainer:311) INFO: 14/40epoch started. Estimated time to finish: 4 hours, 7 minutes and 52.81 seconds
[dbi-lab-server] 2026-05-06 18:27:35,932 (trainer:799) INFO: 14epoch:train:1-3208batch: iter_time=6.053e-05, forward_time=0.004, loss=2.204, backward_time=0.001, grad_norm=0.965, clip=0.748, loss_scale=1.000, optim_step_time=2.664e-04, optim0_lr0=1.000, train_time=0.008
[dbi-lab-server] 2026-05-06 18:28:00,907 (trainer:799) INFO: 14epoch:train:3209-6416batch: iter_time=4.676e-05, forward_time=0.004, loss=2.213, backward_time=0.001, grad_norm=0.959, clip=0.592, loss_scale=1.000, optim_step_time=2.600e-04, optim0_lr0=1.000, train_time=0.008
[dbi-lab-server] 2026-05-06 18:28:25,858 (trainer:799) INFO: 14epoch:train:6417-9624batch: iter_time=4.411e-05, forward_time=0.004, loss=2.214, backward_time=0.001, grad_norm=0.962, clip=0.717, loss_scale=1.000, optim_step_time=2.561e-04, optim0_lr0=1.000, train_time=0.008
[dbi-lab-server] 2026-05-06 18:28:50,813 (trainer:799) INFO: 14epoch:train:9625-12832batch: iter_time=4.391e-05, forward_time=0.004, loss=2.219, backward_time=0.001, grad_norm=0.960, clip=0.468, loss_scale=1.000, optim_step_time=2.548e-04, optim0_lr0=1.000, train_time=0.008
[dbi-lab-server] 2026-05-06 18:29:15,497 (trainer:799) INFO: 14epoch:train:12833-16040batch: iter_time=4.268e-05, forward_time=0.004, loss=2.223, backward_time=0.001, grad_norm=0.974, clip=0.717, loss_scale=1.000, optim_step_time=2.524e-04, optim0_lr0=1.000, train_time=0.008
[dbi-lab-server] 2026-05-06 18:29:40,359 (trainer:799) INFO: 14epoch:train:16041-19248batch: iter_time=4.399e-05, forward_time=0.004, loss=2.226, backward_time=0.001, grad_norm=0.977, clip=0.655, loss_scale=1.000, optim_step_time=2.564e-04, optim0_lr0=1.000, train_time=0.008
[dbi-lab-server] 2026-05-06 18:30:05,430 (trainer:799) INFO: 14epoch:train:19249-22456batch: iter_time=4.237e-05, forward_time=0.004, loss=2.230, backward_time=0.001, grad_norm=0.975, clip=0.436, loss_scale=1.000, optim_step_time=2.613e-04, optim0_lr0=1.000, train_time=0.008
[dbi-lab-server] 2026-05-06 18:30:30,400 (trainer:799) INFO: 14epoch:train:22457-25664batch: iter_time=4.390e-05, forward_time=0.004, loss=2.230, backward_time=0.001, grad_norm=0.973, clip=0.436, loss_scale=1.000, optim_step_time=2.559e-04, optim0_lr0=1.000, train_time=0.008
[dbi-lab-server] 2026-05-06 18:30:55,561 (trainer:799) INFO: 14epoch:train:25665-28872batch: iter_time=4.369e-05, forward_time=0.004, loss=2.235, backward_time=0.001, grad_norm=0.969, clip=0.374, loss_scale=1.000, optim_step_time=2.629e-04, optim0_lr0=1.000, train_time=0.008
[dbi-lab-server] 2026-05-06 18:31:20,686 (trainer:799) INFO: 14epoch:train:28873-32080batch: iter_time=4.405e-05, forward_time=0.004, loss=2.237, backward_time=0.001, grad_norm=0.984, clip=0.592, loss_scale=1.000, optim_step_time=2.652e-04, optim0_lr0=1.000, train_time=0.008
[dbi-lab-server] 2026-05-06 18:31:45,708 (trainer:799) INFO: 14epoch:train:32081-35288batch: iter_time=4.398e-05, forward_time=0.004, loss=2.234, backward_time=0.001, grad_norm=0.981, clip=0.592, loss_scale=1.000, optim_step_time=2.656e-04, optim0_lr0=1.000, train_time=0.008
[dbi-lab-server] 2026-05-06 18:32:10,814 (trainer:799) INFO: 14epoch:train:35289-38496batch: iter_time=4.317e-05, forward_time=0.004, loss=2.232, backward_time=0.001, grad_norm=0.962, clip=0.499, loss_scale=1.000, optim_step_time=2.610e-04, optim0_lr0=1.000, train_time=0.008
[dbi-lab-server] 2026-05-06 18:32:35,950 (trainer:799) INFO: 14epoch:train:38497-41704batch: iter_time=4.492e-05, forward_time=0.004, loss=2.232, backward_time=0.001, grad_norm=0.969, clip=0.561, loss_scale=1.000, optim_step_time=2.584e-04, optim0_lr0=1.000, train_time=0.008
[dbi-lab-server] 2026-05-06 18:33:01,013 (trainer:799) INFO: 14epoch:train:41705-44912batch: iter_time=4.635e-05, forward_time=0.004, loss=2.237, backward_time=0.001, grad_norm=0.978, clip=0.686, loss_scale=1.000, optim_step_time=2.613e-04, optim0_lr0=1.000, train_time=0.008
[dbi-lab-server] 2026-05-06 18:33:26,035 (trainer:799) INFO: 14epoch:train:44913-48120batch: iter_time=4.416e-05, forward_time=0.004, loss=2.236, backward_time=0.001, grad_norm=0.975, clip=0.655, loss_scale=1.000, optim_step_time=2.601e-04, optim0_lr0=1.000, train_time=0.008
[dbi-lab-server] 2026-05-06 18:33:50,970 (trainer:799) INFO: 14epoch:train:48121-51328batch: iter_time=4.487e-05, forward_time=0.004, loss=2.243, backward_time=0.001, grad_norm=0.979, clip=0.499, loss_scale=1.000, optim_step_time=2.623e-04, optim0_lr0=1.000, train_time=0.008
[dbi-lab-server] 2026-05-06 18:34:16,194 (trainer:799) INFO: 14epoch:train:51329-54536batch: iter_time=4.481e-05, forward_time=0.004, loss=2.237, backward_time=0.001, grad_norm=0.963, clip=0.561, loss_scale=1.000, optim_step_time=2.631e-04, optim0_lr0=1.000, train_time=0.008
[dbi-lab-server] 2026-05-06 18:34:41,419 (trainer:799) INFO: 14epoch:train:54537-57744batch: iter_time=4.493e-05, forward_time=0.004, loss=2.252, backward_time=0.001, grad_norm=0.996, clip=0.561, loss_scale=1.000, optim_step_time=2.660e-04, optim0_lr0=1.000, train_time=0.008
[dbi-lab-server] 2026-05-06 18:35:06,933 (trainer:799) INFO: 14epoch:train:57745-60952batch: iter_time=4.487e-05, forward_time=0.004, loss=2.243, backward_time=0.001, grad_norm=0.979, clip=0.686, loss_scale=1.000, optim_step_time=2.678e-04, optim0_lr0=1.000, train_time=0.008
[dbi-lab-server] 2026-05-06 18:35:31,845 (trainer:799) INFO: 14epoch:train:60953-64160batch: iter_time=4.444e-05, forward_time=0.004, loss=2.247, backward_time=0.001, grad_norm=0.986, clip=0.561, loss_scale=1.000, optim_step_time=2.572e-04, optim0_lr0=1.000, train_time=0.008
[dbi-lab-server] 2026-05-06 18:36:09,814 (trainer:381) INFO: 14epoch results: [train] iter_time=4.513e-05, forward_time=0.004, loss=2.231, backward_time=0.001, grad_norm=0.973, clip=0.580, loss_scale=1.000, optim_step_time=2.607e-04, optim0_lr0=1.000, train_time=0.008, time=8 minutes and 21.61 seconds, total_count=898422, gpu_max_cached_mem_GB=1.236, [valid] loss=2.316, time=37.45 seconds, total_count=125342, gpu_max_cached_mem_GB=1.236, [att_plot] time=0.09 seconds, total_count=0, gpu_max_cached_mem_GB=1.236
[dbi-lab-server] 2026-05-06 18:36:11,779 (trainer:447) INFO: There are no improvements in this epoch
[dbi-lab-server] 2026-05-06 18:36:11,781 (trainer:311) INFO: 15/40epoch started. Estimated time to finish: 3 hours, 58 minutes and 23.94 seconds
[dbi-lab-server] 2026-05-06 18:36:36,662 (trainer:799) INFO: 15epoch:train:1-3208batch: iter_time=5.940e-05, forward_time=0.004, loss=2.208, backward_time=0.001, grad_norm=0.967, clip=0.530, loss_scale=1.000, optim_step_time=2.588e-04, optim0_lr0=1.000, train_time=0.008
[dbi-lab-server] 2026-05-06 18:37:01,720 (trainer:799) INFO: 15epoch:train:3209-6416batch: iter_time=4.795e-05, forward_time=0.004, loss=2.220, backward_time=0.001, grad_norm=0.975, clip=0.623, loss_scale=1.000, optim_step_time=2.602e-04, optim0_lr0=1.000, train_time=0.008
[dbi-lab-server] 2026-05-06 18:37:26,606 (trainer:799) INFO: 15epoch:train:6417-9624batch: iter_time=4.443e-05, forward_time=0.004, loss=2.214, backward_time=0.001, grad_norm=0.968, clip=0.530, loss_scale=1.000, optim_step_time=2.615e-04, optim0_lr0=1.000, train_time=0.008
[dbi-lab-server] 2026-05-06 18:37:51,460 (trainer:799) INFO: 15epoch:train:9625-12832batch: iter_time=4.457e-05, forward_time=0.004, loss=2.227, backward_time=0.001, grad_norm=0.972, clip=0.623, loss_scale=1.000, optim_step_time=2.627e-04, optim0_lr0=1.000, train_time=0.008
[dbi-lab-server] 2026-05-06 18:38:16,514 (trainer:799) INFO: 15epoch:train:12833-16040batch: iter_time=4.422e-05, forward_time=0.004, loss=2.230, backward_time=0.001, grad_norm=1.001, clip=0.655, loss_scale=1.000, optim_step_time=2.667e-04, optim0_lr0=1.000, train_time=0.008
[dbi-lab-server] 2026-05-06 18:38:41,533 (trainer:799) INFO: 15epoch:train:16041-19248batch: iter_time=4.558e-05, forward_time=0.004, loss=2.236, backward_time=0.001, grad_norm=0.993, clip=0.561, loss_scale=1.000, optim_step_time=2.684e-04, optim0_lr0=1.000, train_time=0.008
[dbi-lab-server] 2026-05-06 18:39:06,237 (trainer:799) INFO: 15epoch:train:19249-22456batch: iter_time=4.322e-05, forward_time=0.004, loss=2.229, backward_time=0.001, grad_norm=0.981, clip=0.530, loss_scale=1.000, optim_step_time=2.554e-04, optim0_lr0=1.000, train_time=0.008
[dbi-lab-server] 2026-05-06 18:39:31,274 (trainer:799) INFO: 15epoch:train:22457-25664batch: iter_time=4.609e-05, forward_time=0.004, loss=2.232, backward_time=0.001, grad_norm=0.973, clip=0.499, loss_scale=1.000, optim_step_time=2.626e-04, optim0_lr0=1.000, train_time=0.008
[dbi-lab-server] 2026-05-06 18:39:56,357 (trainer:799) INFO: 15epoch:train:25665-28872batch: iter_time=4.540e-05, forward_time=0.004, loss=2.235, backward_time=0.001, grad_norm=0.995, clip=0.623, loss_scale=1.000, optim_step_time=2.621e-04, optim0_lr0=1.000, train_time=0.008
[dbi-lab-server] 2026-05-06 18:40:21,520 (trainer:799) INFO: 15epoch:train:28873-32080batch: iter_time=4.593e-05, forward_time=0.004, loss=2.236, backward_time=0.001, grad_norm=0.979, clip=0.530, loss_scale=1.000, optim_step_time=2.668e-04, optim0_lr0=1.000, train_time=0.008
[dbi-lab-server] 2026-05-06 18:40:46,495 (trainer:799) INFO: 15epoch:train:32081-35288batch: iter_time=4.546e-05, forward_time=0.004, loss=2.245, backward_time=0.001, grad_norm=0.994, clip=0.623, loss_scale=1.000, optim_step_time=2.607e-04, optim0_lr0=1.000, train_time=0.008
[dbi-lab-server] 2026-05-06 18:41:11,633 (trainer:799) INFO: 15epoch:train:35289-38496batch: iter_time=4.537e-05, forward_time=0.004, loss=2.250, backward_time=0.001, grad_norm=1.019, clip=0.779, loss_scale=1.000, optim_step_time=2.677e-04, optim0_lr0=1.000, train_time=0.008
[dbi-lab-server] 2026-05-06 18:41:37,744 (trainer:799) INFO: 15epoch:train:38497-41704batch: iter_time=4.546e-05, forward_time=0.004, loss=2.239, backward_time=0.001, grad_norm=0.996, clip=0.748, loss_scale=1.000, optim_step_time=2.676e-04, optim0_lr0=1.000, train_time=0.008
[dbi-lab-server] 2026-05-06 18:42:03,460 (trainer:799) INFO: 15epoch:train:41705-44912batch: iter_time=4.605e-05, forward_time=0.004, loss=2.246, backward_time=0.001, grad_norm=1.025, clip=0.842, loss_scale=1.000, optim_step_time=2.624e-04, optim0_lr0=1.000, train_time=0.008
[dbi-lab-server] 2026-05-06 18:42:29,047 (trainer:799) INFO: 15epoch:train:44913-48120batch: iter_time=4.442e-05, forward_time=0.004, loss=2.242, backward_time=0.001, grad_norm=1.030, clip=0.904, loss_scale=1.000, optim_step_time=2.599e-04, optim0_lr0=1.000, train_time=0.008
[dbi-lab-server] 2026-05-06 18:42:54,440 (trainer:799) INFO: 15epoch:train:48121-51328batch: iter_time=4.487e-05, forward_time=0.004, loss=2.243, backward_time=0.001, grad_norm=0.981, clip=0.530, loss_scale=1.000, optim_step_time=2.630e-04, optim0_lr0=1.000, train_time=0.008
[dbi-lab-server] 2026-05-06 18:43:20,266 (trainer:799) INFO: 15epoch:train:51329-54536batch: iter_time=4.566e-05, forward_time=0.004, loss=2.250, backward_time=0.001, grad_norm=0.988, clip=0.592, loss_scale=1.000, optim_step_time=2.595e-04, optim0_lr0=1.000, train_time=0.008
[dbi-lab-server] 2026-05-06 18:43:46,088 (trainer:799) INFO: 15epoch:train:54537-57744batch: iter_time=4.650e-05, forward_time=0.004, loss=2.250, backward_time=0.001, grad_norm=0.984, clip=0.530, loss_scale=1.000, optim_step_time=2.614e-04, optim0_lr0=1.000, train_time=0.008
[dbi-lab-server] 2026-05-06 18:44:13,285 (trainer:799) INFO: 15epoch:train:57745-60952batch: iter_time=4.577e-05, forward_time=0.004, loss=2.246, backward_time=0.001, grad_norm=0.988, clip=0.561, loss_scale=1.000, optim_step_time=2.789e-04, optim0_lr0=1.000, train_time=0.008
[dbi-lab-server] 2026-05-06 18:44:39,396 (trainer:799) INFO: 15epoch:train:60953-64160batch: iter_time=4.495e-05, forward_time=0.004, loss=2.247, backward_time=0.001, grad_norm=0.983, clip=0.592, loss_scale=1.000, optim_step_time=2.579e-04, optim0_lr0=1.000, train_time=0.008
[dbi-lab-server] 2026-05-06 18:45:19,377 (trainer:381) INFO: 15epoch results: [train] iter_time=4.607e-05, forward_time=0.004, loss=2.236, backward_time=0.001, grad_norm=0.990, clip=0.620, loss_scale=1.000, optim_step_time=2.632e-04, optim0_lr0=1.000, train_time=0.008, time=8 minutes and 28.01 seconds, total_count=962595, gpu_max_cached_mem_GB=1.236, [valid] loss=2.319, time=39.46 seconds, total_count=134295, gpu_max_cached_mem_GB=1.236, [att_plot] time=0.11 seconds, total_count=0, gpu_max_cached_mem_GB=1.236
[dbi-lab-server] 2026-05-06 18:45:21,358 (trainer:447) INFO: There are no improvements in this epoch
[dbi-lab-server] 2026-05-06 18:45:21,360 (trainer:311) INFO: 16/40epoch started. Estimated time to finish: 3 hours, 49 minutes and 12.84 seconds
[dbi-lab-server] 2026-05-06 18:45:47,212 (trainer:799) INFO: 16epoch:train:1-3208batch: iter_time=6.223e-05, forward_time=0.004, loss=2.218, backward_time=0.001, grad_norm=0.984, clip=0.655, loss_scale=1.000, optim_step_time=2.580e-04, optim0_lr0=1.000, train_time=0.008
[dbi-lab-server] 2026-05-06 18:46:13,691 (trainer:799) INFO: 16epoch:train:3209-6416batch: iter_time=4.616e-05, forward_time=0.004, loss=2.227, backward_time=0.001, grad_norm=0.991, clip=0.468, loss_scale=1.000, optim_step_time=2.575e-04, optim0_lr0=1.000, train_time=0.008
[dbi-lab-server] 2026-05-06 18:46:39,572 (trainer:799) INFO: 16epoch:train:6417-9624batch: iter_time=4.752e-05, forward_time=0.004, loss=2.228, backward_time=0.001, grad_norm=0.992, clip=0.655, loss_scale=1.000, optim_step_time=2.564e-04, optim0_lr0=1.000, train_time=0.008
[dbi-lab-server] 2026-05-06 18:47:05,686 (trainer:799) INFO: 16epoch:train:9625-12832batch: iter_time=4.617e-05, forward_time=0.004, loss=2.225, backward_time=0.001, grad_norm=0.978, clip=0.468, loss_scale=1.000, optim_step_time=2.583e-04, optim0_lr0=1.000, train_time=0.008
[dbi-lab-server] 2026-05-06 18:47:31,272 (trainer:799) INFO: 16epoch:train:12833-16040batch: iter_time=4.548e-05, forward_time=0.004, loss=2.232, backward_time=0.001, grad_norm=0.991, clip=0.499, loss_scale=1.000, optim_step_time=2.555e-04, optim0_lr0=1.000, train_time=0.008
[dbi-lab-server] 2026-05-06 18:47:56,629 (trainer:799) INFO: 16epoch:train:16041-19248batch: iter_time=4.545e-05, forward_time=0.004, loss=2.239, backward_time=0.001, grad_norm=0.982, clip=0.499, loss_scale=1.000, optim_step_time=2.541e-04, optim0_lr0=1.000, train_time=0.008
[dbi-lab-server] 2026-05-06 18:48:22,065 (trainer:799) INFO: 16epoch:train:19249-22456batch: iter_time=4.424e-05, forward_time=0.004, loss=2.240, backward_time=0.001, grad_norm=1.008, clip=0.686, loss_scale=1.000, optim_step_time=2.590e-04, optim0_lr0=1.000, train_time=0.008
[dbi-lab-server] 2026-05-06 18:48:47,630 (trainer:799) INFO: 16epoch:train:22457-25664batch: iter_time=4.427e-05, forward_time=0.004, loss=2.238, backward_time=0.001, grad_norm=0.983, clip=0.436, loss_scale=1.000, optim_step_time=2.590e-04, optim0_lr0=1.000, train_time=0.008
[dbi-lab-server] 2026-05-06 18:49:12,909 (trainer:799) INFO: 16epoch:train:25665-28872batch: iter_time=4.499e-05, forward_time=0.004, loss=2.237, backward_time=0.001, grad_norm=0.981, clip=0.343, loss_scale=1.000, optim_step_time=2.579e-04, optim0_lr0=1.000, train_time=0.008
[dbi-lab-server] 2026-05-06 18:49:38,379 (trainer:799) INFO: 16epoch:train:28873-32080batch: iter_time=4.468e-05, forward_time=0.004, loss=2.247, backward_time=0.001, grad_norm=0.997, clip=0.530, loss_scale=1.000, optim_step_time=2.629e-04, optim0_lr0=1.000, train_time=0.008
[dbi-lab-server] 2026-05-06 18:50:04,423 (trainer:799) INFO: 16epoch:train:32081-35288batch: iter_time=4.468e-05, forward_time=0.004, loss=2.248, backward_time=0.001, grad_norm=1.010, clip=0.748, loss_scale=1.000, optim_step_time=2.609e-04, optim0_lr0=1.000, train_time=0.008
[dbi-lab-server] 2026-05-06 18:50:30,321 (trainer:799) INFO: 16epoch:train:35289-38496batch: iter_time=4.427e-05, forward_time=0.004, loss=2.251, backward_time=0.001, grad_norm=1.004, clip=0.623, loss_scale=1.000, optim_step_time=2.645e-04, optim0_lr0=1.000, train_time=0.008
[dbi-lab-server] 2026-05-06 18:50:55,721 (trainer:799) INFO: 16epoch:train:38497-41704batch: iter_time=4.476e-05, forward_time=0.004, loss=2.250, backward_time=0.001, grad_norm=0.996, clip=0.499, loss_scale=1.000, optim_step_time=2.612e-04, optim0_lr0=1.000, train_time=0.008
[dbi-lab-server] 2026-05-06 18:51:21,024 (trainer:799) INFO: 16epoch:train:41705-44912batch: iter_time=4.424e-05, forward_time=0.004, loss=2.238, backward_time=0.001, grad_norm=0.977, clip=0.405, loss_scale=1.000, optim_step_time=2.625e-04, optim0_lr0=1.000, train_time=0.008
[dbi-lab-server] 2026-05-06 18:51:46,149 (trainer:799) INFO: 16epoch:train:44913-48120batch: iter_time=4.359e-05, forward_time=0.004, loss=2.250, backward_time=0.001, grad_norm=1.001, clip=0.686, loss_scale=1.000, optim_step_time=2.655e-04, optim0_lr0=1.000, train_time=0.008
[dbi-lab-server] 2026-05-06 18:52:11,006 (trainer:799) INFO: 16epoch:train:48121-51328batch: iter_time=4.541e-05, forward_time=0.004, loss=2.253, backward_time=0.001, grad_norm=0.992, clip=0.499, loss_scale=1.000, optim_step_time=2.509e-04, optim0_lr0=1.000, train_time=0.008
[dbi-lab-server] 2026-05-06 18:52:36,101 (trainer:799) INFO: 16epoch:train:51329-54536batch: iter_time=4.472e-05, forward_time=0.004, loss=2.248, backward_time=0.001, grad_norm=1.006, clip=0.592, loss_scale=1.000, optim_step_time=2.583e-04, optim0_lr0=1.000, train_time=0.008
[dbi-lab-server] 2026-05-06 18:53:01,423 (trainer:799) INFO: 16epoch:train:54537-57744batch: iter_time=4.558e-05, forward_time=0.004, loss=2.252, backward_time=0.001, grad_norm=1.001, clip=0.748, loss_scale=1.000, optim_step_time=2.648e-04, optim0_lr0=1.000, train_time=0.008
[dbi-lab-server] 2026-05-06 18:53:26,699 (trainer:799) INFO: 16epoch:train:57745-60952batch: iter_time=4.525e-05, forward_time=0.004, loss=2.255, backward_time=0.001, grad_norm=1.003, clip=0.561, loss_scale=1.000, optim_step_time=2.595e-04, optim0_lr0=1.000, train_time=0.008
[dbi-lab-server] 2026-05-06 18:53:52,559 (trainer:799) INFO: 16epoch:train:60953-64160batch: iter_time=4.594e-05, forward_time=0.004, loss=2.252, backward_time=0.001, grad_norm=1.006, clip=0.810, loss_scale=1.000, optim_step_time=2.632e-04, optim0_lr0=1.000, train_time=0.008
[dbi-lab-server] 2026-05-06 18:54:32,198 (trainer:381) INFO: 16epoch results: [train] iter_time=4.598e-05, forward_time=0.004, loss=2.241, backward_time=0.001, grad_norm=0.994, clip=0.570, loss_scale=1.000, optim_step_time=2.595e-04, optim0_lr0=1.000, train_time=0.008, time=8 minutes and 31.6 seconds, total_count=1026768, gpu_max_cached_mem_GB=1.236, [valid] loss=2.327, time=39.12 seconds, total_count=143248, gpu_max_cached_mem_GB=1.236, [att_plot] time=0.1 seconds, total_count=0, gpu_max_cached_mem_GB=1.236
[dbi-lab-server] 2026-05-06 18:54:34,295 (trainer:447) INFO: There are no improvements in this epoch
[dbi-lab-server] 2026-05-06 18:54:34,307 (trainer:503) INFO: The model files were removed: exp/lm_train_char/15epoch.pth
[dbi-lab-server] 2026-05-06 18:54:34,307 (trainer:311) INFO: 17/40epoch started. Estimated time to finish: 3 hours, 40 minutes and 6.97 seconds
[dbi-lab-server] 2026-05-06 18:55:00,004 (trainer:799) INFO: 17epoch:train:1-3208batch: iter_time=6.139e-05, forward_time=0.004, loss=2.231, backward_time=0.001, grad_norm=1.000, clip=0.686, loss_scale=1.000, optim_step_time=2.575e-04, optim0_lr0=1.000, train_time=0.008
[dbi-lab-server] 2026-05-06 18:55:25,933 (trainer:799) INFO: 17epoch:train:3209-6416batch: iter_time=4.818e-05, forward_time=0.004, loss=2.225, backward_time=0.001, grad_norm=0.986, clip=0.530, loss_scale=1.000, optim_step_time=2.604e-04, optim0_lr0=1.000, train_time=0.008
[dbi-lab-server] 2026-05-06 18:55:51,652 (trainer:799) INFO: 17epoch:train:6417-9624batch: iter_time=4.759e-05, forward_time=0.004, loss=2.228, backward_time=0.001, grad_norm=0.974, clip=0.436, loss_scale=1.000, optim_step_time=2.617e-04, optim0_lr0=1.000, train_time=0.008
[dbi-lab-server] 2026-05-06 18:56:17,577 (trainer:799) INFO: 17epoch:train:9625-12832batch: iter_time=4.562e-05, forward_time=0.004, loss=2.237, backward_time=0.001, grad_norm=0.995, clip=0.655, loss_scale=1.000, optim_step_time=2.623e-04, optim0_lr0=1.000, train_time=0.008
[dbi-lab-server] 2026-05-06 18:56:43,502 (trainer:799) INFO: 17epoch:train:12833-16040batch: iter_time=4.600e-05, forward_time=0.004, loss=2.228, backward_time=0.001, grad_norm=0.984, clip=0.561, loss_scale=1.000, optim_step_time=2.623e-04, optim0_lr0=1.000, train_time=0.008
[dbi-lab-server] 2026-05-06 18:57:09,669 (trainer:799) INFO: 17epoch:train:16041-19248batch: iter_time=4.482e-05, forward_time=0.004, loss=2.241, backward_time=0.001, grad_norm=1.011, clip=0.810, loss_scale=1.000, optim_step_time=2.722e-04, optim0_lr0=1.000, train_time=0.008
[dbi-lab-server] 2026-05-06 18:57:35,753 (trainer:799) INFO: 17epoch:train:19249-22456batch: iter_time=4.494e-05, forward_time=0.004, loss=2.246, backward_time=0.001, grad_norm=1.021, clip=0.810, loss_scale=1.000, optim_step_time=2.744e-04, optim0_lr0=1.000, train_time=0.008
[dbi-lab-server] 2026-05-06 18:58:01,992 (trainer:799) INFO: 17epoch:train:22457-25664batch: iter_time=4.550e-05, forward_time=0.004, loss=2.238, backward_time=0.001, grad_norm=0.996, clip=0.592, loss_scale=1.000, optim_step_time=2.682e-04, optim0_lr0=1.000, train_time=0.008
[dbi-lab-server] 2026-05-06 18:58:27,681 (trainer:799) INFO: 17epoch:train:25665-28872batch: iter_time=4.529e-05, forward_time=0.004, loss=2.245, backward_time=0.001, grad_norm=0.990, clip=0.499, loss_scale=1.000, optim_step_time=2.641e-04, optim0_lr0=1.000, train_time=0.008
[dbi-lab-server] 2026-05-06 18:58:53,467 (trainer:799) INFO: 17epoch:train:28873-32080batch: iter_time=4.573e-05, forward_time=0.004, loss=2.247, backward_time=0.001, grad_norm=1.004, clip=0.717, loss_scale=1.000, optim_step_time=2.710e-04, optim0_lr0=1.000, train_time=0.008
[dbi-lab-server] 2026-05-06 18:59:18,964 (trainer:799) INFO: 17epoch:train:32081-35288batch: iter_time=4.500e-05, forward_time=0.004, loss=2.244, backward_time=0.001, grad_norm=1.006, clip=0.592, loss_scale=1.000, optim_step_time=2.684e-04, optim0_lr0=1.000, train_time=0.008
[dbi-lab-server] 2026-05-06 18:59:44,350 (trainer:799) INFO: 17epoch:train:35289-38496batch: iter_time=4.507e-05, forward_time=0.004, loss=2.246, backward_time=0.001, grad_norm=0.994, clip=0.561, loss_scale=1.000, optim_step_time=2.605e-04, optim0_lr0=1.000, train_time=0.008
[dbi-lab-server] 2026-05-06 19:00:09,910 (trainer:799) INFO: 17epoch:train:38497-41704batch: iter_time=4.447e-05, forward_time=0.004, loss=2.245, backward_time=0.001, grad_norm=1.003, clip=0.655, loss_scale=1.000, optim_step_time=2.665e-04, optim0_lr0=1.000, train_time=0.008
[dbi-lab-server] 2026-05-06 19:00:35,175 (trainer:799) INFO: 17epoch:train:41705-44912batch: iter_time=4.456e-05, forward_time=0.004, loss=2.252, backward_time=0.001, grad_norm=1.003, clip=0.623, loss_scale=1.000, optim_step_time=2.650e-04, optim0_lr0=1.000, train_time=0.008
[dbi-lab-server] 2026-05-06 19:01:00,037 (trainer:799) INFO: 17epoch:train:44913-48120batch: iter_time=4.469e-05, forward_time=0.004, loss=2.257, backward_time=0.001, grad_norm=1.004, clip=0.561, loss_scale=1.000, optim_step_time=2.559e-04, optim0_lr0=1.000, train_time=0.008
[dbi-lab-server] 2026-05-06 19:01:25,425 (trainer:799) INFO: 17epoch:train:48121-51328batch: iter_time=4.519e-05, forward_time=0.004, loss=2.254, backward_time=0.001, grad_norm=0.998, clip=0.530, loss_scale=1.000, optim_step_time=2.592e-04, optim0_lr0=1.000, train_time=0.008
[dbi-lab-server] 2026-05-06 19:01:50,727 (trainer:799) INFO: 17epoch:train:51329-54536batch: iter_time=4.358e-05, forward_time=0.004, loss=2.254, backward_time=0.001, grad_norm=1.004, clip=0.686, loss_scale=1.000, optim_step_time=2.571e-04, optim0_lr0=1.000, train_time=0.008
[dbi-lab-server] 2026-05-06 19:02:16,350 (trainer:799) INFO: 17epoch:train:54537-57744batch: iter_time=4.467e-05, forward_time=0.004, loss=2.254, backward_time=0.001, grad_norm=0.990, clip=0.343, loss_scale=1.000, optim_step_time=2.616e-04, optim0_lr0=1.000, train_time=0.008
[dbi-lab-server] 2026-05-06 19:02:41,451 (trainer:799) INFO: 17epoch:train:57745-60952batch: iter_time=4.430e-05, forward_time=0.004, loss=2.253, backward_time=0.001, grad_norm=1.000, clip=0.592, loss_scale=1.000, optim_step_time=2.571e-04, optim0_lr0=1.000, train_time=0.008
[dbi-lab-server] 2026-05-06 19:03:06,593 (trainer:799) INFO: 17epoch:train:60953-64160batch: iter_time=4.286e-05, forward_time=0.004, loss=2.259, backward_time=0.001, grad_norm=1.003, clip=0.561, loss_scale=1.000, optim_step_time=2.596e-04, optim0_lr0=1.000, train_time=0.008
[dbi-lab-server] 2026-05-06 19:03:45,843 (trainer:381) INFO: 17epoch results: [train] iter_time=4.597e-05, forward_time=0.004, loss=2.244, backward_time=0.001, grad_norm=0.998, clip=0.600, loss_scale=1.000, optim_step_time=2.633e-04, optim0_lr0=1.000, train_time=0.008, time=8 minutes and 32.68 seconds, total_count=1090941, gpu_max_cached_mem_GB=1.236, [valid] loss=2.350, time=38.74 seconds, total_count=152201, gpu_max_cached_mem_GB=1.236, [att_plot] time=0.1 seconds, total_count=0, gpu_max_cached_mem_GB=1.236
[dbi-lab-server] 2026-05-06 19:03:47,876 (trainer:447) INFO: There are no improvements in this epoch
[dbi-lab-server] 2026-05-06 19:03:47,888 (trainer:503) INFO: The model files were removed: exp/lm_train_char/16epoch.pth
[dbi-lab-server] 2026-05-06 19:03:47,888 (trainer:311) INFO: 18/40epoch started. Estimated time to finish: 3 hours, 31 minutes and 1.14 seconds
[dbi-lab-server] 2026-05-06 19:04:12,846 (trainer:799) INFO: 18epoch:train:1-3208batch: iter_time=6.190e-05, forward_time=0.004, loss=2.218, backward_time=0.001, grad_norm=0.968, clip=0.405, loss_scale=1.000, optim_step_time=2.492e-04, optim0_lr0=1.000, train_time=0.008
[dbi-lab-server] 2026-05-06 19:04:37,760 (trainer:799) INFO: 18epoch:train:3209-6416batch: iter_time=4.656e-05, forward_time=0.004, loss=2.230, backward_time=0.001, grad_norm=0.995, clip=0.530, loss_scale=1.000, optim_step_time=2.549e-04, optim0_lr0=1.000, train_time=0.008
[dbi-lab-server] 2026-05-06 19:05:03,194 (trainer:799) INFO: 18epoch:train:6417-9624batch: iter_time=4.608e-05, forward_time=0.004, loss=2.232, backward_time=0.001, grad_norm=0.997, clip=0.561, loss_scale=1.000, optim_step_time=2.629e-04, optim0_lr0=1.000, train_time=0.008
[dbi-lab-server] 2026-05-06 19:05:28,313 (trainer:799) INFO: 18epoch:train:9625-12832batch: iter_time=4.641e-05, forward_time=0.004, loss=2.236, backward_time=0.001, grad_norm=1.003, clip=0.436, loss_scale=1.000, optim_step_time=2.586e-04, optim0_lr0=1.000, train_time=0.008
[dbi-lab-server] 2026-05-06 19:05:53,478 (trainer:799) INFO: 18epoch:train:12833-16040batch: iter_time=4.451e-05, forward_time=0.004, loss=2.235, backward_time=0.001, grad_norm=1.002, clip=0.592, loss_scale=1.000, optim_step_time=2.578e-04, optim0_lr0=1.000, train_time=0.008
[dbi-lab-server] 2026-05-06 19:06:19,286 (trainer:799) INFO: 18epoch:train:16041-19248batch: iter_time=4.486e-05, forward_time=0.004, loss=2.235, backward_time=0.001, grad_norm=1.005, clip=0.592, loss_scale=1.000, optim_step_time=2.604e-04, optim0_lr0=1.000, train_time=0.008
[dbi-lab-server] 2026-05-06 19:06:45,028 (trainer:799) INFO: 18epoch:train:19249-22456batch: iter_time=4.495e-05, forward_time=0.004, loss=2.245, backward_time=0.001, grad_norm=1.019, clip=0.717, loss_scale=1.000, optim_step_time=2.552e-04, optim0_lr0=1.000, train_time=0.008
[dbi-lab-server] 2026-05-06 19:07:10,765 (trainer:799) INFO: 18epoch:train:22457-25664batch: iter_time=4.584e-05, forward_time=0.004, loss=2.243, backward_time=0.001, grad_norm=1.006, clip=0.686, loss_scale=1.000, optim_step_time=2.656e-04, optim0_lr0=1.000, train_time=0.008
[dbi-lab-server] 2026-05-06 19:07:36,153 (trainer:799) INFO: 18epoch:train:25665-28872batch: iter_time=4.483e-05, forward_time=0.004, loss=2.246, backward_time=0.001, grad_norm=1.008, clip=0.592, loss_scale=1.000, optim_step_time=2.601e-04, optim0_lr0=1.000, train_time=0.008
[dbi-lab-server] 2026-05-06 19:08:01,783 (trainer:799) INFO: 18epoch:train:28873-32080batch: iter_time=4.467e-05, forward_time=0.004, loss=2.245, backward_time=0.001, grad_norm=1.018, clip=0.655, loss_scale=1.000, optim_step_time=2.595e-04, optim0_lr0=1.000, train_time=0.008
[dbi-lab-server] 2026-05-06 19:08:27,781 (trainer:799) INFO: 18epoch:train:32081-35288batch: iter_time=4.475e-05, forward_time=0.004, loss=2.248, backward_time=0.001, grad_norm=1.006, clip=0.655, loss_scale=1.000, optim_step_time=2.643e-04, optim0_lr0=1.000, train_time=0.008
[dbi-lab-server] 2026-05-06 19:08:53,171 (trainer:799) INFO: 18epoch:train:35289-38496batch: iter_time=4.499e-05, forward_time=0.004, loss=2.256, backward_time=0.001, grad_norm=1.017, clip=0.436, loss_scale=1.000, optim_step_time=2.548e-04, optim0_lr0=1.000, train_time=0.008
[dbi-lab-server] 2026-05-06 19:09:19,254 (trainer:799) INFO: 18epoch:train:38497-41704batch: iter_time=4.508e-05, forward_time=0.004, loss=2.263, backward_time=0.001, grad_norm=1.020, clip=0.468, loss_scale=1.000, optim_step_time=2.755e-04, optim0_lr0=1.000, train_time=0.008
[dbi-lab-server] 2026-05-06 19:09:45,029 (trainer:799) INFO: 18epoch:train:41705-44912batch: iter_time=4.503e-05, forward_time=0.004, loss=2.261, backward_time=0.001, grad_norm=1.007, clip=0.530, loss_scale=1.000, optim_step_time=2.590e-04, optim0_lr0=1.000, train_time=0.008
[dbi-lab-server] 2026-05-06 19:10:10,898 (trainer:799) INFO: 18epoch:train:44913-48120batch: iter_time=4.485e-05, forward_time=0.004, loss=2.256, backward_time=0.001, grad_norm=1.022, clip=0.717, loss_scale=1.000, optim_step_time=2.623e-04, optim0_lr0=1.000, train_time=0.008
[dbi-lab-server] 2026-05-06 19:10:36,749 (trainer:799) INFO: 18epoch:train:48121-51328batch: iter_time=4.549e-05, forward_time=0.004, loss=2.261, backward_time=0.001, grad_norm=1.035, clip=0.873, loss_scale=1.000, optim_step_time=2.660e-04, optim0_lr0=1.000, train_time=0.008
[dbi-lab-server] 2026-05-06 19:11:02,400 (trainer:799) INFO: 18epoch:train:51329-54536batch: iter_time=4.536e-05, forward_time=0.004, loss=2.260, backward_time=0.001, grad_norm=1.026, clip=0.842, loss_scale=1.000, optim_step_time=2.683e-04, optim0_lr0=1.000, train_time=0.008
[dbi-lab-server] 2026-05-06 19:11:28,203 (trainer:799) INFO: 18epoch:train:54537-57744batch: iter_time=4.522e-05, forward_time=0.004, loss=2.261, backward_time=0.002, grad_norm=1.014, clip=0.592, loss_scale=1.000, optim_step_time=2.779e-04, optim0_lr0=1.000, train_time=0.008
[dbi-lab-server] 2026-05-06 19:11:54,041 (trainer:799) INFO: 18epoch:train:57745-60952batch: iter_time=4.637e-05, forward_time=0.004, loss=2.266, backward_time=0.001, grad_norm=1.019, clip=0.561, loss_scale=1.000, optim_step_time=2.596e-04, optim0_lr0=1.000, train_time=0.008
[dbi-lab-server] 2026-05-06 19:12:20,216 (trainer:799) INFO: 18epoch:train:60953-64160batch: iter_time=4.362e-05, forward_time=0.004, loss=2.262, backward_time=0.001, grad_norm=1.012, clip=0.592, loss_scale=1.000, optim_step_time=2.645e-04, optim0_lr0=1.000, train_time=0.008
[dbi-lab-server] 2026-05-06 19:13:00,011 (trainer:381) INFO: 18epoch results: [train] iter_time=4.607e-05, forward_time=0.004, loss=2.248, backward_time=0.001, grad_norm=1.010, clip=0.601, loss_scale=1.000, optim_step_time=2.618e-04, optim0_lr0=1.000, train_time=0.008, time=8 minutes and 32.7 seconds, total_count=1155114, gpu_max_cached_mem_GB=1.236, [valid] loss=2.355, time=39.31 seconds, total_count=161154, gpu_max_cached_mem_GB=1.236, [att_plot] time=0.09 seconds, total_count=0, gpu_max_cached_mem_GB=1.236
[dbi-lab-server] 2026-05-06 19:13:02,062 (trainer:447) INFO: There are no improvements in this epoch
[dbi-lab-server] 2026-05-06 19:13:02,073 (trainer:503) INFO: The model files were removed: exp/lm_train_char/17epoch.pth
[dbi-lab-server] 2026-05-06 19:13:02,073 (trainer:311) INFO: 19/40epoch started. Estimated time to finish: 3 hours, 21 minutes and 55.18 seconds
[dbi-lab-server] 2026-05-06 19:13:28,083 (trainer:799) INFO: 19epoch:train:1-3208batch: iter_time=6.259e-05, forward_time=0.004, loss=2.227, backward_time=0.001, grad_norm=0.998, clip=0.655, loss_scale=1.000, optim_step_time=2.586e-04, optim0_lr0=1.000, train_time=0.008
[dbi-lab-server] 2026-05-06 19:13:54,019 (trainer:799) INFO: 19epoch:train:3209-6416batch: iter_time=4.871e-05, forward_time=0.004, loss=2.228, backward_time=0.001, grad_norm=0.999, clip=0.436, loss_scale=1.000, optim_step_time=2.652e-04, optim0_lr0=1.000, train_time=0.008
[dbi-lab-server] 2026-05-06 19:14:19,326 (trainer:799) INFO: 19epoch:train:6417-9624batch: iter_time=4.592e-05, forward_time=0.004, loss=2.236, backward_time=0.001, grad_norm=1.013, clip=0.655, loss_scale=1.000, optim_step_time=2.547e-04, optim0_lr0=1.000, train_time=0.008
[dbi-lab-server] 2026-05-06 19:14:44,644 (trainer:799) INFO: 19epoch:train:9625-12832batch: iter_time=4.351e-05, forward_time=0.004, loss=2.233, backward_time=0.001, grad_norm=1.010, clip=0.686, loss_scale=1.000, optim_step_time=2.542e-04, optim0_lr0=1.000, train_time=0.008
[dbi-lab-server] 2026-05-06 19:15:10,287 (trainer:799) INFO: 19epoch:train:12833-16040batch: iter_time=4.379e-05, forward_time=0.004, loss=2.246, backward_time=0.001, grad_norm=1.007, clip=0.499, loss_scale=1.000, optim_step_time=2.664e-04, optim0_lr0=1.000, train_time=0.008
[dbi-lab-server] 2026-05-06 19:15:36,006 (trainer:799) INFO: 19epoch:train:16041-19248batch: iter_time=4.539e-05, forward_time=0.004, loss=2.247, backward_time=0.001, grad_norm=1.020, clip=0.592, loss_scale=1.000, optim_step_time=2.682e-04, optim0_lr0=1.000, train_time=0.008
[dbi-lab-server] 2026-05-06 19:16:01,784 (trainer:799) INFO: 19epoch:train:19249-22456batch: iter_time=4.578e-05, forward_time=0.004, loss=2.249, backward_time=0.001, grad_norm=1.014, clip=0.561, loss_scale=1.000, optim_step_time=2.597e-04, optim0_lr0=1.000, train_time=0.008
[dbi-lab-server] 2026-05-06 19:16:27,178 (trainer:799) INFO: 19epoch:train:22457-25664batch: iter_time=4.530e-05, forward_time=0.004, loss=2.247, backward_time=0.001, grad_norm=1.004, clip=0.468, loss_scale=1.000, optim_step_time=2.634e-04, optim0_lr0=1.000, train_time=0.008
[dbi-lab-server] 2026-05-06 19:16:52,504 (trainer:799) INFO: 19epoch:train:25665-28872batch: iter_time=4.548e-05, forward_time=0.004, loss=2.247, backward_time=0.001, grad_norm=1.008, clip=0.592, loss_scale=1.000, optim_step_time=2.647e-04, optim0_lr0=1.000, train_time=0.008
[dbi-lab-server] 2026-05-06 19:17:17,610 (trainer:799) INFO: 19epoch:train:28873-32080batch: iter_time=4.521e-05, forward_time=0.004, loss=2.251, backward_time=0.001, grad_norm=1.005, clip=0.592, loss_scale=1.000, optim_step_time=2.592e-04, optim0_lr0=1.000, train_time=0.008
[dbi-lab-server] 2026-05-06 19:17:43,148 (trainer:799) INFO: 19epoch:train:32081-35288batch: iter_time=4.534e-05, forward_time=0.004, loss=2.250, backward_time=0.001, grad_norm=1.024, clip=0.655, loss_scale=1.000, optim_step_time=2.716e-04, optim0_lr0=1.000, train_time=0.008
[dbi-lab-server] 2026-05-06 19:18:08,651 (trainer:799) INFO: 19epoch:train:35289-38496batch: iter_time=4.522e-05, forward_time=0.004, loss=2.255, backward_time=0.001, grad_norm=1.017, clip=0.655, loss_scale=1.000, optim_step_time=2.679e-04, optim0_lr0=1.000, train_time=0.008
[dbi-lab-server] 2026-05-06 19:18:33,879 (trainer:799) INFO: 19epoch:train:38497-41704batch: iter_time=4.553e-05, forward_time=0.004, loss=2.259, backward_time=0.001, grad_norm=1.036, clip=0.717, loss_scale=1.000, optim_step_time=2.712e-04, optim0_lr0=1.000, train_time=0.008
[dbi-lab-server] 2026-05-06 19:18:59,240 (trainer:799) INFO: 19epoch:train:41705-44912batch: iter_time=4.541e-05, forward_time=0.004, loss=2.264, backward_time=0.001, grad_norm=1.037, clip=0.717, loss_scale=1.000, optim_step_time=2.705e-04, optim0_lr0=1.000, train_time=0.008
[dbi-lab-server] 2026-05-06 19:19:24,697 (trainer:799) INFO: 19epoch:train:44913-48120batch: iter_time=4.452e-05, forward_time=0.004, loss=2.262, backward_time=0.001, grad_norm=1.015, clip=0.530, loss_scale=1.000, optim_step_time=2.674e-04, optim0_lr0=1.000, train_time=0.008
[dbi-lab-server] 2026-05-06 19:19:50,029 (trainer:799) INFO: 19epoch:train:48121-51328batch: iter_time=4.461e-05, forward_time=0.004, loss=2.260, backward_time=0.001, grad_norm=1.015, clip=0.623, loss_scale=1.000, optim_step_time=2.659e-04, optim0_lr0=1.000, train_time=0.008
[dbi-lab-server] 2026-05-06 19:20:15,183 (trainer:799) INFO: 19epoch:train:51329-54536batch: iter_time=4.321e-05, forward_time=0.004, loss=2.273, backward_time=0.001, grad_norm=1.063, clip=0.842, loss_scale=1.000, optim_step_time=2.618e-04, optim0_lr0=1.000, train_time=0.008
[dbi-lab-server] 2026-05-06 19:20:40,386 (trainer:799) INFO: 19epoch:train:54537-57744batch: iter_time=4.498e-05, forward_time=0.004, loss=2.276, backward_time=0.001, grad_norm=1.055, clip=0.748, loss_scale=1.000, optim_step_time=2.567e-04, optim0_lr0=1.000, train_time=0.008
[dbi-lab-server] 2026-05-06 19:21:05,335 (trainer:799) INFO: 19epoch:train:57745-60952batch: iter_time=4.451e-05, forward_time=0.004, loss=2.260, backward_time=0.001, grad_norm=1.024, clip=0.717, loss_scale=1.000, optim_step_time=2.533e-04, optim0_lr0=1.000, train_time=0.008
[dbi-lab-server] 2026-05-06 19:21:30,121 (trainer:799) INFO: 19epoch:train:60953-64160batch: iter_time=4.473e-05, forward_time=0.004, loss=2.269, backward_time=0.001, grad_norm=1.043, clip=0.623, loss_scale=1.000, optim_step_time=2.608e-04, optim0_lr0=1.000, train_time=0.008
[dbi-lab-server] 2026-05-06 19:22:08,010 (trainer:381) INFO: 19epoch results: [train] iter_time=4.599e-05, forward_time=0.004, loss=2.252, backward_time=0.001, grad_norm=1.020, clip=0.628, loss_scale=1.000, optim_step_time=2.631e-04, optim0_lr0=1.000, train_time=0.008, time=8 minutes and 28.44 seconds, total_count=1219287, gpu_max_cached_mem_GB=1.236, [valid] loss=2.367, time=37.38 seconds, total_count=170107, gpu_max_cached_mem_GB=1.236, [att_plot] time=0.1 seconds, total_count=0, gpu_max_cached_mem_GB=1.236
[dbi-lab-server] 2026-05-06 19:22:10,029 (trainer:447) INFO: There are no improvements in this epoch
[dbi-lab-server] 2026-05-06 19:22:10,039 (trainer:503) INFO: The model files were removed: exp/lm_train_char/18epoch.pth
[dbi-lab-server] 2026-05-06 19:22:10,039 (trainer:311) INFO: 20/40epoch started. Estimated time to finish: 3 hours, 12 minutes and 41.47 seconds
[dbi-lab-server] 2026-05-06 19:22:34,889 (trainer:799) INFO: 20epoch:train:1-3208batch: iter_time=6.269e-05, forward_time=0.004, loss=2.230, backward_time=0.001, grad_norm=1.015, clip=0.623, loss_scale=1.000, optim_step_time=2.560e-04, optim0_lr0=1.000, train_time=0.008
[dbi-lab-server] 2026-05-06 19:22:59,589 (trainer:799) INFO: 20epoch:train:3209-6416batch: iter_time=4.537e-05, forward_time=0.004, loss=2.241, backward_time=0.001, grad_norm=1.034, clip=0.561, loss_scale=1.000, optim_step_time=2.543e-04, optim0_lr0=1.000, train_time=0.008
[dbi-lab-server] 2026-05-06 19:23:24,664 (trainer:799) INFO: 20epoch:train:6417-9624batch: iter_time=4.661e-05, forward_time=0.004, loss=2.237, backward_time=0.001, grad_norm=1.016, clip=0.842, loss_scale=1.000, optim_step_time=2.574e-04, optim0_lr0=1.000, train_time=0.008
[dbi-lab-server] 2026-05-06 19:23:49,436 (trainer:799) INFO: 20epoch:train:9625-12832batch: iter_time=4.490e-05, forward_time=0.004, loss=2.243, backward_time=0.001, grad_norm=1.015, clip=0.561, loss_scale=1.000, optim_step_time=2.539e-04, optim0_lr0=1.000, train_time=0.008
[dbi-lab-server] 2026-05-06 19:24:14,774 (trainer:799) INFO: 20epoch:train:12833-16040batch: iter_time=4.545e-05, forward_time=0.004, loss=2.244, backward_time=0.001, grad_norm=1.006, clip=0.561, loss_scale=1.000, optim_step_time=2.601e-04, optim0_lr0=1.000, train_time=0.008
[dbi-lab-server] 2026-05-06 19:24:39,919 (trainer:799) INFO: 20epoch:train:16041-19248batch: iter_time=4.505e-05, forward_time=0.004, loss=2.247, backward_time=0.001, grad_norm=1.034, clip=0.686, loss_scale=1.000, optim_step_time=2.644e-04, optim0_lr0=1.000, train_time=0.008
[dbi-lab-server] 2026-05-06 19:25:05,475 (trainer:799) INFO: 20epoch:train:19249-22456batch: iter_time=4.567e-05, forward_time=0.004, loss=2.256, backward_time=0.001, grad_norm=1.018, clip=0.561, loss_scale=1.000, optim_step_time=2.764e-04, optim0_lr0=1.000, train_time=0.008
[dbi-lab-server] 2026-05-06 19:25:31,184 (trainer:799) INFO: 20epoch:train:22457-25664batch: iter_time=4.512e-05, forward_time=0.004, loss=2.255, backward_time=0.001, grad_norm=1.023, clip=0.499, loss_scale=1.000, optim_step_time=2.759e-04, optim0_lr0=1.000, train_time=0.008
[dbi-lab-server] 2026-05-06 19:25:56,983 (trainer:799) INFO: 20epoch:train:25665-28872batch: iter_time=4.624e-05, forward_time=0.004, loss=2.260, backward_time=0.001, grad_norm=1.033, clip=0.561, loss_scale=1.000, optim_step_time=2.765e-04, optim0_lr0=1.000, train_time=0.008
[dbi-lab-server] 2026-05-06 19:26:22,314 (trainer:799) INFO: 20epoch:train:28873-32080batch: iter_time=4.362e-05, forward_time=0.004, loss=2.259, backward_time=0.001, grad_norm=1.030, clip=0.655, loss_scale=1.000, optim_step_time=2.630e-04, optim0_lr0=1.000, train_time=0.008
[dbi-lab-server] 2026-05-06 19:26:47,883 (trainer:799) INFO: 20epoch:train:32081-35288batch: iter_time=4.490e-05, forward_time=0.004, loss=2.267, backward_time=0.001, grad_norm=1.031, clip=0.530, loss_scale=1.000, optim_step_time=2.709e-04, optim0_lr0=1.000, train_time=0.008
[dbi-lab-server] 2026-05-06 19:27:13,098 (trainer:799) INFO: 20epoch:train:35289-38496batch: iter_time=4.494e-05, forward_time=0.004, loss=2.264, backward_time=0.001, grad_norm=1.019, clip=0.499, loss_scale=1.000, optim_step_time=2.668e-04, optim0_lr0=1.000, train_time=0.008
[dbi-lab-server] 2026-05-06 19:27:38,295 (trainer:799) INFO: 20epoch:train:38497-41704batch: iter_time=4.499e-05, forward_time=0.004, loss=2.261, backward_time=0.001, grad_norm=1.021, clip=0.592, loss_scale=1.000, optim_step_time=2.647e-04, optim0_lr0=1.000, train_time=0.008
[dbi-lab-server] 2026-05-06 19:28:03,327 (trainer:799) INFO: 20epoch:train:41705-44912batch: iter_time=4.529e-05, forward_time=0.004, loss=2.273, backward_time=0.001, grad_norm=1.035, clip=0.779, loss_scale=1.000, optim_step_time=2.583e-04, optim0_lr0=1.000, train_time=0.008
[dbi-lab-server] 2026-05-06 19:28:28,779 (trainer:799) INFO: 20epoch:train:44913-48120batch: iter_time=4.498e-05, forward_time=0.004, loss=2.263, backward_time=0.001, grad_norm=1.029, clip=0.530, loss_scale=1.000, optim_step_time=2.700e-04, optim0_lr0=1.000, train_time=0.008
[dbi-lab-server] 2026-05-06 19:28:53,824 (trainer:799) INFO: 20epoch:train:48121-51328batch: iter_time=4.432e-05, forward_time=0.004, loss=2.271, backward_time=0.001, grad_norm=1.033, clip=0.686, loss_scale=1.000, optim_step_time=2.569e-04, optim0_lr0=1.000, train_time=0.008
[dbi-lab-server] 2026-05-06 19:29:18,698 (trainer:799) INFO: 20epoch:train:51329-54536batch: iter_time=4.458e-05, forward_time=0.004, loss=2.265, backward_time=0.001, grad_norm=1.042, clip=0.655, loss_scale=1.000, optim_step_time=2.613e-04, optim0_lr0=1.000, train_time=0.008
[dbi-lab-server] 2026-05-06 19:29:43,564 (trainer:799) INFO: 20epoch:train:54537-57744batch: iter_time=4.536e-05, forward_time=0.004, loss=2.272, backward_time=0.001, grad_norm=1.029, clip=0.530, loss_scale=1.000, optim_step_time=2.591e-04, optim0_lr0=1.000, train_time=0.008
[dbi-lab-server] 2026-05-06 19:30:08,592 (trainer:799) INFO: 20epoch:train:57745-60952batch: iter_time=4.471e-05, forward_time=0.004, loss=2.280, backward_time=0.001, grad_norm=1.054, clip=0.686, loss_scale=1.000, optim_step_time=2.671e-04, optim0_lr0=1.000, train_time=0.008
[dbi-lab-server] 2026-05-06 19:30:33,787 (trainer:799) INFO: 20epoch:train:60953-64160batch: iter_time=4.514e-05, forward_time=0.004, loss=2.268, backward_time=0.001, grad_norm=1.037, clip=0.717, loss_scale=1.000, optim_step_time=2.605e-04, optim0_lr0=1.000, train_time=0.008
[dbi-lab-server] 2026-05-06 19:31:12,139 (trainer:381) INFO: 20epoch results: [train] iter_time=4.600e-05, forward_time=0.004, loss=2.258, backward_time=0.001, grad_norm=1.028, clip=0.616, loss_scale=1.000, optim_step_time=2.637e-04, optim0_lr0=1.000, train_time=0.008, time=8 minutes and 24.12 seconds, total_count=1283460, gpu_max_cached_mem_GB=1.236, [valid] loss=2.353, time=37.87 seconds, total_count=179060, gpu_max_cached_mem_GB=1.236, [att_plot] time=0.1 seconds, total_count=0, gpu_max_cached_mem_GB=1.236
[dbi-lab-server] 2026-05-06 19:31:14,102 (trainer:447) INFO: There are no improvements in this epoch
[dbi-lab-server] 2026-05-06 19:31:14,112 (trainer:503) INFO: The model files were removed: exp/lm_train_char/19epoch.pth
[dbi-lab-server] 2026-05-06 19:31:14,112 (trainer:311) INFO: 21/40epoch started. Estimated time to finish: 3 hours, 3 minutes and 24.46 seconds
[dbi-lab-server] 2026-05-06 19:31:39,271 (trainer:799) INFO: 21epoch:train:1-3208batch: iter_time=6.175e-05, forward_time=0.004, loss=2.229, backward_time=0.001, grad_norm=1.016, clip=0.655, loss_scale=1.000, optim_step_time=2.578e-04, optim0_lr0=1.000, train_time=0.008
[dbi-lab-server] 2026-05-06 19:32:04,426 (trainer:799) INFO: 21epoch:train:3209-6416batch: iter_time=4.835e-05, forward_time=0.004, loss=2.248, backward_time=0.001, grad_norm=1.047, clip=0.717, loss_scale=1.000, optim_step_time=2.644e-04, optim0_lr0=1.000, train_time=0.008
[dbi-lab-server] 2026-05-06 19:32:29,122 (trainer:799) INFO: 21epoch:train:6417-9624batch: iter_time=4.522e-05, forward_time=0.004, loss=2.248, backward_time=0.001, grad_norm=1.045, clip=0.717, loss_scale=1.000, optim_step_time=2.553e-04, optim0_lr0=1.000, train_time=0.008
[dbi-lab-server] 2026-05-06 19:32:54,077 (trainer:799) INFO: 21epoch:train:9625-12832batch: iter_time=4.533e-05, forward_time=0.004, loss=2.251, backward_time=0.001, grad_norm=1.043, clip=0.717, loss_scale=1.000, optim_step_time=2.593e-04, optim0_lr0=1.000, train_time=0.008
[dbi-lab-server] 2026-05-06 19:33:19,284 (trainer:799) INFO: 21epoch:train:12833-16040batch: iter_time=4.432e-05, forward_time=0.004, loss=2.247, backward_time=0.001, grad_norm=1.028, clip=0.686, loss_scale=1.000, optim_step_time=2.709e-04, optim0_lr0=1.000, train_time=0.008
[dbi-lab-server] 2026-05-06 19:33:44,481 (trainer:799) INFO: 21epoch:train:16041-19248batch: iter_time=4.565e-05, forward_time=0.004, loss=2.258, backward_time=0.001, grad_norm=1.037, clip=0.655, loss_scale=1.000, optim_step_time=2.672e-04, optim0_lr0=1.000, train_time=0.008
[dbi-lab-server] 2026-05-06 19:34:10,118 (trainer:799) INFO: 21epoch:train:19249-22456batch: iter_time=4.475e-05, forward_time=0.004, loss=2.255, backward_time=0.001, grad_norm=1.034, clip=0.623, loss_scale=1.000, optim_step_time=2.683e-04, optim0_lr0=1.000, train_time=0.008
[dbi-lab-server] 2026-05-06 19:34:35,415 (trainer:799) INFO: 21epoch:train:22457-25664batch: iter_time=4.531e-05, forward_time=0.004, loss=2.260, backward_time=0.001, grad_norm=1.057, clip=0.873, loss_scale=1.000, optim_step_time=2.687e-04, optim0_lr0=1.000, train_time=0.008
[dbi-lab-server] 2026-05-06 19:35:00,779 (trainer:799) INFO: 21epoch:train:25665-28872batch: iter_time=4.391e-05, forward_time=0.004, loss=2.264, backward_time=0.001, grad_norm=1.048, clip=0.499, loss_scale=1.000, optim_step_time=2.666e-04, optim0_lr0=1.000, train_time=0.008
[dbi-lab-server] 2026-05-06 19:35:25,911 (trainer:799) INFO: 21epoch:train:28873-32080batch: iter_time=4.687e-05, forward_time=0.004, loss=2.266, backward_time=0.001, grad_norm=1.035, clip=0.343, loss_scale=1.000, optim_step_time=2.546e-04, optim0_lr0=1.000, train_time=0.008
[dbi-lab-server] 2026-05-06 19:35:50,936 (trainer:799) INFO: 21epoch:train:32081-35288batch: iter_time=4.448e-05, forward_time=0.004, loss=2.271, backward_time=0.001, grad_norm=1.050, clip=0.561, loss_scale=1.000, optim_step_time=2.567e-04, optim0_lr0=1.000, train_time=0.008
[dbi-lab-server] 2026-05-06 19:36:16,661 (trainer:799) INFO: 21epoch:train:35289-38496batch: iter_time=4.364e-05, forward_time=0.004, loss=2.264, backward_time=0.001, grad_norm=1.055, clip=0.686, loss_scale=1.000, optim_step_time=2.603e-04, optim0_lr0=1.000, train_time=0.008
[dbi-lab-server] 2026-05-06 19:36:42,106 (trainer:799) INFO: 21epoch:train:38497-41704batch: iter_time=4.565e-05, forward_time=0.004, loss=2.276, backward_time=0.001, grad_norm=1.066, clip=0.686, loss_scale=1.000, optim_step_time=2.543e-04, optim0_lr0=1.000, train_time=0.008
[dbi-lab-server] 2026-05-06 19:37:08,275 (trainer:799) INFO: 21epoch:train:41705-44912batch: iter_time=4.549e-05, forward_time=0.004, loss=2.268, backward_time=0.001, grad_norm=1.063, clip=0.748, loss_scale=1.000, optim_step_time=2.630e-04, optim0_lr0=1.000, train_time=0.008
[dbi-lab-server] 2026-05-06 19:37:33,634 (trainer:799) INFO: 21epoch:train:44913-48120batch: iter_time=4.509e-05, forward_time=0.004, loss=2.274, backward_time=0.001, grad_norm=1.064, clip=0.779, loss_scale=1.000, optim_step_time=2.640e-04, optim0_lr0=1.000, train_time=0.008
[dbi-lab-server] 2026-05-06 19:37:58,619 (trainer:799) INFO: 21epoch:train:48121-51328batch: iter_time=4.469e-05, forward_time=0.004, loss=2.272, backward_time=0.001, grad_norm=1.053, clip=0.717, loss_scale=1.000, optim_step_time=2.565e-04, optim0_lr0=1.000, train_time=0.008
[dbi-lab-server] 2026-05-06 19:38:23,869 (trainer:799) INFO: 21epoch:train:51329-54536batch: iter_time=4.462e-05, forward_time=0.004, loss=2.278, backward_time=0.001, grad_norm=1.049, clip=0.561, loss_scale=1.000, optim_step_time=2.680e-04, optim0_lr0=1.000, train_time=0.008
[dbi-lab-server] 2026-05-06 19:38:48,893 (trainer:799) INFO: 21epoch:train:54537-57744batch: iter_time=4.503e-05, forward_time=0.004, loss=2.277, backward_time=0.001, grad_norm=1.034, clip=0.468, loss_scale=1.000, optim_step_time=2.613e-04, optim0_lr0=1.000, train_time=0.008
[dbi-lab-server] 2026-05-06 19:39:14,230 (trainer:799) INFO: 21epoch:train:57745-60952batch: iter_time=4.519e-05, forward_time=0.004, loss=2.286, backward_time=0.001, grad_norm=1.068, clip=0.748, loss_scale=1.000, optim_step_time=2.699e-04, optim0_lr0=1.000, train_time=0.008
[dbi-lab-server] 2026-05-06 19:39:39,582 (trainer:799) INFO: 21epoch:train:60953-64160batch: iter_time=4.480e-05, forward_time=0.004, loss=2.280, backward_time=0.001, grad_norm=1.038, clip=0.686, loss_scale=1.000, optim_step_time=2.662e-04, optim0_lr0=1.000, train_time=0.008
[dbi-lab-server] 2026-05-06 19:40:18,191 (trainer:381) INFO: 21epoch results: [train] iter_time=4.601e-05, forward_time=0.004, loss=2.264, backward_time=0.001, grad_norm=1.046, clip=0.658, loss_scale=1.000, optim_step_time=2.627e-04, optim0_lr0=1.000, train_time=0.008, time=8 minutes and 25.88 seconds, total_count=1347633, gpu_max_cached_mem_GB=1.236, [valid] loss=2.366, time=38.07 seconds, total_count=188013, gpu_max_cached_mem_GB=1.236, [att_plot] time=0.1 seconds, total_count=0, gpu_max_cached_mem_GB=1.236
[dbi-lab-server] 2026-05-06 19:40:20,284 (trainer:447) INFO: There are no improvements in this epoch
[dbi-lab-server] 2026-05-06 19:40:20,294 (trainer:503) INFO: The model files were removed: exp/lm_train_char/20epoch.pth
[dbi-lab-server] 2026-05-06 19:40:20,295 (trainer:311) INFO: 22/40epoch started. Estimated time to finish: 2 hours, 54 minutes and 10.58 seconds
[dbi-lab-server] 2026-05-06 19:40:45,451 (trainer:799) INFO: 22epoch:train:1-3208batch: iter_time=6.362e-05, forward_time=0.004, loss=2.238, backward_time=0.001, grad_norm=1.013, clip=0.686, loss_scale=1.000, optim_step_time=2.553e-04, optim0_lr0=1.000, train_time=0.008
[dbi-lab-server] 2026-05-06 19:41:18,771 (trainer:799) INFO: 22epoch:train:3209-6416batch: iter_time=4.935e-05, forward_time=0.005, loss=2.252, backward_time=0.002, grad_norm=1.028, clip=0.592, loss_scale=1.000, optim_step_time=2.636e-04, optim0_lr0=1.000, train_time=0.010
[dbi-lab-server] 2026-05-06 19:41:44,900 (trainer:799) INFO: 22epoch:train:6417-9624batch: iter_time=4.457e-05, forward_time=0.004, loss=2.245, backward_time=0.001, grad_norm=1.026, clip=0.686, loss_scale=1.000, optim_step_time=2.656e-04, optim0_lr0=1.000, train_time=0.008
[dbi-lab-server] 2026-05-06 19:42:10,287 (trainer:799) INFO: 22epoch:train:9625-12832batch: iter_time=4.542e-05, forward_time=0.004, loss=2.256, backward_time=0.001, grad_norm=1.047, clip=0.748, loss_scale=1.000, optim_step_time=2.698e-04, optim0_lr0=1.000, train_time=0.008
[dbi-lab-server] 2026-05-06 19:42:35,726 (trainer:799) INFO: 22epoch:train:12833-16040batch: iter_time=4.508e-05, forward_time=0.004, loss=2.254, backward_time=0.001, grad_norm=1.024, clip=0.623, loss_scale=1.000, optim_step_time=2.587e-04, optim0_lr0=1.000, train_time=0.008
[dbi-lab-server] 2026-05-06 19:43:01,043 (trainer:799) INFO: 22epoch:train:16041-19248batch: iter_time=4.379e-05, forward_time=0.004, loss=2.257, backward_time=0.001, grad_norm=1.052, clip=0.748, loss_scale=1.000, optim_step_time=2.575e-04, optim0_lr0=1.000, train_time=0.008
[dbi-lab-server] 2026-05-06 19:43:26,312 (trainer:799) INFO: 22epoch:train:19249-22456batch: iter_time=4.481e-05, forward_time=0.004, loss=2.264, backward_time=0.001, grad_norm=1.065, clip=0.842, loss_scale=1.000, optim_step_time=2.623e-04, optim0_lr0=1.000, train_time=0.008
[dbi-lab-server] 2026-05-06 19:43:51,487 (trainer:799) INFO: 22epoch:train:22457-25664batch: iter_time=4.493e-05, forward_time=0.004, loss=2.268, backward_time=0.001, grad_norm=1.063, clip=0.686, loss_scale=1.000, optim_step_time=2.597e-04, optim0_lr0=1.000, train_time=0.008
[dbi-lab-server] 2026-05-06 19:44:16,659 (trainer:799) INFO: 22epoch:train:25665-28872batch: iter_time=4.501e-05, forward_time=0.004, loss=2.269, backward_time=0.001, grad_norm=1.032, clip=0.436, loss_scale=1.000, optim_step_time=2.646e-04, optim0_lr0=1.000, train_time=0.008
[dbi-lab-server] 2026-05-06 19:44:42,060 (trainer:799) INFO: 22epoch:train:28873-32080batch: iter_time=4.581e-05, forward_time=0.004, loss=2.269, backward_time=0.001, grad_norm=1.062, clip=0.842, loss_scale=1.000, optim_step_time=2.628e-04, optim0_lr0=1.000, train_time=0.008
[dbi-lab-server] 2026-05-06 19:45:07,270 (trainer:799) INFO: 22epoch:train:32081-35288batch: iter_time=4.553e-05, forward_time=0.004, loss=2.270, backward_time=0.001, grad_norm=1.044, clip=0.468, loss_scale=1.000, optim_step_time=2.628e-04, optim0_lr0=1.000, train_time=0.008
[dbi-lab-server] 2026-05-06 19:45:32,455 (trainer:799) INFO: 22epoch:train:35289-38496batch: iter_time=4.509e-05, forward_time=0.004, loss=2.277, backward_time=0.001, grad_norm=1.050, clip=0.561, loss_scale=1.000, optim_step_time=2.693e-04, optim0_lr0=1.000, train_time=0.008
[dbi-lab-server] 2026-05-06 19:45:57,533 (trainer:799) INFO: 22epoch:train:38497-41704batch: iter_time=4.435e-05, forward_time=0.004, loss=2.275, backward_time=0.001, grad_norm=1.059, clip=0.842, loss_scale=1.000, optim_step_time=2.620e-04, optim0_lr0=1.000, train_time=0.008
[dbi-lab-server] 2026-05-06 19:46:22,449 (trainer:799) INFO: 22epoch:train:41705-44912batch: iter_time=4.378e-05, forward_time=0.004, loss=2.281, backward_time=0.001, grad_norm=1.059, clip=0.686, loss_scale=1.000, optim_step_time=2.634e-04, optim0_lr0=1.000, train_time=0.008
[dbi-lab-server] 2026-05-06 19:46:47,811 (trainer:799) INFO: 22epoch:train:44913-48120batch: iter_time=4.584e-05, forward_time=0.004, loss=2.269, backward_time=0.001, grad_norm=1.035, clip=0.592, loss_scale=1.000, optim_step_time=2.601e-04, optim0_lr0=1.000, train_time=0.008
[dbi-lab-server] 2026-05-06 19:47:12,772 (trainer:799) INFO: 22epoch:train:48121-51328batch: iter_time=4.396e-05, forward_time=0.004, loss=2.278, backward_time=0.001, grad_norm=1.053, clip=0.655, loss_scale=1.000, optim_step_time=2.577e-04, optim0_lr0=1.000, train_time=0.008
[dbi-lab-server] 2026-05-06 19:47:38,163 (trainer:799) INFO: 22epoch:train:51329-54536batch: iter_time=4.360e-05, forward_time=0.004, loss=2.277, backward_time=0.001, grad_norm=1.037, clip=0.436, loss_scale=1.000, optim_step_time=2.606e-04, optim0_lr0=1.000, train_time=0.008
[dbi-lab-server] 2026-05-06 19:48:03,302 (trainer:799) INFO: 22epoch:train:54537-57744batch: iter_time=4.469e-05, forward_time=0.004, loss=2.283, backward_time=0.001, grad_norm=1.073, clip=0.873, loss_scale=1.000, optim_step_time=2.558e-04, optim0_lr0=1.000, train_time=0.008
[dbi-lab-server] 2026-05-06 19:48:28,486 (trainer:799) INFO: 22epoch:train:57745-60952batch: iter_time=4.448e-05, forward_time=0.004, loss=2.279, backward_time=0.001, grad_norm=1.052, clip=0.686, loss_scale=1.000, optim_step_time=2.577e-04, optim0_lr0=1.000, train_time=0.008
[dbi-lab-server] 2026-05-06 19:48:53,569 (trainer:799) INFO: 22epoch:train:60953-64160batch: iter_time=4.409e-05, forward_time=0.004, loss=2.287, backward_time=0.001, grad_norm=1.065, clip=0.810, loss_scale=1.000, optim_step_time=2.576e-04, optim0_lr0=1.000, train_time=0.008
[dbi-lab-server] 2026-05-06 19:49:32,499 (trainer:381) INFO: 22epoch results: [train] iter_time=4.589e-05, forward_time=0.004, loss=2.267, backward_time=0.001, grad_norm=1.047, clip=0.676, loss_scale=1.000, optim_step_time=2.613e-04, optim0_lr0=1.000, train_time=0.008, time=8 minutes and 33.68 seconds, total_count=1411806, gpu_max_cached_mem_GB=1.236, [valid] loss=2.376, time=38.4 seconds, total_count=196966, gpu_max_cached_mem_GB=1.236, [att_plot] time=0.1 seconds, total_count=0, gpu_max_cached_mem_GB=1.236
[dbi-lab-server] 2026-05-06 19:49:34,636 (trainer:447) INFO: There are no improvements in this epoch
[dbi-lab-server] 2026-05-06 19:49:34,646 (trainer:503) INFO: The model files were removed: exp/lm_train_char/21epoch.pth
[dbi-lab-server] 2026-05-06 19:49:34,646 (trainer:311) INFO: 23/40epoch started. Estimated time to finish: 2 hours, 45 minutes and 4.08 seconds
[dbi-lab-server] 2026-05-06 19:50:00,184 (trainer:799) INFO: 23epoch:train:1-3208batch: iter_time=6.124e-05, forward_time=0.004, loss=2.242, backward_time=0.001, grad_norm=1.032, clip=0.779, loss_scale=1.000, optim_step_time=2.577e-04, optim0_lr0=1.000, train_time=0.008
[dbi-lab-server] 2026-05-06 19:50:25,370 (trainer:799) INFO: 23epoch:train:3209-6416batch: iter_time=4.616e-05, forward_time=0.004, loss=2.252, backward_time=0.001, grad_norm=1.050, clip=0.810, loss_scale=1.000, optim_step_time=2.587e-04, optim0_lr0=1.000, train_time=0.008
[dbi-lab-server] 2026-05-06 19:50:50,390 (trainer:799) INFO: 23epoch:train:6417-9624batch: iter_time=4.570e-05, forward_time=0.004, loss=2.249, backward_time=0.001, grad_norm=1.043, clip=0.810, loss_scale=1.000, optim_step_time=2.596e-04, optim0_lr0=1.000, train_time=0.008
[dbi-lab-server] 2026-05-06 19:51:15,403 (trainer:799) INFO: 23epoch:train:9625-12832batch: iter_time=4.400e-05, forward_time=0.004, loss=2.257, backward_time=0.001, grad_norm=1.040, clip=0.499, loss_scale=1.000, optim_step_time=2.583e-04, optim0_lr0=1.000, train_time=0.008
[dbi-lab-server] 2026-05-06 19:51:40,213 (trainer:799) INFO: 23epoch:train:12833-16040batch: iter_time=4.361e-05, forward_time=0.004, loss=2.265, backward_time=0.001, grad_norm=1.055, clip=0.655, loss_scale=1.000, optim_step_time=2.524e-04, optim0_lr0=1.000, train_time=0.008
[dbi-lab-server] 2026-05-06 19:52:05,234 (trainer:799) INFO: 23epoch:train:16041-19248batch: iter_time=4.612e-05, forward_time=0.004, loss=2.266, backward_time=0.001, grad_norm=1.056, clip=0.873, loss_scale=1.000, optim_step_time=2.591e-04, optim0_lr0=1.000, train_time=0.008
[dbi-lab-server] 2026-05-06 19:52:30,553 (trainer:799) INFO: 23epoch:train:19249-22456batch: iter_time=4.485e-05, forward_time=0.004, loss=2.266, backward_time=0.001, grad_norm=1.043, clip=0.468, loss_scale=1.000, optim_step_time=2.661e-04, optim0_lr0=1.000, train_time=0.008
[dbi-lab-server] 2026-05-06 19:52:55,750 (trainer:799) INFO: 23epoch:train:22457-25664batch: iter_time=4.484e-05, forward_time=0.004, loss=2.273, backward_time=0.001, grad_norm=1.062, clip=0.748, loss_scale=1.000, optim_step_time=2.594e-04, optim0_lr0=1.000, train_time=0.008
[dbi-lab-server] 2026-05-06 19:53:20,750 (trainer:799) INFO: 23epoch:train:25665-28872batch: iter_time=4.404e-05, forward_time=0.004, loss=2.274, backward_time=0.001, grad_norm=1.060, clip=0.842, loss_scale=1.000, optim_step_time=2.535e-04, optim0_lr0=1.000, train_time=0.008
[dbi-lab-server] 2026-05-06 19:53:45,540 (trainer:799) INFO: 23epoch:train:28873-32080batch: iter_time=4.316e-05, forward_time=0.004, loss=2.270, backward_time=0.001, grad_norm=1.046, clip=0.499, loss_scale=1.000, optim_step_time=2.545e-04, optim0_lr0=1.000, train_time=0.008
[dbi-lab-server] 2026-05-06 19:54:10,389 (trainer:799) INFO: 23epoch:train:32081-35288batch: iter_time=4.345e-05, forward_time=0.004, loss=2.277, backward_time=0.001, grad_norm=1.044, clip=0.623, loss_scale=1.000, optim_step_time=2.537e-04, optim0_lr0=1.000, train_time=0.008
[dbi-lab-server] 2026-05-06 19:54:35,827 (trainer:799) INFO: 23epoch:train:35289-38496batch: iter_time=4.455e-05, forward_time=0.004, loss=2.272, backward_time=0.001, grad_norm=1.043, clip=0.623, loss_scale=1.000, optim_step_time=2.574e-04, optim0_lr0=1.000, train_time=0.008
[dbi-lab-server] 2026-05-06 19:55:01,151 (trainer:799) INFO: 23epoch:train:38497-41704batch: iter_time=4.399e-05, forward_time=0.004, loss=2.274, backward_time=0.001, grad_norm=1.050, clip=0.499, loss_scale=1.000, optim_step_time=2.574e-04, optim0_lr0=1.000, train_time=0.008
[dbi-lab-server] 2026-05-06 19:55:26,180 (trainer:799) INFO: 23epoch:train:41705-44912batch: iter_time=4.406e-05, forward_time=0.004, loss=2.276, backward_time=0.001, grad_norm=1.053, clip=0.499, loss_scale=1.000, optim_step_time=2.637e-04, optim0_lr0=1.000, train_time=0.008
[dbi-lab-server] 2026-05-06 19:55:50,967 (trainer:799) INFO: 23epoch:train:44913-48120batch: iter_time=4.490e-05, forward_time=0.004, loss=2.275, backward_time=0.001, grad_norm=1.064, clip=0.810, loss_scale=1.000, optim_step_time=2.554e-04, optim0_lr0=1.000, train_time=0.008
[dbi-lab-server] 2026-05-06 19:56:15,913 (trainer:799) INFO: 23epoch:train:48121-51328batch: iter_time=4.402e-05, forward_time=0.004, loss=2.274, backward_time=0.001, grad_norm=1.046, clip=0.655, loss_scale=1.000, optim_step_time=2.532e-04, optim0_lr0=1.000, train_time=0.008
[dbi-lab-server] 2026-05-06 19:56:41,043 (trainer:799) INFO: 23epoch:train:51329-54536batch: iter_time=4.420e-05, forward_time=0.004, loss=2.275, backward_time=0.001, grad_norm=1.055, clip=0.686, loss_scale=1.000, optim_step_time=2.578e-04, optim0_lr0=1.000, train_time=0.008
[dbi-lab-server] 2026-05-06 19:57:06,413 (trainer:799) INFO: 23epoch:train:54537-57744batch: iter_time=4.443e-05, forward_time=0.004, loss=2.282, backward_time=0.001, grad_norm=1.053, clip=0.655, loss_scale=1.000, optim_step_time=2.619e-04, optim0_lr0=1.000, train_time=0.008
[dbi-lab-server] 2026-05-06 19:57:31,679 (trainer:799) INFO: 23epoch:train:57745-60952batch: iter_time=4.535e-05, forward_time=0.004, loss=2.280, backward_time=0.001, grad_norm=1.060, clip=0.592, loss_scale=1.000, optim_step_time=2.578e-04, optim0_lr0=1.000, train_time=0.008
[dbi-lab-server] 2026-05-06 19:57:56,649 (trainer:799) INFO: 23epoch:train:60953-64160batch: iter_time=4.449e-05, forward_time=0.004, loss=2.294, backward_time=0.001, grad_norm=1.061, clip=0.623, loss_scale=1.000, optim_step_time=2.550e-04, optim0_lr0=1.000, train_time=0.008
[dbi-lab-server] 2026-05-06 19:58:35,463 (trainer:381) INFO: 23epoch results: [train] iter_time=4.536e-05, forward_time=0.004, loss=2.270, backward_time=0.001, grad_norm=1.051, clip=0.662, loss_scale=1.000, optim_step_time=2.576e-04, optim0_lr0=1.000, train_time=0.008, time=8 minutes and 22.39 seconds, total_count=1475979, gpu_max_cached_mem_GB=1.236, [valid] loss=2.370, time=38.31 seconds, total_count=205919, gpu_max_cached_mem_GB=1.236, [att_plot] time=0.1 seconds, total_count=0, gpu_max_cached_mem_GB=1.236
[dbi-lab-server] 2026-05-06 19:58:37,488 (trainer:447) INFO: There are no improvements in this epoch
[dbi-lab-server] 2026-05-06 19:58:37,498 (trainer:503) INFO: The model files were removed: exp/lm_train_char/22epoch.pth
[dbi-lab-server] 2026-05-06 19:58:37,498 (trainer:311) INFO: 24/40epoch started. Estimated time to finish: 2 hours, 35 minutes and 48.4 seconds
[dbi-lab-server] 2026-05-06 19:59:02,347 (trainer:799) INFO: 24epoch:train:1-3208batch: iter_time=6.006e-05, forward_time=0.004, loss=2.247, backward_time=0.001, grad_norm=1.025, clip=0.499, loss_scale=1.000, optim_step_time=2.495e-04, optim0_lr0=1.000, train_time=0.008
[dbi-lab-server] 2026-05-06 19:59:27,521 (trainer:799) INFO: 24epoch:train:3209-6416batch: iter_time=4.744e-05, forward_time=0.004, loss=2.249, backward_time=0.001, grad_norm=1.037, clip=0.748, loss_scale=1.000, optim_step_time=2.593e-04, optim0_lr0=1.000, train_time=0.008
[dbi-lab-server] 2026-05-06 19:59:52,794 (trainer:799) INFO: 24epoch:train:6417-9624batch: iter_time=4.513e-05, forward_time=0.004, loss=2.250, backward_time=0.001, grad_norm=1.021, clip=0.530, loss_scale=1.000, optim_step_time=2.566e-04, optim0_lr0=1.000, train_time=0.008
[dbi-lab-server] 2026-05-06 20:00:18,158 (trainer:799) INFO: 24epoch:train:9625-12832batch: iter_time=4.525e-05, forward_time=0.004, loss=2.258, backward_time=0.001, grad_norm=1.040, clip=0.468, loss_scale=1.000, optim_step_time=2.594e-04, optim0_lr0=1.000, train_time=0.008
[dbi-lab-server] 2026-05-06 20:00:43,834 (trainer:799) INFO: 24epoch:train:12833-16040batch: iter_time=4.562e-05, forward_time=0.004, loss=2.265, backward_time=0.001, grad_norm=1.039, clip=0.530, loss_scale=1.000, optim_step_time=2.640e-04, optim0_lr0=1.000, train_time=0.008
[dbi-lab-server] 2026-05-06 20:01:09,171 (trainer:799) INFO: 24epoch:train:16041-19248batch: iter_time=4.433e-05, forward_time=0.004, loss=2.260, backward_time=0.001, grad_norm=1.049, clip=0.686, loss_scale=1.000, optim_step_time=2.650e-04, optim0_lr0=1.000, train_time=0.008
[dbi-lab-server] 2026-05-06 20:01:34,457 (trainer:799) INFO: 24epoch:train:19249-22456batch: iter_time=4.560e-05, forward_time=0.004, loss=2.271, backward_time=0.001, grad_norm=1.050, clip=0.655, loss_scale=1.000, optim_step_time=2.615e-04, optim0_lr0=1.000, train_time=0.008
[dbi-lab-server] 2026-05-06 20:01:59,719 (trainer:799) INFO: 24epoch:train:22457-25664batch: iter_time=4.389e-05, forward_time=0.004, loss=2.275, backward_time=0.001, grad_norm=1.066, clip=0.748, loss_scale=1.000, optim_step_time=2.584e-04, optim0_lr0=1.000, train_time=0.008
[dbi-lab-server] 2026-05-06 20:02:25,134 (trainer:799) INFO: 24epoch:train:25665-28872batch: iter_time=4.467e-05, forward_time=0.004, loss=2.274, backward_time=0.001, grad_norm=1.077, clip=0.717, loss_scale=1.000, optim_step_time=2.564e-04, optim0_lr0=1.000, train_time=0.008
[dbi-lab-server] 2026-05-06 20:02:50,356 (trainer:799) INFO: 24epoch:train:28873-32080batch: iter_time=4.262e-05, forward_time=0.004, loss=2.277, backward_time=0.001, grad_norm=1.078, clip=0.779, loss_scale=1.000, optim_step_time=2.603e-04, optim0_lr0=1.000, train_time=0.008
[dbi-lab-server] 2026-05-06 20:03:15,221 (trainer:799) INFO: 24epoch:train:32081-35288batch: iter_time=4.336e-05, forward_time=0.004, loss=2.278, backward_time=0.001, grad_norm=1.064, clip=0.623, loss_scale=1.000, optim_step_time=2.539e-04, optim0_lr0=1.000, train_time=0.008
[dbi-lab-server] 2026-05-06 20:03:39,929 (trainer:799) INFO: 24epoch:train:35289-38496batch: iter_time=4.470e-05, forward_time=0.004, loss=2.278, backward_time=0.001, grad_norm=1.051, clip=0.499, loss_scale=1.000, optim_step_time=2.562e-04, optim0_lr0=1.000, train_time=0.008
[dbi-lab-server] 2026-05-06 20:04:04,501 (trainer:799) INFO: 24epoch:train:38497-41704batch: iter_time=4.348e-05, forward_time=0.004, loss=2.275, backward_time=0.001, grad_norm=1.065, clip=0.748, loss_scale=1.000, optim_step_time=2.522e-04, optim0_lr0=1.000, train_time=0.008
[dbi-lab-server] 2026-05-06 20:04:29,650 (trainer:799) INFO: 24epoch:train:41705-44912batch: iter_time=4.530e-05, forward_time=0.004, loss=2.285, backward_time=0.001, grad_norm=1.069, clip=0.592, loss_scale=1.000, optim_step_time=2.627e-04, optim0_lr0=1.000, train_time=0.008
[dbi-lab-server] 2026-05-06 20:04:54,161 (trainer:799) INFO: 24epoch:train:44913-48120batch: iter_time=4.569e-05, forward_time=0.004, loss=2.284, backward_time=0.001, grad_norm=1.075, clip=0.655, loss_scale=1.000, optim_step_time=2.531e-04, optim0_lr0=1.000, train_time=0.008
[dbi-lab-server] 2026-05-06 20:05:19,029 (trainer:799) INFO: 24epoch:train:48121-51328batch: iter_time=4.482e-05, forward_time=0.004, loss=2.285, backward_time=0.001, grad_norm=1.065, clip=0.592, loss_scale=1.000, optim_step_time=2.626e-04, optim0_lr0=1.000, train_time=0.008
[dbi-lab-server] 2026-05-06 20:05:43,853 (trainer:799) INFO: 24epoch:train:51329-54536batch: iter_time=4.548e-05, forward_time=0.004, loss=2.299, backward_time=0.001, grad_norm=1.082, clip=0.623, loss_scale=1.000, optim_step_time=2.575e-04, optim0_lr0=1.000, train_time=0.008
[dbi-lab-server] 2026-05-06 20:06:08,806 (trainer:799) INFO: 24epoch:train:54537-57744batch: iter_time=4.399e-05, forward_time=0.004, loss=2.288, backward_time=0.001, grad_norm=1.091, clip=0.873, loss_scale=1.000, optim_step_time=2.611e-04, optim0_lr0=1.000, train_time=0.008
[dbi-lab-server] 2026-05-06 20:06:33,844 (trainer:799) INFO: 24epoch:train:57745-60952batch: iter_time=4.495e-05, forward_time=0.004, loss=2.287, backward_time=0.001, grad_norm=1.061, clip=0.655, loss_scale=1.000, optim_step_time=2.632e-04, optim0_lr0=1.000, train_time=0.008
[dbi-lab-server] 2026-05-06 20:06:58,972 (trainer:799) INFO: 24epoch:train:60953-64160batch: iter_time=4.567e-05, forward_time=0.004, loss=2.294, backward_time=0.001, grad_norm=1.081, clip=0.592, loss_scale=1.000, optim_step_time=2.651e-04, optim0_lr0=1.000, train_time=0.008
[dbi-lab-server] 2026-05-06 20:07:36,501 (trainer:381) INFO: 24epoch results: [train] iter_time=4.560e-05, forward_time=0.004, loss=2.274, backward_time=0.001, grad_norm=1.059, clip=0.640, loss_scale=1.000, optim_step_time=2.589e-04, optim0_lr0=1.000, train_time=0.008, time=8 minutes and 21.86 seconds, total_count=1540152, gpu_max_cached_mem_GB=1.236, [valid] loss=2.376, time=37.02 seconds, total_count=214872, gpu_max_cached_mem_GB=1.236, [att_plot] time=0.1 seconds, total_count=0, gpu_max_cached_mem_GB=1.236
[dbi-lab-server] 2026-05-06 20:07:38,522 (trainer:447) INFO: There are no improvements in this epoch
[dbi-lab-server] 2026-05-06 20:07:38,532 (trainer:503) INFO: The model files were removed: exp/lm_train_char/23epoch.pth
[dbi-lab-server] 2026-05-06 20:07:38,532 (trainer:311) INFO: 25/40epoch started. Estimated time to finish: 2 hours, 26 minutes and 32.58 seconds
[dbi-lab-server] 2026-05-06 20:08:03,409 (trainer:799) INFO: 25epoch:train:1-3208batch: iter_time=6.488e-05, forward_time=0.004, loss=2.250, backward_time=0.001, grad_norm=1.038, clip=0.499, loss_scale=1.000, optim_step_time=2.582e-04, optim0_lr0=1.000, train_time=0.008
[dbi-lab-server] 2026-05-06 20:08:28,145 (trainer:799) INFO: 25epoch:train:3209-6416batch: iter_time=4.748e-05, forward_time=0.004, loss=2.260, backward_time=0.001, grad_norm=1.059, clip=0.779, loss_scale=1.000, optim_step_time=2.574e-04, optim0_lr0=1.000, train_time=0.008
[dbi-lab-server] 2026-05-06 20:08:53,028 (trainer:799) INFO: 25epoch:train:6417-9624batch: iter_time=4.598e-05, forward_time=0.004, loss=2.256, backward_time=0.001, grad_norm=1.032, clip=0.343, loss_scale=1.000, optim_step_time=2.648e-04, optim0_lr0=1.000, train_time=0.008
[dbi-lab-server] 2026-05-06 20:09:18,040 (trainer:799) INFO: 25epoch:train:9625-12832batch: iter_time=4.437e-05, forward_time=0.004, loss=2.268, backward_time=0.001, grad_norm=1.066, clip=0.686, loss_scale=1.000, optim_step_time=2.602e-04, optim0_lr0=1.000, train_time=0.008
[dbi-lab-server] 2026-05-06 20:09:43,117 (trainer:799) INFO: 25epoch:train:12833-16040batch: iter_time=4.483e-05, forward_time=0.004, loss=2.273, backward_time=0.001, grad_norm=1.070, clip=0.655, loss_scale=1.000, optim_step_time=2.605e-04, optim0_lr0=1.000, train_time=0.008
[dbi-lab-server] 2026-05-06 20:10:08,505 (trainer:799) INFO: 25epoch:train:16041-19248batch: iter_time=4.452e-05, forward_time=0.004, loss=2.267, backward_time=0.001, grad_norm=1.057, clip=0.623, loss_scale=1.000, optim_step_time=2.673e-04, optim0_lr0=1.000, train_time=0.008
[dbi-lab-server] 2026-05-06 20:10:33,916 (trainer:799) INFO: 25epoch:train:19249-22456batch: iter_time=4.519e-05, forward_time=0.004, loss=2.283, backward_time=0.001, grad_norm=1.088, clip=0.717, loss_scale=1.000, optim_step_time=2.625e-04, optim0_lr0=1.000, train_time=0.008
[dbi-lab-server] 2026-05-06 20:10:58,946 (trainer:799) INFO: 25epoch:train:22457-25664batch: iter_time=4.457e-05, forward_time=0.004, loss=2.281, backward_time=0.001, grad_norm=1.069, clip=0.530, loss_scale=1.000, optim_step_time=2.605e-04, optim0_lr0=1.000, train_time=0.008
[dbi-lab-server] 2026-05-06 20:11:23,892 (trainer:799) INFO: 25epoch:train:25665-28872batch: iter_time=4.430e-05, forward_time=0.004, loss=2.282, backward_time=0.001, grad_norm=1.075, clip=0.748, loss_scale=1.000, optim_step_time=2.611e-04, optim0_lr0=1.000, train_time=0.008
[dbi-lab-server] 2026-05-06 20:11:48,783 (trainer:799) INFO: 25epoch:train:28873-32080batch: iter_time=4.515e-05, forward_time=0.004, loss=2.280, backward_time=0.001, grad_norm=1.078, clip=0.623, loss_scale=1.000, optim_step_time=2.556e-04, optim0_lr0=1.000, train_time=0.008
[dbi-lab-server] 2026-05-06 20:12:13,866 (trainer:799) INFO: 25epoch:train:32081-35288batch: iter_time=4.578e-05, forward_time=0.004, loss=2.280, backward_time=0.001, grad_norm=1.049, clip=0.530, loss_scale=1.000, optim_step_time=2.598e-04, optim0_lr0=1.000, train_time=0.008
[dbi-lab-server] 2026-05-06 20:12:39,038 (trainer:799) INFO: 25epoch:train:35289-38496batch: iter_time=4.306e-05, forward_time=0.004, loss=2.283, backward_time=0.001, grad_norm=1.069, clip=0.623, loss_scale=1.000, optim_step_time=2.595e-04, optim0_lr0=1.000, train_time=0.008
[dbi-lab-server] 2026-05-06 20:13:04,228 (trainer:799) INFO: 25epoch:train:38497-41704batch: iter_time=4.446e-05, forward_time=0.004, loss=2.285, backward_time=0.001, grad_norm=1.097, clip=0.873, loss_scale=1.000, optim_step_time=2.645e-04, optim0_lr0=1.000, train_time=0.008
[dbi-lab-server] 2026-05-06 20:13:29,035 (trainer:799) INFO: 25epoch:train:41705-44912batch: iter_time=4.282e-05, forward_time=0.004, loss=2.296, backward_time=0.001, grad_norm=1.078, clip=0.779, loss_scale=1.000, optim_step_time=2.592e-04, optim0_lr0=1.000, train_time=0.008
[dbi-lab-server] 2026-05-06 20:13:54,189 (trainer:799) INFO: 25epoch:train:44913-48120batch: iter_time=4.466e-05, forward_time=0.004, loss=2.287, backward_time=0.001, grad_norm=1.077, clip=0.717, loss_scale=1.000, optim_step_time=2.626e-04, optim0_lr0=1.000, train_time=0.008
[dbi-lab-server] 2026-05-06 20:14:19,207 (trainer:799) INFO: 25epoch:train:48121-51328batch: iter_time=4.465e-05, forward_time=0.004, loss=2.286, backward_time=0.001, grad_norm=1.067, clip=0.686, loss_scale=1.000, optim_step_time=2.580e-04, optim0_lr0=1.000, train_time=0.008
[dbi-lab-server] 2026-05-06 20:14:44,362 (trainer:799) INFO: 25epoch:train:51329-54536batch: iter_time=4.634e-05, forward_time=0.004, loss=2.293, backward_time=0.001, grad_norm=1.073, clip=0.623, loss_scale=1.000, optim_step_time=2.611e-04, optim0_lr0=1.000, train_time=0.008
[dbi-lab-server] 2026-05-06 20:15:09,604 (trainer:799) INFO: 25epoch:train:54537-57744batch: iter_time=4.635e-05, forward_time=0.004, loss=2.294, backward_time=0.001, grad_norm=1.076, clip=0.530, loss_scale=1.000, optim_step_time=2.576e-04, optim0_lr0=1.000, train_time=0.008
[dbi-lab-server] 2026-05-06 20:15:34,827 (trainer:799) INFO: 25epoch:train:57745-60952batch: iter_time=4.485e-05, forward_time=0.004, loss=2.297, backward_time=0.001, grad_norm=1.083, clip=0.655, loss_scale=1.000, optim_step_time=2.679e-04, optim0_lr0=1.000, train_time=0.008
[dbi-lab-server] 2026-05-06 20:16:00,401 (trainer:799) INFO: 25epoch:train:60953-64160batch: iter_time=4.491e-05, forward_time=0.004, loss=2.295, backward_time=0.001, grad_norm=1.086, clip=0.748, loss_scale=1.000, optim_step_time=2.686e-04, optim0_lr0=1.000, train_time=0.008
[dbi-lab-server] 2026-05-06 20:16:38,720 (trainer:381) INFO: 25epoch results: [train] iter_time=4.596e-05, forward_time=0.004, loss=2.280, backward_time=0.001, grad_norm=1.069, clip=0.648, loss_scale=1.000, optim_step_time=2.613e-04, optim0_lr0=1.000, train_time=0.008, time=8 minutes and 22.24 seconds, total_count=1604325, gpu_max_cached_mem_GB=1.236, [valid] loss=2.377, time=37.82 seconds, total_count=223825, gpu_max_cached_mem_GB=1.236, [att_plot] time=0.1 seconds, total_count=0, gpu_max_cached_mem_GB=1.236
[dbi-lab-server] 2026-05-06 20:16:40,782 (trainer:447) INFO: There are no improvements in this epoch
[dbi-lab-server] 2026-05-06 20:16:40,792 (trainer:503) INFO: The model files were removed: exp/lm_train_char/24epoch.pth
[dbi-lab-server] 2026-05-06 20:16:40,792 (trainer:311) INFO: 26/40epoch started. Estimated time to finish: 2 hours, 17 minutes and 18.68 seconds
[dbi-lab-server] 2026-05-06 20:17:05,788 (trainer:799) INFO: 26epoch:train:1-3208batch: iter_time=6.139e-05, forward_time=0.004, loss=2.260, backward_time=0.001, grad_norm=1.055, clip=0.592, loss_scale=1.000, optim_step_time=2.552e-04, optim0_lr0=1.000, train_time=0.008
[dbi-lab-server] 2026-05-06 20:17:30,927 (trainer:799) INFO: 26epoch:train:3209-6416batch: iter_time=4.847e-05, forward_time=0.004, loss=2.256, backward_time=0.001, grad_norm=1.050, clip=0.779, loss_scale=1.000, optim_step_time=2.601e-04, optim0_lr0=1.000, train_time=0.008
[dbi-lab-server] 2026-05-06 20:17:56,026 (trainer:799) INFO: 26epoch:train:6417-9624batch: iter_time=4.482e-05, forward_time=0.004, loss=2.263, backward_time=0.001, grad_norm=1.048, clip=0.530, loss_scale=1.000, optim_step_time=2.620e-04, optim0_lr0=1.000, train_time=0.008
[dbi-lab-server] 2026-05-06 20:18:21,397 (trainer:799) INFO: 26epoch:train:9625-12832batch: iter_time=4.396e-05, forward_time=0.004, loss=2.267, backward_time=0.001, grad_norm=1.058, clip=0.561, loss_scale=1.000, optim_step_time=2.629e-04, optim0_lr0=1.000, train_time=0.008
[dbi-lab-server] 2026-05-06 20:18:46,909 (trainer:799) INFO: 26epoch:train:12833-16040batch: iter_time=4.506e-05, forward_time=0.004, loss=2.281, backward_time=0.001, grad_norm=1.080, clip=0.873, loss_scale=1.000, optim_step_time=2.662e-04, optim0_lr0=1.000, train_time=0.008
[dbi-lab-server] 2026-05-06 20:19:12,333 (trainer:799) INFO: 26epoch:train:16041-19248batch: iter_time=4.463e-05, forward_time=0.004, loss=2.279, backward_time=0.001, grad_norm=1.057, clip=0.499, loss_scale=1.000, optim_step_time=2.640e-04, optim0_lr0=1.000, train_time=0.008
[dbi-lab-server] 2026-05-06 20:19:37,652 (trainer:799) INFO: 26epoch:train:19249-22456batch: iter_time=4.442e-05, forward_time=0.004, loss=2.283, backward_time=0.001, grad_norm=1.078, clip=0.655, loss_scale=1.000, optim_step_time=2.665e-04, optim0_lr0=1.000, train_time=0.008
[dbi-lab-server] 2026-05-06 20:20:03,007 (trainer:799) INFO: 26epoch:train:22457-25664batch: iter_time=4.482e-05, forward_time=0.004, loss=2.285, backward_time=0.001, grad_norm=1.064, clip=0.530, loss_scale=1.000, optim_step_time=2.650e-04, optim0_lr0=1.000, train_time=0.008
[dbi-lab-server] 2026-05-06 20:20:28,423 (trainer:799) INFO: 26epoch:train:25665-28872batch: iter_time=4.527e-05, forward_time=0.004, loss=2.283, backward_time=0.001, grad_norm=1.074, clip=0.655, loss_scale=1.000, optim_step_time=2.679e-04, optim0_lr0=1.000, train_time=0.008
[dbi-lab-server] 2026-05-06 20:20:53,309 (trainer:799) INFO: 26epoch:train:28873-32080batch: iter_time=4.430e-05, forward_time=0.004, loss=2.286, backward_time=0.001, grad_norm=1.074, clip=0.561, loss_scale=1.000, optim_step_time=2.595e-04, optim0_lr0=1.000, train_time=0.008
[dbi-lab-server] 2026-05-06 20:21:18,460 (trainer:799) INFO: 26epoch:train:32081-35288batch: iter_time=4.481e-05, forward_time=0.004, loss=2.292, backward_time=0.001, grad_norm=1.078, clip=0.468, loss_scale=1.000, optim_step_time=2.588e-04, optim0_lr0=1.000, train_time=0.008
[dbi-lab-server] 2026-05-06 20:21:43,855 (trainer:799) INFO: 26epoch:train:35289-38496batch: iter_time=4.511e-05, forward_time=0.004, loss=2.293, backward_time=0.001, grad_norm=1.071, clip=0.499, loss_scale=1.000, optim_step_time=2.671e-04, optim0_lr0=1.000, train_time=0.008
[dbi-lab-server] 2026-05-06 20:22:09,068 (trainer:799) INFO: 26epoch:train:38497-41704batch: iter_time=4.385e-05, forward_time=0.004, loss=2.300, backward_time=0.001, grad_norm=1.094, clip=0.779, loss_scale=1.000, optim_step_time=2.642e-04, optim0_lr0=1.000, train_time=0.008
[dbi-lab-server] 2026-05-06 20:22:34,342 (trainer:799) INFO: 26epoch:train:41705-44912batch: iter_time=4.464e-05, forward_time=0.004, loss=2.287, backward_time=0.001, grad_norm=1.062, clip=0.468, loss_scale=1.000, optim_step_time=2.678e-04, optim0_lr0=1.000, train_time=0.008
[dbi-lab-server] 2026-05-06 20:22:59,665 (trainer:799) INFO: 26epoch:train:44913-48120batch: iter_time=4.448e-05, forward_time=0.004, loss=2.295, backward_time=0.001, grad_norm=1.076, clip=0.655, loss_scale=1.000, optim_step_time=2.644e-04, optim0_lr0=1.000, train_time=0.008
[dbi-lab-server] 2026-05-06 20:23:24,857 (trainer:799) INFO: 26epoch:train:48121-51328batch: iter_time=4.474e-05, forward_time=0.004, loss=2.299, backward_time=0.001, grad_norm=1.085, clip=0.561, loss_scale=1.000, optim_step_time=2.647e-04, optim0_lr0=1.000, train_time=0.008
[dbi-lab-server] 2026-05-06 20:23:49,823 (trainer:799) INFO: 26epoch:train:51329-54536batch: iter_time=4.506e-05, forward_time=0.004, loss=2.294, backward_time=0.001, grad_norm=1.093, clip=0.779, loss_scale=1.000, optim_step_time=2.649e-04, optim0_lr0=1.000, train_time=0.008
[dbi-lab-server] 2026-05-06 20:24:15,191 (trainer:799) INFO: 26epoch:train:54537-57744batch: iter_time=4.548e-05, forward_time=0.004, loss=2.293, backward_time=0.001, grad_norm=1.070, clip=0.686, loss_scale=1.000, optim_step_time=2.671e-04, optim0_lr0=1.000, train_time=0.008
[dbi-lab-server] 2026-05-06 20:24:40,131 (trainer:799) INFO: 26epoch:train:57745-60952batch: iter_time=4.477e-05, forward_time=0.004, loss=2.297, backward_time=0.001, grad_norm=1.076, clip=0.686, loss_scale=1.000, optim_step_time=2.608e-04, optim0_lr0=1.000, train_time=0.008
[dbi-lab-server] 2026-05-06 20:25:04,990 (trainer:799) INFO: 26epoch:train:60953-64160batch: iter_time=4.436e-05, forward_time=0.004, loss=2.299, backward_time=0.001, grad_norm=1.091, clip=0.748, loss_scale=1.000, optim_step_time=2.599e-04, optim0_lr0=1.000, train_time=0.008
[dbi-lab-server] 2026-05-06 20:25:43,168 (trainer:381) INFO: 26epoch results: [train] iter_time=4.572e-05, forward_time=0.004, loss=2.285, backward_time=0.001, grad_norm=1.072, clip=0.628, loss_scale=1.000, optim_step_time=2.634e-04, optim0_lr0=1.000, train_time=0.008, time=8 minutes and 24.59 seconds, total_count=1668498, gpu_max_cached_mem_GB=1.236, [valid] loss=2.392, time=37.66 seconds, total_count=232778, gpu_max_cached_mem_GB=1.236, [att_plot] time=0.1 seconds, total_count=0, gpu_max_cached_mem_GB=1.236
[dbi-lab-server] 2026-05-06 20:25:45,260 (trainer:447) INFO: There are no improvements in this epoch
[dbi-lab-server] 2026-05-06 20:25:45,269 (trainer:503) INFO: The model files were removed: exp/lm_train_char/25epoch.pth
[dbi-lab-server] 2026-05-06 20:25:45,269 (trainer:311) INFO: 27/40epoch started. Estimated time to finish: 2 hours, 8 minutes and 6.87 seconds
[dbi-lab-server] 2026-05-06 20:26:10,357 (trainer:799) INFO: 27epoch:train:1-3208batch: iter_time=6.187e-05, forward_time=0.004, loss=2.261, backward_time=0.001, grad_norm=1.058, clip=0.779, loss_scale=1.000, optim_step_time=2.596e-04, optim0_lr0=1.000, train_time=0.008
[dbi-lab-server] 2026-05-06 20:26:35,150 (trainer:799) INFO: 27epoch:train:3209-6416batch: iter_time=4.580e-05, forward_time=0.004, loss=2.270, backward_time=0.001, grad_norm=1.063, clip=0.655, loss_scale=1.000, optim_step_time=2.543e-04, optim0_lr0=1.000, train_time=0.008
[dbi-lab-server] 2026-05-06 20:27:00,295 (trainer:799) INFO: 27epoch:train:6417-9624batch: iter_time=4.726e-05, forward_time=0.004, loss=2.273, backward_time=0.001, grad_norm=1.068, clip=0.655, loss_scale=1.000, optim_step_time=2.660e-04, optim0_lr0=1.000, train_time=0.008
[dbi-lab-server] 2026-05-06 20:27:25,029 (trainer:799) INFO: 27epoch:train:9625-12832batch: iter_time=4.451e-05, forward_time=0.004, loss=2.282, backward_time=0.001, grad_norm=1.080, clip=0.717, loss_scale=1.000, optim_step_time=2.551e-04, optim0_lr0=1.000, train_time=0.008
[dbi-lab-server] 2026-05-06 20:27:49,697 (trainer:799) INFO: 27epoch:train:12833-16040batch: iter_time=4.438e-05, forward_time=0.004, loss=2.282, backward_time=0.001, grad_norm=1.080, clip=0.655, loss_scale=1.000, optim_step_time=2.598e-04, optim0_lr0=1.000, train_time=0.008
[dbi-lab-server] 2026-05-06 20:28:15,091 (trainer:799) INFO: 27epoch:train:16041-19248batch: iter_time=4.470e-05, forward_time=0.004, loss=2.291, backward_time=0.001, grad_norm=1.089, clip=0.779, loss_scale=1.000, optim_step_time=2.649e-04, optim0_lr0=1.000, train_time=0.008
[dbi-lab-server] 2026-05-06 20:28:39,631 (trainer:799) INFO: 27epoch:train:19249-22456batch: iter_time=4.255e-05, forward_time=0.004, loss=2.287, backward_time=0.001, grad_norm=1.113, clip=0.810, loss_scale=1.000, optim_step_time=2.560e-04, optim0_lr0=1.000, train_time=0.008
[dbi-lab-server] 2026-05-06 20:29:04,885 (trainer:799) INFO: 27epoch:train:22457-25664batch: iter_time=4.498e-05, forward_time=0.004, loss=2.291, backward_time=0.001, grad_norm=1.086, clip=0.717, loss_scale=1.000, optim_step_time=2.659e-04, optim0_lr0=1.000, train_time=0.008
[dbi-lab-server] 2026-05-06 20:29:30,025 (trainer:799) INFO: 27epoch:train:25665-28872batch: iter_time=4.509e-05, forward_time=0.004, loss=2.286, backward_time=0.001, grad_norm=1.081, clip=0.655, loss_scale=1.000, optim_step_time=2.669e-04, optim0_lr0=1.000, train_time=0.008
[dbi-lab-server] 2026-05-06 20:29:55,016 (trainer:799) INFO: 27epoch:train:28873-32080batch: iter_time=4.689e-05, forward_time=0.004, loss=2.292, backward_time=0.001, grad_norm=1.085, clip=0.561, loss_scale=1.000, optim_step_time=2.622e-04, optim0_lr0=1.000, train_time=0.008
[dbi-lab-server] 2026-05-06 20:30:21,557 (trainer:799) INFO: 27epoch:train:32081-35288batch: iter_time=4.499e-05, forward_time=0.004, loss=2.288, backward_time=0.001, grad_norm=1.076, clip=0.655, loss_scale=1.000, optim_step_time=2.646e-04, optim0_lr0=1.000, train_time=0.008
[dbi-lab-server] 2026-05-06 20:30:48,718 (trainer:799) INFO: 27epoch:train:35289-38496batch: iter_time=4.503e-05, forward_time=0.004, loss=2.291, backward_time=0.001, grad_norm=1.074, clip=0.623, loss_scale=1.000, optim_step_time=2.617e-04, optim0_lr0=1.000, train_time=0.008
[dbi-lab-server] 2026-05-06 20:31:15,375 (trainer:799) INFO: 27epoch:train:38497-41704batch: iter_time=4.406e-05, forward_time=0.004, loss=2.289, backward_time=0.001, grad_norm=1.083, clip=0.779, loss_scale=1.000, optim_step_time=2.624e-04, optim0_lr0=1.000, train_time=0.008
[dbi-lab-server] 2026-05-06 20:31:41,765 (trainer:799) INFO: 27epoch:train:41705-44912batch: iter_time=4.421e-05, forward_time=0.004, loss=2.297, backward_time=0.001, grad_norm=1.086, clip=0.655, loss_scale=1.000, optim_step_time=2.591e-04, optim0_lr0=1.000, train_time=0.008
[dbi-lab-server] 2026-05-06 20:32:08,197 (trainer:799) INFO: 27epoch:train:44913-48120batch: iter_time=4.388e-05, forward_time=0.004, loss=2.296, backward_time=0.001, grad_norm=1.088, clip=0.623, loss_scale=1.000, optim_step_time=2.532e-04, optim0_lr0=1.000, train_time=0.008
[dbi-lab-server] 2026-05-06 20:32:34,801 (trainer:799) INFO: 27epoch:train:48121-51328batch: iter_time=4.387e-05, forward_time=0.004, loss=2.297, backward_time=0.001, grad_norm=1.080, clip=0.686, loss_scale=1.000, optim_step_time=2.595e-04, optim0_lr0=1.000, train_time=0.008
[dbi-lab-server] 2026-05-06 20:33:01,178 (trainer:799) INFO: 27epoch:train:51329-54536batch: iter_time=4.520e-05, forward_time=0.004, loss=2.307, backward_time=0.001, grad_norm=1.075, clip=0.623, loss_scale=1.000, optim_step_time=2.648e-04, optim0_lr0=1.000, train_time=0.008
[dbi-lab-server] 2026-05-06 20:33:27,717 (trainer:799) INFO: 27epoch:train:54537-57744batch: iter_time=4.412e-05, forward_time=0.004, loss=2.301, backward_time=0.001, grad_norm=1.080, clip=0.436, loss_scale=1.000, optim_step_time=2.569e-04, optim0_lr0=1.000, train_time=0.008
[dbi-lab-server] 2026-05-06 20:33:54,306 (trainer:799) INFO: 27epoch:train:57745-60952batch: iter_time=4.503e-05, forward_time=0.004, loss=2.300, backward_time=0.001, grad_norm=1.078, clip=0.499, loss_scale=1.000, optim_step_time=2.620e-04, optim0_lr0=1.000, train_time=0.008
[dbi-lab-server] 2026-05-06 20:34:20,500 (trainer:799) INFO: 27epoch:train:60953-64160batch: iter_time=4.486e-05, forward_time=0.004, loss=2.299, backward_time=0.001, grad_norm=1.087, clip=0.655, loss_scale=1.000, optim_step_time=2.607e-04, optim0_lr0=1.000, train_time=0.008
[dbi-lab-server] 2026-05-06 20:35:01,753 (trainer:381) INFO: 27epoch results: [train] iter_time=4.566e-05, forward_time=0.004, loss=2.289, backward_time=0.001, grad_norm=1.080, clip=0.661, loss_scale=1.000, optim_step_time=2.608e-04, optim0_lr0=1.000, train_time=0.008, time=8 minutes and 35.61 seconds, total_count=1732671, gpu_max_cached_mem_GB=1.236, [valid] loss=2.386, time=40.75 seconds, total_count=241731, gpu_max_cached_mem_GB=1.236, [att_plot] time=0.1 seconds, total_count=0, gpu_max_cached_mem_GB=1.236
[dbi-lab-server] 2026-05-06 20:35:03,814 (trainer:447) INFO: There are no improvements in this epoch
[dbi-lab-server] 2026-05-06 20:35:03,823 (trainer:503) INFO: The model files were removed: exp/lm_train_char/26epoch.pth
[dbi-lab-server] 2026-05-06 20:35:03,823 (trainer:311) INFO: 28/40epoch started. Estimated time to finish: 1 hour, 59 minutes and 2.38 seconds
[dbi-lab-server] 2026-05-06 20:35:30,519 (trainer:799) INFO: 28epoch:train:1-3208batch: iter_time=6.398e-05, forward_time=0.004, loss=2.258, backward_time=0.001, grad_norm=1.047, clip=0.592, loss_scale=1.000, optim_step_time=2.607e-04, optim0_lr0=1.000, train_time=0.008
[dbi-lab-server] 2026-05-06 20:35:57,416 (trainer:799) INFO: 28epoch:train:3209-6416batch: iter_time=4.835e-05, forward_time=0.004, loss=2.271, backward_time=0.001, grad_norm=1.063, clip=0.717, loss_scale=1.000, optim_step_time=2.617e-04, optim0_lr0=1.000, train_time=0.008
[dbi-lab-server] 2026-05-06 20:36:23,582 (trainer:799) INFO: 28epoch:train:6417-9624batch: iter_time=4.698e-05, forward_time=0.004, loss=2.274, backward_time=0.001, grad_norm=1.074, clip=0.686, loss_scale=1.000, optim_step_time=2.626e-04, optim0_lr0=1.000, train_time=0.008
[dbi-lab-server] 2026-05-06 20:36:50,287 (trainer:799) INFO: 28epoch:train:9625-12832batch: iter_time=4.471e-05, forward_time=0.004, loss=2.282, backward_time=0.001, grad_norm=1.070, clip=0.561, loss_scale=1.000, optim_step_time=2.624e-04, optim0_lr0=1.000, train_time=0.008
[dbi-lab-server] 2026-05-06 20:37:17,194 (trainer:799) INFO: 28epoch:train:12833-16040batch: iter_time=4.534e-05, forward_time=0.004, loss=2.282, backward_time=0.001, grad_norm=1.077, clip=0.779, loss_scale=1.000, optim_step_time=2.608e-04, optim0_lr0=1.000, train_time=0.008
[dbi-lab-server] 2026-05-06 20:37:42,423 (trainer:799) INFO: 28epoch:train:16041-19248batch: iter_time=4.538e-05, forward_time=0.004, loss=2.286, backward_time=0.001, grad_norm=1.069, clip=0.686, loss_scale=1.000, optim_step_time=2.591e-04, optim0_lr0=1.000, train_time=0.008
[dbi-lab-server] 2026-05-06 20:38:07,560 (trainer:799) INFO: 28epoch:train:19249-22456batch: iter_time=4.410e-05, forward_time=0.004, loss=2.293, backward_time=0.001, grad_norm=1.097, clip=0.717, loss_scale=1.000, optim_step_time=2.580e-04, optim0_lr0=1.000, train_time=0.008
[dbi-lab-server] 2026-05-06 20:38:32,744 (trainer:799) INFO: 28epoch:train:22457-25664batch: iter_time=4.512e-05, forward_time=0.004, loss=2.290, backward_time=0.001, grad_norm=1.077, clip=0.592, loss_scale=1.000, optim_step_time=2.585e-04, optim0_lr0=1.000, train_time=0.008
[dbi-lab-server] 2026-05-06 20:38:57,987 (trainer:799) INFO: 28epoch:train:25665-28872batch: iter_time=4.310e-05, forward_time=0.004, loss=2.283, backward_time=0.001, grad_norm=1.058, clip=0.686, loss_scale=1.000, optim_step_time=2.573e-04, optim0_lr0=1.000, train_time=0.008
[dbi-lab-server] 2026-05-06 20:39:22,905 (trainer:799) INFO: 28epoch:train:28873-32080batch: iter_time=4.401e-05, forward_time=0.004, loss=2.301, backward_time=0.001, grad_norm=1.093, clip=0.592, loss_scale=1.000, optim_step_time=2.542e-04, optim0_lr0=1.000, train_time=0.008
[dbi-lab-server] 2026-05-06 20:39:48,034 (trainer:799) INFO: 28epoch:train:32081-35288batch: iter_time=4.508e-05, forward_time=0.004, loss=2.292, backward_time=0.001, grad_norm=1.078, clip=0.779, loss_scale=1.000, optim_step_time=2.625e-04, optim0_lr0=1.000, train_time=0.008
[dbi-lab-server] 2026-05-06 20:40:13,522 (trainer:799) INFO: 28epoch:train:35289-38496batch: iter_time=4.507e-05, forward_time=0.004, loss=2.294, backward_time=0.001, grad_norm=1.089, clip=0.592, loss_scale=1.000, optim_step_time=2.638e-04, optim0_lr0=1.000, train_time=0.008
[dbi-lab-server] 2026-05-06 20:40:38,318 (trainer:799) INFO: 28epoch:train:38497-41704batch: iter_time=4.592e-05, forward_time=0.004, loss=2.300, backward_time=0.001, grad_norm=1.096, clip=0.499, loss_scale=1.000, optim_step_time=2.581e-04, optim0_lr0=1.000, train_time=0.008
[dbi-lab-server] 2026-05-06 20:41:03,486 (trainer:799) INFO: 28epoch:train:41705-44912batch: iter_time=4.383e-05, forward_time=0.004, loss=2.301, backward_time=0.001, grad_norm=1.081, clip=0.655, loss_scale=1.000, optim_step_time=2.624e-04, optim0_lr0=1.000, train_time=0.008
[dbi-lab-server] 2026-05-06 20:41:28,686 (trainer:799) INFO: 28epoch:train:44913-48120batch: iter_time=4.535e-05, forward_time=0.004, loss=2.308, backward_time=0.001, grad_norm=1.125, clip=0.748, loss_scale=1.000, optim_step_time=2.605e-04, optim0_lr0=1.000, train_time=0.008
[dbi-lab-server] 2026-05-06 20:41:53,482 (trainer:799) INFO: 28epoch:train:48121-51328batch: iter_time=4.478e-05, forward_time=0.004, loss=2.308, backward_time=0.001, grad_norm=1.102, clip=0.655, loss_scale=1.000, optim_step_time=2.548e-04, optim0_lr0=1.000, train_time=0.008
[dbi-lab-server] 2026-05-06 20:42:18,845 (trainer:799) INFO: 28epoch:train:51329-54536batch: iter_time=4.451e-05, forward_time=0.004, loss=2.305, backward_time=0.001, grad_norm=1.092, clip=0.842, loss_scale=1.000, optim_step_time=2.636e-04, optim0_lr0=1.000, train_time=0.008
[dbi-lab-server] 2026-05-06 20:42:44,012 (trainer:799) INFO: 28epoch:train:54537-57744batch: iter_time=4.443e-05, forward_time=0.004, loss=2.297, backward_time=0.001, grad_norm=1.102, clip=0.686, loss_scale=1.000, optim_step_time=2.629e-04, optim0_lr0=1.000, train_time=0.008
[dbi-lab-server] 2026-05-06 20:43:09,523 (trainer:799) INFO: 28epoch:train:57745-60952batch: iter_time=4.435e-05, forward_time=0.004, loss=2.301, backward_time=0.001, grad_norm=1.093, clip=0.686, loss_scale=1.000, optim_step_time=2.668e-04, optim0_lr0=1.000, train_time=0.008
[dbi-lab-server] 2026-05-06 20:43:34,924 (trainer:799) INFO: 28epoch:train:60953-64160batch: iter_time=4.419e-05, forward_time=0.004, loss=2.314, backward_time=0.001, grad_norm=1.113, clip=0.810, loss_scale=1.000, optim_step_time=2.657e-04, optim0_lr0=1.000, train_time=0.008
[dbi-lab-server] 2026-05-06 20:44:12,952 (trainer:381) INFO: 28epoch results: [train] iter_time=4.593e-05, forward_time=0.004, loss=2.292, backward_time=0.001, grad_norm=1.085, clip=0.679, loss_scale=1.000, optim_step_time=2.608e-04, optim0_lr0=1.000, train_time=0.008, time=8 minutes and 31.51 seconds, total_count=1796844, gpu_max_cached_mem_GB=1.236, [valid] loss=2.414, time=37.5 seconds, total_count=250684, gpu_max_cached_mem_GB=1.236, [att_plot] time=0.1 seconds, total_count=0, gpu_max_cached_mem_GB=1.236
[dbi-lab-server] 2026-05-06 20:44:14,976 (trainer:447) INFO: There are no improvements in this epoch
[dbi-lab-server] 2026-05-06 20:44:14,986 (trainer:503) INFO: The model files were removed: exp/lm_train_char/27epoch.pth
[dbi-lab-server] 2026-05-06 20:44:14,986 (trainer:311) INFO: 29/40epoch started. Estimated time to finish: 1 hour, 49 minutes and 53.71 seconds
[dbi-lab-server] 2026-05-06 20:44:40,256 (trainer:799) INFO: 29epoch:train:1-3208batch: iter_time=6.196e-05, forward_time=0.004, loss=2.274, backward_time=0.001, grad_norm=1.074, clip=0.530, loss_scale=1.000, optim_step_time=2.561e-04, optim0_lr0=1.000, train_time=0.008
[dbi-lab-server] 2026-05-06 20:45:05,405 (trainer:799) INFO: 29epoch:train:3209-6416batch: iter_time=4.804e-05, forward_time=0.004, loss=2.278, backward_time=0.001, grad_norm=1.081, clip=0.561, loss_scale=1.000, optim_step_time=2.525e-04, optim0_lr0=1.000, train_time=0.008
[dbi-lab-server] 2026-05-06 20:45:30,774 (trainer:799) INFO: 29epoch:train:6417-9624batch: iter_time=4.549e-05, forward_time=0.004, loss=2.287, backward_time=0.001, grad_norm=1.092, clip=0.686, loss_scale=1.000, optim_step_time=2.594e-04, optim0_lr0=1.000, train_time=0.008
[dbi-lab-server] 2026-05-06 20:45:56,132 (trainer:799) INFO: 29epoch:train:9625-12832batch: iter_time=4.497e-05, forward_time=0.004, loss=2.282, backward_time=0.001, grad_norm=1.087, clip=0.530, loss_scale=1.000, optim_step_time=2.627e-04, optim0_lr0=1.000, train_time=0.008
[dbi-lab-server] 2026-05-06 20:46:21,671 (trainer:799) INFO: 29epoch:train:12833-16040batch: iter_time=4.506e-05, forward_time=0.004, loss=2.285, backward_time=0.001, grad_norm=1.104, clip=0.717, loss_scale=1.000, optim_step_time=2.586e-04, optim0_lr0=1.000, train_time=0.008
[dbi-lab-server] 2026-05-06 20:46:46,637 (trainer:799) INFO: 29epoch:train:16041-19248batch: iter_time=4.623e-05, forward_time=0.004, loss=2.291, backward_time=0.001, grad_norm=1.116, clip=0.717, loss_scale=1.000, optim_step_time=2.590e-04, optim0_lr0=1.000, train_time=0.008
[dbi-lab-server] 2026-05-06 20:47:11,843 (trainer:799) INFO: 29epoch:train:19249-22456batch: iter_time=4.375e-05, forward_time=0.004, loss=2.299, backward_time=0.001, grad_norm=1.155, clip=0.966, loss_scale=1.000, optim_step_time=2.583e-04, optim0_lr0=1.000, train_time=0.008
[dbi-lab-server] 2026-05-06 20:47:36,920 (trainer:799) INFO: 29epoch:train:22457-25664batch: iter_time=4.542e-05, forward_time=0.004, loss=2.296, backward_time=0.001, grad_norm=1.139, clip=0.873, loss_scale=1.000, optim_step_time=2.520e-04, optim0_lr0=1.000, train_time=0.008
[dbi-lab-server] 2026-05-06 20:48:02,042 (trainer:799) INFO: 29epoch:train:25665-28872batch: iter_time=4.439e-05, forward_time=0.004, loss=2.293, backward_time=0.001, grad_norm=1.147, clip=0.842, loss_scale=1.000, optim_step_time=2.572e-04, optim0_lr0=1.000, train_time=0.008
[dbi-lab-server] 2026-05-06 20:48:27,147 (trainer:799) INFO: 29epoch:train:28873-32080batch: iter_time=4.499e-05, forward_time=0.004, loss=2.295, backward_time=0.001, grad_norm=1.115, clip=0.748, loss_scale=1.000, optim_step_time=2.581e-04, optim0_lr0=1.000, train_time=0.008
[dbi-lab-server] 2026-05-06 20:48:52,872 (trainer:799) INFO: 29epoch:train:32081-35288batch: iter_time=4.530e-05, forward_time=0.004, loss=2.300, backward_time=0.001, grad_norm=1.130, clip=0.842, loss_scale=1.000, optim_step_time=2.675e-04, optim0_lr0=1.000, train_time=0.008
[dbi-lab-server] 2026-05-06 20:49:18,152 (trainer:799) INFO: 29epoch:train:35289-38496batch: iter_time=4.522e-05, forward_time=0.004, loss=2.304, backward_time=0.001, grad_norm=1.121, clip=0.842, loss_scale=1.000, optim_step_time=2.644e-04, optim0_lr0=1.000, train_time=0.008
[dbi-lab-server] 2026-05-06 20:49:43,207 (trainer:799) INFO: 29epoch:train:38497-41704batch: iter_time=4.434e-05, forward_time=0.004, loss=2.309, backward_time=0.001, grad_norm=1.107, clip=0.686, loss_scale=1.000, optim_step_time=2.533e-04, optim0_lr0=1.000, train_time=0.008
[dbi-lab-server] 2026-05-06 20:50:08,886 (trainer:799) INFO: 29epoch:train:41705-44912batch: iter_time=4.425e-05, forward_time=0.004, loss=2.303, backward_time=0.001, grad_norm=1.096, clip=0.810, loss_scale=1.000, optim_step_time=2.663e-04, optim0_lr0=1.000, train_time=0.008
[dbi-lab-server] 2026-05-06 20:50:34,160 (trainer:799) INFO: 29epoch:train:44913-48120batch: iter_time=4.570e-05, forward_time=0.004, loss=2.299, backward_time=0.001, grad_norm=1.087, clip=0.499, loss_scale=1.000, optim_step_time=2.572e-04, optim0_lr0=1.000, train_time=0.008
[dbi-lab-server] 2026-05-06 20:50:59,204 (trainer:799) INFO: 29epoch:train:48121-51328batch: iter_time=4.322e-05, forward_time=0.004, loss=2.297, backward_time=0.001, grad_norm=1.074, clip=0.530, loss_scale=1.000, optim_step_time=2.541e-04, optim0_lr0=1.000, train_time=0.008
[dbi-lab-server] 2026-05-06 20:51:24,658 (trainer:799) INFO: 29epoch:train:51329-54536batch: iter_time=4.378e-05, forward_time=0.004, loss=2.307, backward_time=0.001, grad_norm=1.099, clip=0.655, loss_scale=1.000, optim_step_time=2.620e-04, optim0_lr0=1.000, train_time=0.008
[dbi-lab-server] 2026-05-06 20:51:49,690 (trainer:799) INFO: 29epoch:train:54537-57744batch: iter_time=4.586e-05, forward_time=0.004, loss=2.317, backward_time=0.001, grad_norm=1.119, clip=0.873, loss_scale=1.000, optim_step_time=2.571e-04, optim0_lr0=1.000, train_time=0.008
[dbi-lab-server] 2026-05-06 20:52:14,903 (trainer:799) INFO: 29epoch:train:57745-60952batch: iter_time=4.472e-05, forward_time=0.004, loss=2.319, backward_time=0.001, grad_norm=1.136, clip=0.779, loss_scale=1.000, optim_step_time=2.612e-04, optim0_lr0=1.000, train_time=0.008
[dbi-lab-server] 2026-05-06 20:52:40,216 (trainer:799) INFO: 29epoch:train:60953-64160batch: iter_time=4.489e-05, forward_time=0.004, loss=2.311, backward_time=0.001, grad_norm=1.097, clip=0.592, loss_scale=1.000, optim_step_time=2.599e-04, optim0_lr0=1.000, train_time=0.008
[dbi-lab-server] 2026-05-06 20:53:19,077 (trainer:381) INFO: 29epoch results: [train] iter_time=4.588e-05, forward_time=0.004, loss=2.297, backward_time=0.001, grad_norm=1.109, clip=0.714, loss_scale=1.000, optim_step_time=2.588e-04, optim0_lr0=1.000, train_time=0.008, time=8 minutes and 25.62 seconds, total_count=1861017, gpu_max_cached_mem_GB=1.236, [valid] loss=2.416, time=38.34 seconds, total_count=259637, gpu_max_cached_mem_GB=1.236, [att_plot] time=0.11 seconds, total_count=0, gpu_max_cached_mem_GB=1.236
[dbi-lab-server] 2026-05-06 20:53:21,139 (trainer:447) INFO: There are no improvements in this epoch
[dbi-lab-server] 2026-05-06 20:53:21,148 (trainer:503) INFO: The model files were removed: exp/lm_train_char/28epoch.pth
[dbi-lab-server] 2026-05-06 20:53:21,148 (trainer:311) INFO: 30/40epoch started. Estimated time to finish: 1 hour, 40 minutes and 42.98 seconds
[dbi-lab-server] 2026-05-06 20:53:46,686 (trainer:799) INFO: 30epoch:train:1-3208batch: iter_time=6.225e-05, forward_time=0.004, loss=2.275, backward_time=0.001, grad_norm=1.077, clip=0.842, loss_scale=1.000, optim_step_time=2.566e-04, optim0_lr0=1.000, train_time=0.008
[dbi-lab-server] 2026-05-06 20:54:12,412 (trainer:799) INFO: 30epoch:train:3209-6416batch: iter_time=4.717e-05, forward_time=0.004, loss=2.278, backward_time=0.001, grad_norm=1.075, clip=0.499, loss_scale=1.000, optim_step_time=2.541e-04, optim0_lr0=1.000, train_time=0.008
[dbi-lab-server] 2026-05-06 20:54:38,655 (trainer:799) INFO: 30epoch:train:6417-9624batch: iter_time=4.594e-05, forward_time=0.004, loss=2.287, backward_time=0.001, grad_norm=1.087, clip=0.655, loss_scale=1.000, optim_step_time=2.707e-04, optim0_lr0=1.000, train_time=0.008
[dbi-lab-server] 2026-05-06 20:55:03,996 (trainer:799) INFO: 30epoch:train:9625-12832batch: iter_time=4.617e-05, forward_time=0.004, loss=2.296, backward_time=0.001, grad_norm=1.116, clip=1.029, loss_scale=1.000, optim_step_time=2.597e-04, optim0_lr0=1.000, train_time=0.008
[dbi-lab-server] 2026-05-06 20:55:29,572 (trainer:799) INFO: 30epoch:train:12833-16040batch: iter_time=4.544e-05, forward_time=0.004, loss=2.290, backward_time=0.001, grad_norm=1.088, clip=0.592, loss_scale=1.000, optim_step_time=2.570e-04, optim0_lr0=1.000, train_time=0.008
[dbi-lab-server] 2026-05-06 20:55:55,072 (trainer:799) INFO: 30epoch:train:16041-19248batch: iter_time=4.429e-05, forward_time=0.004, loss=2.303, backward_time=0.001, grad_norm=1.112, clip=0.655, loss_scale=1.000, optim_step_time=2.608e-04, optim0_lr0=1.000, train_time=0.008
[dbi-lab-server] 2026-05-06 20:56:20,864 (trainer:799) INFO: 30epoch:train:19249-22456batch: iter_time=4.413e-05, forward_time=0.004, loss=2.297, backward_time=0.001, grad_norm=1.116, clip=0.779, loss_scale=1.000, optim_step_time=2.666e-04, optim0_lr0=1.000, train_time=0.008
[dbi-lab-server] 2026-05-06 20:56:46,557 (trainer:799) INFO: 30epoch:train:22457-25664batch: iter_time=4.421e-05, forward_time=0.004, loss=2.296, backward_time=0.001, grad_norm=1.087, clip=0.686, loss_scale=1.000, optim_step_time=2.644e-04, optim0_lr0=1.000, train_time=0.008
[dbi-lab-server] 2026-05-06 20:57:12,288 (trainer:799) INFO: 30epoch:train:25665-28872batch: iter_time=4.639e-05, forward_time=0.004, loss=2.295, backward_time=0.001, grad_norm=1.100, clip=0.655, loss_scale=1.000, optim_step_time=2.737e-04, optim0_lr0=1.000, train_time=0.008
[dbi-lab-server] 2026-05-06 20:57:38,738 (trainer:799) INFO: 30epoch:train:28873-32080batch: iter_time=4.555e-05, forward_time=0.004, loss=2.309, backward_time=0.002, grad_norm=1.119, clip=0.655, loss_scale=1.000, optim_step_time=2.788e-04, optim0_lr0=1.000, train_time=0.008
[dbi-lab-server] 2026-05-06 20:58:04,758 (trainer:799) INFO: 30epoch:train:32081-35288batch: iter_time=4.547e-05, forward_time=0.004, loss=2.313, backward_time=0.001, grad_norm=1.121, clip=0.686, loss_scale=1.000, optim_step_time=2.719e-04, optim0_lr0=1.000, train_time=0.008
[dbi-lab-server] 2026-05-06 20:58:30,621 (trainer:799) INFO: 30epoch:train:35289-38496batch: iter_time=4.485e-05, forward_time=0.004, loss=2.312, backward_time=0.001, grad_norm=1.122, clip=0.686, loss_scale=1.000, optim_step_time=2.638e-04, optim0_lr0=1.000, train_time=0.008
[dbi-lab-server] 2026-05-06 20:58:56,332 (trainer:799) INFO: 30epoch:train:38497-41704batch: iter_time=4.459e-05, forward_time=0.004, loss=2.314, backward_time=0.001, grad_norm=1.098, clip=0.468, loss_scale=1.000, optim_step_time=2.633e-04, optim0_lr0=1.000, train_time=0.008
[dbi-lab-server] 2026-05-06 20:59:22,003 (trainer:799) INFO: 30epoch:train:41705-44912batch: iter_time=4.495e-05, forward_time=0.004, loss=2.308, backward_time=0.001, grad_norm=1.103, clip=0.779, loss_scale=1.000, optim_step_time=2.639e-04, optim0_lr0=1.000, train_time=0.008
[dbi-lab-server] 2026-05-06 20:59:48,090 (trainer:799) INFO: 30epoch:train:44913-48120batch: iter_time=4.506e-05, forward_time=0.004, loss=2.313, backward_time=0.001, grad_norm=1.119, clip=0.748, loss_scale=1.000, optim_step_time=2.700e-04, optim0_lr0=1.000, train_time=0.008
[dbi-lab-server] 2026-05-06 21:00:13,944 (trainer:799) INFO: 30epoch:train:48121-51328batch: iter_time=4.605e-05, forward_time=0.004, loss=2.313, backward_time=0.001, grad_norm=1.111, clip=0.717, loss_scale=1.000, optim_step_time=2.679e-04, optim0_lr0=1.000, train_time=0.008
[dbi-lab-server] 2026-05-06 21:00:39,657 (trainer:799) INFO: 30epoch:train:51329-54536batch: iter_time=4.521e-05, forward_time=0.004, loss=2.319, backward_time=0.001, grad_norm=1.143, clip=0.966, loss_scale=1.000, optim_step_time=2.708e-04, optim0_lr0=1.000, train_time=0.008
[dbi-lab-server] 2026-05-06 21:01:05,373 (trainer:799) INFO: 30epoch:train:54537-57744batch: iter_time=4.474e-05, forward_time=0.004, loss=2.318, backward_time=0.001, grad_norm=1.122, clip=0.686, loss_scale=1.000, optim_step_time=2.700e-04, optim0_lr0=1.000, train_time=0.008
[dbi-lab-server] 2026-05-06 21:01:31,282 (trainer:799) INFO: 30epoch:train:57745-60952batch: iter_time=4.483e-05, forward_time=0.004, loss=2.313, backward_time=0.001, grad_norm=1.110, clip=0.655, loss_scale=1.000, optim_step_time=2.756e-04, optim0_lr0=1.000, train_time=0.008
[dbi-lab-server] 2026-05-06 21:01:56,766 (trainer:799) INFO: 30epoch:train:60953-64160batch: iter_time=4.636e-05, forward_time=0.004, loss=2.319, backward_time=0.001, grad_norm=1.124, clip=0.530, loss_scale=1.000, optim_step_time=2.668e-04, optim0_lr0=1.000, train_time=0.008
[dbi-lab-server] 2026-05-06 21:02:35,690 (trainer:381) INFO: 30epoch results: [train] iter_time=4.618e-05, forward_time=0.004, loss=2.303, backward_time=0.001, grad_norm=1.108, clip=0.698, loss_scale=1.000, optim_step_time=2.663e-04, optim0_lr0=1.000, train_time=0.008, time=8 minutes and 36.01 seconds, total_count=1925190, gpu_max_cached_mem_GB=1.236, [valid] loss=2.413, time=38.42 seconds, total_count=268590, gpu_max_cached_mem_GB=1.236, [att_plot] time=0.09 seconds, total_count=0, gpu_max_cached_mem_GB=1.236
[dbi-lab-server] 2026-05-06 21:02:37,800 (trainer:447) INFO: There are no improvements in this epoch
[dbi-lab-server] 2026-05-06 21:02:37,810 (trainer:503) INFO: The model files were removed: exp/lm_train_char/29epoch.pth
[dbi-lab-server] 2026-05-06 21:02:37,810 (trainer:311) INFO: 31/40epoch started. Estimated time to finish: 1 hour, 31 minutes and 36.05 seconds
[dbi-lab-server] 2026-05-06 21:03:03,453 (trainer:799) INFO: 31epoch:train:1-3208batch: iter_time=6.335e-05, forward_time=0.004, loss=2.283, backward_time=0.001, grad_norm=1.104, clip=0.748, loss_scale=1.000, optim_step_time=2.666e-04, optim0_lr0=1.000, train_time=0.008
[dbi-lab-server] 2026-05-06 21:03:28,777 (trainer:799) INFO: 31epoch:train:3209-6416batch: iter_time=4.762e-05, forward_time=0.004, loss=2.294, backward_time=0.001, grad_norm=1.123, clip=0.717, loss_scale=1.000, optim_step_time=2.594e-04, optim0_lr0=1.000, train_time=0.008
[dbi-lab-server] 2026-05-06 21:03:54,621 (trainer:799) INFO: 31epoch:train:6417-9624batch: iter_time=4.672e-05, forward_time=0.004, loss=2.295, backward_time=0.001, grad_norm=1.117, clip=0.810, loss_scale=1.000, optim_step_time=2.731e-04, optim0_lr0=1.000, train_time=0.008
[dbi-lab-server] 2026-05-06 21:04:20,214 (trainer:799) INFO: 31epoch:train:9625-12832batch: iter_time=4.518e-05, forward_time=0.004, loss=2.294, backward_time=0.001, grad_norm=1.122, clip=0.717, loss_scale=1.000, optim_step_time=2.593e-04, optim0_lr0=1.000, train_time=0.008
[dbi-lab-server] 2026-05-06 21:04:45,440 (trainer:799) INFO: 31epoch:train:12833-16040batch: iter_time=4.404e-05, forward_time=0.004, loss=2.301, backward_time=0.001, grad_norm=1.123, clip=0.623, loss_scale=1.000, optim_step_time=2.563e-04, optim0_lr0=1.000, train_time=0.008
[dbi-lab-server] 2026-05-06 21:05:11,364 (trainer:799) INFO: 31epoch:train:16041-19248batch: iter_time=4.549e-05, forward_time=0.004, loss=2.295, backward_time=0.001, grad_norm=1.112, clip=0.717, loss_scale=1.000, optim_step_time=2.592e-04, optim0_lr0=1.000, train_time=0.008
[dbi-lab-server] 2026-05-06 21:05:37,463 (trainer:799) INFO: 31epoch:train:19249-22456batch: iter_time=4.537e-05, forward_time=0.004, loss=2.299, backward_time=0.001, grad_norm=1.104, clip=0.655, loss_scale=1.000, optim_step_time=2.777e-04, optim0_lr0=1.000, train_time=0.008
[dbi-lab-server] 2026-05-06 21:06:03,342 (trainer:799) INFO: 31epoch:train:22457-25664batch: iter_time=4.586e-05, forward_time=0.004, loss=2.294, backward_time=0.001, grad_norm=1.106, clip=0.530, loss_scale=1.000, optim_step_time=2.621e-04, optim0_lr0=1.000, train_time=0.008
[dbi-lab-server] 2026-05-06 21:06:29,017 (trainer:799) INFO: 31epoch:train:25665-28872batch: iter_time=4.520e-05, forward_time=0.004, loss=2.308, backward_time=0.001, grad_norm=1.158, clip=0.966, loss_scale=1.000, optim_step_time=2.608e-04, optim0_lr0=1.000, train_time=0.008
[dbi-lab-server] 2026-05-06 21:06:54,664 (trainer:799) INFO: 31epoch:train:28873-32080batch: iter_time=4.575e-05, forward_time=0.004, loss=2.308, backward_time=0.001, grad_norm=1.121, clip=0.561, loss_scale=1.000, optim_step_time=2.795e-04, optim0_lr0=1.000, train_time=0.008
[dbi-lab-server] 2026-05-06 21:07:20,000 (trainer:799) INFO: 31epoch:train:32081-35288batch: iter_time=4.461e-05, forward_time=0.004, loss=2.309, backward_time=0.001, grad_norm=1.136, clip=0.779, loss_scale=1.000, optim_step_time=2.648e-04, optim0_lr0=1.000, train_time=0.008
[dbi-lab-server] 2026-05-06 21:07:45,360 (trainer:799) INFO: 31epoch:train:35289-38496batch: iter_time=4.418e-05, forward_time=0.004, loss=2.316, backward_time=0.001, grad_norm=1.114, clip=0.623, loss_scale=1.000, optim_step_time=2.579e-04, optim0_lr0=1.000, train_time=0.008
[dbi-lab-server] 2026-05-06 21:08:11,135 (trainer:799) INFO: 31epoch:train:38497-41704batch: iter_time=4.459e-05, forward_time=0.004, loss=2.306, backward_time=0.001, grad_norm=1.111, clip=0.436, loss_scale=1.000, optim_step_time=2.689e-04, optim0_lr0=1.000, train_time=0.008
[dbi-lab-server] 2026-05-06 21:08:36,410 (trainer:799) INFO: 31epoch:train:41705-44912batch: iter_time=4.585e-05, forward_time=0.004, loss=2.319, backward_time=0.001, grad_norm=1.139, clip=0.873, loss_scale=1.000, optim_step_time=2.577e-04, optim0_lr0=1.000, train_time=0.008
[dbi-lab-server] 2026-05-06 21:09:01,820 (trainer:799) INFO: 31epoch:train:44913-48120batch: iter_time=4.520e-05, forward_time=0.004, loss=2.317, backward_time=0.001, grad_norm=1.141, clip=0.717, loss_scale=1.000, optim_step_time=2.576e-04, optim0_lr0=1.000, train_time=0.008
[dbi-lab-server] 2026-05-06 21:09:16,666 (trainer:799) INFO: 31epoch:train:48121-51328batch: iter_time=4.693e-05, forward_time=0.001, loss=2.321, backward_time=0.001, grad_norm=1.146, clip=0.810, loss_scale=1.000, optim_step_time=2.657e-04, optim0_lr0=1.000, train_time=0.005
[dbi-lab-server] 2026-05-06 21:09:31,570 (trainer:799) INFO: 31epoch:train:51329-54536batch: iter_time=5.021e-05, forward_time=0.001, loss=2.319, backward_time=0.001, grad_norm=1.141, clip=0.779, loss_scale=1.000, optim_step_time=2.600e-04, optim0_lr0=1.000, train_time=0.005
[dbi-lab-server] 2026-05-06 21:09:46,389 (trainer:799) INFO: 31epoch:train:54537-57744batch: iter_time=4.715e-05, forward_time=0.001, loss=2.319, backward_time=0.001, grad_norm=1.125, clip=0.623, loss_scale=1.000, optim_step_time=2.581e-04, optim0_lr0=1.000, train_time=0.005
[dbi-lab-server] 2026-05-06 21:10:01,395 (trainer:799) INFO: 31epoch:train:57745-60952batch: iter_time=4.923e-05, forward_time=0.001, loss=2.328, backward_time=0.001, grad_norm=1.154, clip=0.779, loss_scale=1.000, optim_step_time=2.647e-04, optim0_lr0=1.000, train_time=0.005
[dbi-lab-server] 2026-05-06 21:10:16,327 (trainer:799) INFO: 31epoch:train:60953-64160batch: iter_time=4.648e-05, forward_time=0.001, loss=2.327, backward_time=0.001, grad_norm=1.149, clip=0.561, loss_scale=1.000, optim_step_time=2.702e-04, optim0_lr0=1.000, train_time=0.005
[dbi-lab-server] 2026-05-06 21:10:36,857 (trainer:381) INFO: 31epoch results: [train] iter_time=4.695e-05, forward_time=0.003, loss=2.308, backward_time=0.001, grad_norm=1.127, clip=0.701, loss_scale=1.000, optim_step_time=2.640e-04, optim0_lr0=1.000, train_time=0.007, time=7 minutes and 38.86 seconds, total_count=1989363, gpu_max_cached_mem_GB=1.236, [valid] loss=2.420, time=20.07 seconds, total_count=277543, gpu_max_cached_mem_GB=1.236, [att_plot] time=0.1 seconds, total_count=0, gpu_max_cached_mem_GB=1.236
[dbi-lab-server] 2026-05-06 21:10:38,852 (trainer:447) INFO: There are no improvements in this epoch
[dbi-lab-server] 2026-05-06 21:10:38,860 (trainer:503) INFO: The model files were removed: exp/lm_train_char/30epoch.pth
[dbi-lab-server] 2026-05-06 21:10:38,860 (trainer:311) INFO: 32/40epoch started. Estimated time to finish: 1 hour, 22 minutes and 6.54 seconds
[dbi-lab-server] 2026-05-06 21:10:53,562 (trainer:799) INFO: 32epoch:train:1-3208batch: iter_time=6.550e-05, forward_time=0.001, loss=2.275, backward_time=0.001, grad_norm=1.091, clip=0.810, loss_scale=1.000, optim_step_time=2.516e-04, optim0_lr0=1.000, train_time=0.005
[dbi-lab-server] 2026-05-06 21:11:08,365 (trainer:799) INFO: 32epoch:train:3209-6416batch: iter_time=5.381e-05, forward_time=0.001, loss=2.284, backward_time=0.001, grad_norm=1.111, clip=0.904, loss_scale=1.000, optim_step_time=2.597e-04, optim0_lr0=1.000, train_time=0.005
[dbi-lab-server] 2026-05-06 21:11:22,920 (trainer:799) INFO: 32epoch:train:6417-9624batch: iter_time=5.028e-05, forward_time=0.001, loss=2.302, backward_time=0.001, grad_norm=1.126, clip=0.873, loss_scale=1.000, optim_step_time=2.522e-04, optim0_lr0=1.000, train_time=0.004
[dbi-lab-server] 2026-05-06 21:11:37,506 (trainer:799) INFO: 32epoch:train:9625-12832batch: iter_time=4.936e-05, forward_time=0.001, loss=2.305, backward_time=0.001, grad_norm=1.127, clip=0.655, loss_scale=1.000, optim_step_time=2.577e-04, optim0_lr0=1.000, train_time=0.004
[dbi-lab-server] 2026-05-06 21:11:52,216 (trainer:799) INFO: 32epoch:train:12833-16040batch: iter_time=4.786e-05, forward_time=0.001, loss=2.303, backward_time=0.001, grad_norm=1.114, clip=0.592, loss_scale=1.000, optim_step_time=2.525e-04, optim0_lr0=1.000, train_time=0.005
[dbi-lab-server] 2026-05-06 21:12:07,002 (trainer:799) INFO: 32epoch:train:16041-19248batch: iter_time=4.621e-05, forward_time=0.001, loss=2.300, backward_time=0.001, grad_norm=1.148, clip=0.779, loss_scale=1.000, optim_step_time=2.577e-04, optim0_lr0=1.000, train_time=0.005
[dbi-lab-server] 2026-05-06 21:12:21,622 (trainer:799) INFO: 32epoch:train:19249-22456batch: iter_time=4.865e-05, forward_time=0.001, loss=2.303, backward_time=0.001, grad_norm=1.131, clip=0.717, loss_scale=1.000, optim_step_time=2.538e-04, optim0_lr0=1.000, train_time=0.004
[dbi-lab-server] 2026-05-06 21:12:36,273 (trainer:799) INFO: 32epoch:train:22457-25664batch: iter_time=4.405e-05, forward_time=0.001, loss=2.310, backward_time=0.001, grad_norm=1.143, clip=0.592, loss_scale=1.000, optim_step_time=2.605e-04, optim0_lr0=1.000, train_time=0.004
[dbi-lab-server] 2026-05-06 21:12:51,336 (trainer:799) INFO: 32epoch:train:25665-28872batch: iter_time=4.923e-05, forward_time=0.001, loss=2.311, backward_time=0.001, grad_norm=1.134, clip=0.592, loss_scale=1.000, optim_step_time=2.640e-04, optim0_lr0=1.000, train_time=0.005
[dbi-lab-server] 2026-05-06 21:13:06,074 (trainer:799) INFO: 32epoch:train:28873-32080batch: iter_time=4.418e-05, forward_time=0.001, loss=2.316, backward_time=0.001, grad_norm=1.145, clip=0.623, loss_scale=1.000, optim_step_time=2.604e-04, optim0_lr0=1.000, train_time=0.005
[dbi-lab-server] 2026-05-06 21:13:20,774 (trainer:799) INFO: 32epoch:train:32081-35288batch: iter_time=4.602e-05, forward_time=0.001, loss=2.313, backward_time=0.001, grad_norm=1.154, clip=0.717, loss_scale=1.000, optim_step_time=2.582e-04, optim0_lr0=1.000, train_time=0.005
[dbi-lab-server] 2026-05-06 21:13:35,305 (trainer:799) INFO: 32epoch:train:35289-38496batch: iter_time=4.717e-05, forward_time=0.001, loss=2.316, backward_time=0.001, grad_norm=1.160, clip=0.779, loss_scale=1.000, optim_step_time=2.524e-04, optim0_lr0=1.000, train_time=0.004
[dbi-lab-server] 2026-05-06 21:13:49,944 (trainer:799) INFO: 32epoch:train:38497-41704batch: iter_time=4.752e-05, forward_time=0.001, loss=2.320, backward_time=0.001, grad_norm=1.143, clip=0.717, loss_scale=1.000, optim_step_time=2.566e-04, optim0_lr0=1.000, train_time=0.004
[dbi-lab-server] 2026-05-06 21:14:04,672 (trainer:799) INFO: 32epoch:train:41705-44912batch: iter_time=5.143e-05, forward_time=0.001, loss=2.323, backward_time=0.001, grad_norm=1.163, clip=1.060, loss_scale=1.000, optim_step_time=2.510e-04, optim0_lr0=1.000, train_time=0.005
[dbi-lab-server] 2026-05-06 21:14:19,268 (trainer:799) INFO: 32epoch:train:44913-48120batch: iter_time=4.631e-05, forward_time=0.001, loss=2.327, backward_time=0.001, grad_norm=1.162, clip=0.935, loss_scale=1.000, optim_step_time=2.587e-04, optim0_lr0=1.000, train_time=0.004
[dbi-lab-server] 2026-05-06 21:14:33,879 (trainer:799) INFO: 32epoch:train:48121-51328batch: iter_time=4.685e-05, forward_time=0.001, loss=2.322, backward_time=0.001, grad_norm=1.180, clip=0.842, loss_scale=1.000, optim_step_time=2.525e-04, optim0_lr0=1.000, train_time=0.004
[dbi-lab-server] 2026-05-06 21:14:48,557 (trainer:799) INFO: 32epoch:train:51329-54536batch: iter_time=4.881e-05, forward_time=0.001, loss=2.331, backward_time=0.001, grad_norm=1.172, clip=0.779, loss_scale=1.000, optim_step_time=2.559e-04, optim0_lr0=1.000, train_time=0.004
[dbi-lab-server] 2026-05-06 21:15:03,276 (trainer:799) INFO: 32epoch:train:54537-57744batch: iter_time=4.709e-05, forward_time=0.001, loss=2.325, backward_time=0.001, grad_norm=1.170, clip=0.810, loss_scale=1.000, optim_step_time=2.579e-04, optim0_lr0=1.000, train_time=0.005
[dbi-lab-server] 2026-05-06 21:15:17,910 (trainer:799) INFO: 32epoch:train:57745-60952batch: iter_time=4.688e-05, forward_time=0.001, loss=2.326, backward_time=0.001, grad_norm=1.173, clip=0.623, loss_scale=1.000, optim_step_time=2.594e-04, optim0_lr0=1.000, train_time=0.004
[dbi-lab-server] 2026-05-06 21:15:32,657 (trainer:799) INFO: 32epoch:train:60953-64160batch: iter_time=4.769e-05, forward_time=0.001, loss=2.329, backward_time=0.001, grad_norm=1.171, clip=0.655, loss_scale=1.000, optim_step_time=2.523e-04, optim0_lr0=1.000, train_time=0.005
[dbi-lab-server] 2026-05-06 21:15:52,716 (trainer:381) INFO: 32epoch results: [train] iter_time=4.874e-05, forward_time=0.001, loss=2.312, backward_time=0.001, grad_norm=1.146, clip=0.753, loss_scale=1.000, optim_step_time=2.563e-04, optim0_lr0=1.000, train_time=0.005, time=4 minutes and 54.13 seconds, total_count=2053536, gpu_max_cached_mem_GB=1.236, [valid] loss=2.426, time=19.61 seconds, total_count=286496, gpu_max_cached_mem_GB=1.236, [att_plot] time=0.1 seconds, total_count=0, gpu_max_cached_mem_GB=1.236
[dbi-lab-server] 2026-05-06 21:15:54,704 (trainer:447) INFO: There are no improvements in this epoch
[dbi-lab-server] 2026-05-06 21:15:54,715 (trainer:503) INFO: The model files were removed: exp/lm_train_char/31epoch.pth
[dbi-lab-server] 2026-05-06 21:15:54,715 (trainer:311) INFO: 33/40epoch started. Estimated time to finish: 1 hour, 12 minutes and 1.26 seconds
[dbi-lab-server] 2026-05-06 21:16:09,569 (trainer:799) INFO: 33epoch:train:1-3208batch: iter_time=5.999e-05, forward_time=0.001, loss=2.290, backward_time=0.001, grad_norm=1.152, clip=0.748, loss_scale=1.000, optim_step_time=2.640e-04, optim0_lr0=1.000, train_time=0.005
[dbi-lab-server] 2026-05-06 21:16:24,275 (trainer:799) INFO: 33epoch:train:3209-6416batch: iter_time=5.007e-05, forward_time=0.001, loss=2.287, backward_time=0.001, grad_norm=1.135, clip=0.623, loss_scale=1.000, optim_step_time=2.568e-04, optim0_lr0=1.000, train_time=0.005
[dbi-lab-server] 2026-05-06 21:16:38,728 (trainer:799) INFO: 33epoch:train:6417-9624batch: iter_time=4.777e-05, forward_time=0.001, loss=2.302, backward_time=0.001, grad_norm=1.176, clip=1.153, loss_scale=1.000, optim_step_time=2.526e-04, optim0_lr0=1.000, train_time=0.004
[dbi-lab-server] 2026-05-06 21:16:53,334 (trainer:799) INFO: 33epoch:train:9625-12832batch: iter_time=4.534e-05, forward_time=0.001, loss=2.309, backward_time=0.001, grad_norm=1.166, clip=0.779, loss_scale=1.000, optim_step_time=2.551e-04, optim0_lr0=1.000, train_time=0.004
[dbi-lab-server] 2026-05-06 21:17:07,954 (trainer:799) INFO: 33epoch:train:12833-16040batch: iter_time=4.648e-05, forward_time=0.001, loss=2.312, backward_time=0.001, grad_norm=1.152, clip=0.623, loss_scale=1.000, optim_step_time=2.560e-04, optim0_lr0=1.000, train_time=0.004
[dbi-lab-server] 2026-05-06 21:17:22,539 (trainer:799) INFO: 33epoch:train:16041-19248batch: iter_time=4.501e-05, forward_time=0.001, loss=2.306, backward_time=0.001, grad_norm=1.164, clip=0.623, loss_scale=1.000, optim_step_time=2.527e-04, optim0_lr0=1.000, train_time=0.004
[dbi-lab-server] 2026-05-06 21:17:37,201 (trainer:799) INFO: 33epoch:train:19249-22456batch: iter_time=5.070e-05, forward_time=0.001, loss=2.323, backward_time=0.001, grad_norm=1.182, clip=0.748, loss_scale=1.000, optim_step_time=2.537e-04, optim0_lr0=1.000, train_time=0.004
[dbi-lab-server] 2026-05-06 21:17:51,875 (trainer:799) INFO: 33epoch:train:22457-25664batch: iter_time=4.548e-05, forward_time=0.001, loss=2.311, backward_time=0.001, grad_norm=1.170, clip=0.779, loss_scale=1.000, optim_step_time=2.547e-04, optim0_lr0=1.000, train_time=0.004
[dbi-lab-server] 2026-05-06 21:18:06,526 (trainer:799) INFO: 33epoch:train:25665-28872batch: iter_time=4.807e-05, forward_time=0.001, loss=2.316, backward_time=0.001, grad_norm=1.177, clip=0.623, loss_scale=1.000, optim_step_time=2.534e-04, optim0_lr0=1.000, train_time=0.004
[dbi-lab-server] 2026-05-06 21:18:21,147 (trainer:799) INFO: 33epoch:train:28873-32080batch: iter_time=4.870e-05, forward_time=0.001, loss=2.322, backward_time=0.001, grad_norm=1.221, clip=1.091, loss_scale=1.000, optim_step_time=2.581e-04, optim0_lr0=1.000, train_time=0.004
[dbi-lab-server] 2026-05-06 21:18:35,719 (trainer:799) INFO: 33epoch:train:32081-35288batch: iter_time=4.856e-05, forward_time=0.001, loss=2.321, backward_time=0.001, grad_norm=1.188, clip=0.686, loss_scale=1.000, optim_step_time=2.538e-04, optim0_lr0=1.000, train_time=0.004
[dbi-lab-server] 2026-05-06 21:18:50,543 (trainer:799) INFO: 33epoch:train:35289-38496batch: iter_time=4.745e-05, forward_time=0.001, loss=2.322, backward_time=0.001, grad_norm=1.217, clip=0.935, loss_scale=1.000, optim_step_time=2.543e-04, optim0_lr0=1.000, train_time=0.005
[dbi-lab-server] 2026-05-06 21:19:05,305 (trainer:799) INFO: 33epoch:train:38497-41704batch: iter_time=5.044e-05, forward_time=0.001, loss=2.326, backward_time=0.001, grad_norm=1.223, clip=0.935, loss_scale=1.000, optim_step_time=2.546e-04, optim0_lr0=1.000, train_time=0.005
[dbi-lab-server] 2026-05-06 21:19:20,065 (trainer:799) INFO: 33epoch:train:41705-44912batch: iter_time=4.754e-05, forward_time=0.001, loss=2.330, backward_time=0.001, grad_norm=1.230, clip=0.935, loss_scale=1.000, optim_step_time=2.526e-04, optim0_lr0=1.000, train_time=0.005
[dbi-lab-server] 2026-05-06 21:19:35,223 (trainer:799) INFO: 33epoch:train:44913-48120batch: iter_time=4.656e-05, forward_time=0.001, loss=2.324, backward_time=0.001, grad_norm=1.214, clip=0.904, loss_scale=1.000, optim_step_time=2.628e-04, optim0_lr0=1.000, train_time=0.005
[dbi-lab-server] 2026-05-06 21:19:50,131 (trainer:799) INFO: 33epoch:train:48121-51328batch: iter_time=4.544e-05, forward_time=0.001, loss=2.327, backward_time=0.001, grad_norm=1.214, clip=0.966, loss_scale=1.000, optim_step_time=2.591e-04, optim0_lr0=1.000, train_time=0.005
[dbi-lab-server] 2026-05-06 21:20:05,293 (trainer:799) INFO: 33epoch:train:51329-54536batch: iter_time=4.591e-05, forward_time=0.001, loss=2.318, backward_time=0.001, grad_norm=1.196, clip=0.873, loss_scale=1.000, optim_step_time=2.604e-04, optim0_lr0=1.000, train_time=0.005
[dbi-lab-server] 2026-05-06 21:20:20,236 (trainer:799) INFO: 33epoch:train:54537-57744batch: iter_time=4.614e-05, forward_time=0.001, loss=2.337, backward_time=0.001, grad_norm=1.235, clip=1.091, loss_scale=1.000, optim_step_time=2.604e-04, optim0_lr0=1.000, train_time=0.005
[dbi-lab-server] 2026-05-06 21:20:35,024 (trainer:799) INFO: 33epoch:train:57745-60952batch: iter_time=4.535e-05, forward_time=0.001, loss=2.331, backward_time=0.001, grad_norm=1.242, clip=0.966, loss_scale=1.000, optim_step_time=2.591e-04, optim0_lr0=1.000, train_time=0.005
[dbi-lab-server] 2026-05-06 21:20:49,709 (trainer:799) INFO: 33epoch:train:60953-64160batch: iter_time=4.692e-05, forward_time=0.001, loss=2.341, backward_time=0.001, grad_norm=1.209, clip=0.655, loss_scale=1.000, optim_step_time=2.545e-04, optim0_lr0=1.000, train_time=0.005
[dbi-lab-server] 2026-05-06 21:21:09,269 (trainer:381) INFO: 33epoch results: [train] iter_time=4.790e-05, forward_time=0.001, loss=2.318, backward_time=0.001, grad_norm=1.193, clip=0.837, loss_scale=1.000, optim_step_time=2.564e-04, optim0_lr0=1.000, train_time=0.005, time=4 minutes and 55.33 seconds, total_count=2117709, gpu_max_cached_mem_GB=1.236, [valid] loss=2.419, time=19.1 seconds, total_count=295449, gpu_max_cached_mem_GB=1.236, [att_plot] time=0.1 seconds, total_count=0, gpu_max_cached_mem_GB=1.236
[dbi-lab-server] 2026-05-06 21:21:11,309 (trainer:447) INFO: There are no improvements in this epoch
[dbi-lab-server] 2026-05-06 21:21:11,319 (trainer:503) INFO: The model files were removed: exp/lm_train_char/32epoch.pth
[dbi-lab-server] 2026-05-06 21:21:11,319 (trainer:311) INFO: 34/40epoch started. Estimated time to finish: 1 hour, 2 minutes and 13.69 seconds
[dbi-lab-server] 2026-05-06 21:21:26,063 (trainer:799) INFO: 34epoch:train:1-3208batch: iter_time=6.249e-05, forward_time=0.001, loss=2.297, backward_time=0.001, grad_norm=1.148, clip=0.655, loss_scale=1.000, optim_step_time=2.490e-04, optim0_lr0=1.000, train_time=0.005
[dbi-lab-server] 2026-05-06 21:21:40,597 (trainer:799) INFO: 34epoch:train:3209-6416batch: iter_time=5.355e-05, forward_time=0.001, loss=2.304, backward_time=0.001, grad_norm=1.152, clip=0.592, loss_scale=1.000, optim_step_time=2.468e-04, optim0_lr0=1.000, train_time=0.004
[dbi-lab-server] 2026-05-06 21:21:55,033 (trainer:799) INFO: 34epoch:train:6417-9624batch: iter_time=4.909e-05, forward_time=0.001, loss=2.307, backward_time=0.001, grad_norm=1.162, clip=0.686, loss_scale=1.000, optim_step_time=2.468e-04, optim0_lr0=1.000, train_time=0.004
[dbi-lab-server] 2026-05-06 21:22:09,786 (trainer:799) INFO: 34epoch:train:9625-12832batch: iter_time=4.677e-05, forward_time=0.001, loss=2.304, backward_time=0.001, grad_norm=1.168, clip=0.810, loss_scale=1.000, optim_step_time=2.550e-04, optim0_lr0=1.000, train_time=0.005
[dbi-lab-server] 2026-05-06 21:22:24,421 (trainer:799) INFO: 34epoch:train:12833-16040batch: iter_time=5.134e-05, forward_time=0.001, loss=2.310, backward_time=0.001, grad_norm=1.160, clip=0.468, loss_scale=1.000, optim_step_time=2.530e-04, optim0_lr0=1.000, train_time=0.004
[dbi-lab-server] 2026-05-06 21:22:39,107 (trainer:799) INFO: 34epoch:train:16041-19248batch: iter_time=4.905e-05, forward_time=0.001, loss=2.321, backward_time=0.001, grad_norm=1.204, clip=0.966, loss_scale=1.000, optim_step_time=2.512e-04, optim0_lr0=1.000, train_time=0.005
[dbi-lab-server] 2026-05-06 21:22:53,901 (trainer:799) INFO: 34epoch:train:19249-22456batch: iter_time=4.748e-05, forward_time=0.001, loss=2.307, backward_time=0.001, grad_norm=1.169, clip=0.655, loss_scale=1.000, optim_step_time=2.458e-04, optim0_lr0=1.000, train_time=0.005
[dbi-lab-server] 2026-05-06 21:23:08,504 (trainer:799) INFO: 34epoch:train:22457-25664batch: iter_time=4.741e-05, forward_time=0.001, loss=2.313, backward_time=0.001, grad_norm=1.190, clip=0.779, loss_scale=1.000, optim_step_time=2.466e-04, optim0_lr0=1.000, train_time=0.004
[dbi-lab-server] 2026-05-06 21:23:22,997 (trainer:799) INFO: 34epoch:train:25665-28872batch: iter_time=4.742e-05, forward_time=0.001, loss=2.320, backward_time=0.001, grad_norm=1.190, clip=0.717, loss_scale=1.000, optim_step_time=2.472e-04, optim0_lr0=1.000, train_time=0.004
[dbi-lab-server] 2026-05-06 21:23:37,727 (trainer:799) INFO: 34epoch:train:28873-32080batch: iter_time=5.032e-05, forward_time=0.001, loss=2.320, backward_time=0.001, grad_norm=1.210, clip=0.873, loss_scale=1.000, optim_step_time=2.491e-04, optim0_lr0=1.000, train_time=0.005
[dbi-lab-server] 2026-05-06 21:23:52,378 (trainer:799) INFO: 34epoch:train:32081-35288batch: iter_time=5.083e-05, forward_time=0.001, loss=2.327, backward_time=0.001, grad_norm=1.199, clip=0.530, loss_scale=1.000, optim_step_time=2.543e-04, optim0_lr0=1.000, train_time=0.004
[dbi-lab-server] 2026-05-06 21:24:07,243 (trainer:799) INFO: 34epoch:train:35289-38496batch: iter_time=5.019e-05, forward_time=0.001, loss=2.327, backward_time=0.001, grad_norm=1.219, clip=0.935, loss_scale=1.000, optim_step_time=2.496e-04, optim0_lr0=1.000, train_time=0.005
[dbi-lab-server] 2026-05-06 21:24:21,823 (trainer:799) INFO: 34epoch:train:38497-41704batch: iter_time=4.775e-05, forward_time=0.001, loss=2.329, backward_time=0.001, grad_norm=1.211, clip=0.873, loss_scale=1.000, optim_step_time=2.470e-04, optim0_lr0=1.000, train_time=0.004
[dbi-lab-server] 2026-05-06 21:24:36,410 (trainer:799) INFO: 34epoch:train:41705-44912batch: iter_time=5.072e-05, forward_time=0.001, loss=2.326, backward_time=0.001, grad_norm=1.215, clip=0.904, loss_scale=1.000, optim_step_time=2.460e-04, optim0_lr0=1.000, train_time=0.004
[dbi-lab-server] 2026-05-06 21:24:51,308 (trainer:799) INFO: 34epoch:train:44913-48120batch: iter_time=4.646e-05, forward_time=0.001, loss=2.328, backward_time=0.001, grad_norm=1.208, clip=0.935, loss_scale=1.000, optim_step_time=2.553e-04, optim0_lr0=1.000, train_time=0.005
[dbi-lab-server] 2026-05-06 21:25:06,027 (trainer:799) INFO: 34epoch:train:48121-51328batch: iter_time=4.704e-05, forward_time=0.001, loss=2.328, backward_time=0.001, grad_norm=1.196, clip=0.717, loss_scale=1.000, optim_step_time=2.533e-04, optim0_lr0=1.000, train_time=0.005
[dbi-lab-server] 2026-05-06 21:25:20,718 (trainer:799) INFO: 34epoch:train:51329-54536batch: iter_time=4.646e-05, forward_time=0.001, loss=2.324, backward_time=0.001, grad_norm=1.207, clip=0.717, loss_scale=1.000, optim_step_time=2.547e-04, optim0_lr0=1.000, train_time=0.005
[dbi-lab-server] 2026-05-06 21:25:35,490 (trainer:799) INFO: 34epoch:train:54537-57744batch: iter_time=4.694e-05, forward_time=0.001, loss=2.334, backward_time=0.001, grad_norm=1.221, clip=0.873, loss_scale=1.000, optim_step_time=2.510e-04, optim0_lr0=1.000, train_time=0.005
[dbi-lab-server] 2026-05-06 21:25:50,125 (trainer:799) INFO: 34epoch:train:57745-60952batch: iter_time=4.562e-05, forward_time=0.001, loss=2.348, backward_time=0.001, grad_norm=1.224, clip=0.842, loss_scale=1.000, optim_step_time=2.488e-04, optim0_lr0=1.000, train_time=0.004
[dbi-lab-server] 2026-05-06 21:26:04,890 (trainer:799) INFO: 34epoch:train:60953-64160batch: iter_time=4.876e-05, forward_time=0.001, loss=2.328, backward_time=0.001, grad_norm=1.199, clip=0.842, loss_scale=1.000, optim_step_time=2.528e-04, optim0_lr0=1.000, train_time=0.005
[dbi-lab-server] 2026-05-06 21:26:25,054 (trainer:381) INFO: 34epoch results: [train] iter_time=4.928e-05, forward_time=0.001, loss=2.320, backward_time=0.001, grad_norm=1.193, clip=0.768, loss_scale=1.000, optim_step_time=2.502e-04, optim0_lr0=1.000, train_time=0.004, time=4 minutes and 53.91 seconds, total_count=2181882, gpu_max_cached_mem_GB=1.236, [valid] loss=2.433, time=19.71 seconds, total_count=304402, gpu_max_cached_mem_GB=1.236, [att_plot] time=0.1 seconds, total_count=0, gpu_max_cached_mem_GB=1.236
[dbi-lab-server] 2026-05-06 21:26:27,072 (trainer:447) INFO: There are no improvements in this epoch
[dbi-lab-server] 2026-05-06 21:26:27,082 (trainer:503) INFO: The model files were removed: exp/lm_train_char/33epoch.pth
[dbi-lab-server] 2026-05-06 21:26:27,082 (trainer:311) INFO: 35/40epoch started. Estimated time to finish: 52 minutes and 41.9 seconds
[dbi-lab-server] 2026-05-06 21:26:41,754 (trainer:799) INFO: 35epoch:train:1-3208batch: iter_time=7.208e-05, forward_time=0.001, loss=2.298, backward_time=0.001, grad_norm=1.177, clip=0.623, loss_scale=1.000, optim_step_time=2.542e-04, optim0_lr0=1.000, train_time=0.004
[dbi-lab-server] 2026-05-06 21:26:56,523 (trainer:799) INFO: 35epoch:train:3209-6416batch: iter_time=5.185e-05, forward_time=0.001, loss=2.307, backward_time=0.001, grad_norm=1.187, clip=0.748, loss_scale=1.000, optim_step_time=2.552e-04, optim0_lr0=1.000, train_time=0.005
[dbi-lab-server] 2026-05-06 21:27:11,304 (trainer:799) INFO: 35epoch:train:6417-9624batch: iter_time=5.103e-05, forward_time=0.001, loss=2.311, backward_time=0.001, grad_norm=1.194, clip=0.873, loss_scale=1.000, optim_step_time=2.499e-04, optim0_lr0=1.000, train_time=0.005
[dbi-lab-server] 2026-05-06 21:27:26,269 (trainer:799) INFO: 35epoch:train:9625-12832batch: iter_time=4.918e-05, forward_time=0.001, loss=2.310, backward_time=0.001, grad_norm=1.179, clip=0.748, loss_scale=1.000, optim_step_time=2.542e-04, optim0_lr0=1.000, train_time=0.005
[dbi-lab-server] 2026-05-06 21:27:41,165 (trainer:799) INFO: 35epoch:train:12833-16040batch: iter_time=4.668e-05, forward_time=0.001, loss=2.310, backward_time=0.001, grad_norm=1.177, clip=0.873, loss_scale=1.000, optim_step_time=2.504e-04, optim0_lr0=1.000, train_time=0.005
[dbi-lab-server] 2026-05-06 21:27:55,894 (trainer:799) INFO: 35epoch:train:16041-19248batch: iter_time=5.241e-05, forward_time=0.001, loss=2.311, backward_time=0.001, grad_norm=1.171, clip=0.592, loss_scale=1.000, optim_step_time=2.496e-04, optim0_lr0=1.000, train_time=0.005
[dbi-lab-server] 2026-05-06 21:28:10,673 (trainer:799) INFO: 35epoch:train:19249-22456batch: iter_time=4.722e-05, forward_time=0.001, loss=2.322, backward_time=0.001, grad_norm=1.183, clip=0.655, loss_scale=1.000, optim_step_time=2.552e-04, optim0_lr0=1.000, train_time=0.005
[dbi-lab-server] 2026-05-06 21:28:25,378 (trainer:799) INFO: 35epoch:train:22457-25664batch: iter_time=4.758e-05, forward_time=0.001, loss=2.328, backward_time=0.001, grad_norm=1.183, clip=0.686, loss_scale=1.000, optim_step_time=2.491e-04, optim0_lr0=1.000, train_time=0.005
[dbi-lab-server] 2026-05-06 21:28:39,867 (trainer:799) INFO: 35epoch:train:25665-28872batch: iter_time=5.096e-05, forward_time=0.001, loss=2.329, backward_time=0.001, grad_norm=1.204, clip=0.686, loss_scale=1.000, optim_step_time=2.451e-04, optim0_lr0=1.000, train_time=0.004
[dbi-lab-server] 2026-05-06 21:28:54,540 (trainer:799) INFO: 35epoch:train:28873-32080batch: iter_time=5.001e-05, forward_time=0.001, loss=2.324, backward_time=0.001, grad_norm=1.189, clip=0.779, loss_scale=1.000, optim_step_time=2.482e-04, optim0_lr0=1.000, train_time=0.004
[dbi-lab-server] 2026-05-06 21:29:09,205 (trainer:799) INFO: 35epoch:train:32081-35288batch: iter_time=4.672e-05, forward_time=0.001, loss=2.323, backward_time=0.001, grad_norm=1.203, clip=0.842, loss_scale=1.000, optim_step_time=2.478e-04, optim0_lr0=1.000, train_time=0.004
[dbi-lab-server] 2026-05-06 21:29:23,885 (trainer:799) INFO: 35epoch:train:35289-38496batch: iter_time=5.012e-05, forward_time=0.001, loss=2.333, backward_time=0.001, grad_norm=1.213, clip=0.810, loss_scale=1.000, optim_step_time=2.507e-04, optim0_lr0=1.000, train_time=0.005
[dbi-lab-server] 2026-05-06 21:29:38,686 (trainer:799) INFO: 35epoch:train:38497-41704batch: iter_time=5.026e-05, forward_time=0.001, loss=2.338, backward_time=0.001, grad_norm=1.213, clip=0.873, loss_scale=1.000, optim_step_time=2.517e-04, optim0_lr0=1.000, train_time=0.005
[dbi-lab-server] 2026-05-06 21:29:53,263 (trainer:799) INFO: 35epoch:train:41705-44912batch: iter_time=4.887e-05, forward_time=0.001, loss=2.344, backward_time=0.001, grad_norm=1.221, clip=0.842, loss_scale=1.000, optim_step_time=2.478e-04, optim0_lr0=1.000, train_time=0.004
[dbi-lab-server] 2026-05-06 21:30:07,872 (trainer:799) INFO: 35epoch:train:44913-48120batch: iter_time=4.664e-05, forward_time=0.001, loss=2.335, backward_time=0.001, grad_norm=1.218, clip=0.842, loss_scale=1.000, optim_step_time=2.535e-04, optim0_lr0=1.000, train_time=0.004
[dbi-lab-server] 2026-05-06 21:30:22,501 (trainer:799) INFO: 35epoch:train:48121-51328batch: iter_time=4.740e-05, forward_time=0.001, loss=2.340, backward_time=0.001, grad_norm=1.217, clip=0.686, loss_scale=1.000, optim_step_time=2.511e-04, optim0_lr0=1.000, train_time=0.004
[dbi-lab-server] 2026-05-06 21:30:37,209 (trainer:799) INFO: 35epoch:train:51329-54536batch: iter_time=4.898e-05, forward_time=0.001, loss=2.340, backward_time=0.001, grad_norm=1.228, clip=0.873, loss_scale=1.000, optim_step_time=2.539e-04, optim0_lr0=1.000, train_time=0.005
[dbi-lab-server] 2026-05-06 21:30:51,939 (trainer:799) INFO: 35epoch:train:54537-57744batch: iter_time=4.955e-05, forward_time=0.001, loss=2.339, backward_time=0.001, grad_norm=1.203, clip=0.623, loss_scale=1.000, optim_step_time=2.525e-04, optim0_lr0=1.000, train_time=0.005
[dbi-lab-server] 2026-05-06 21:31:06,840 (trainer:799) INFO: 35epoch:train:57745-60952batch: iter_time=4.669e-05, forward_time=0.001, loss=2.342, backward_time=0.001, grad_norm=1.214, clip=0.655, loss_scale=1.000, optim_step_time=2.534e-04, optim0_lr0=1.000, train_time=0.005
[dbi-lab-server] 2026-05-06 21:31:21,590 (trainer:799) INFO: 35epoch:train:60953-64160batch: iter_time=4.744e-05, forward_time=0.001, loss=2.346, backward_time=0.001, grad_norm=1.225, clip=0.655, loss_scale=1.000, optim_step_time=2.550e-04, optim0_lr0=1.000, train_time=0.005
[dbi-lab-server] 2026-05-06 21:31:41,631 (trainer:381) INFO: 35epoch results: [train] iter_time=5.008e-05, forward_time=0.001, loss=2.327, backward_time=0.001, grad_norm=1.200, clip=0.748, loss_scale=1.000, optim_step_time=2.514e-04, optim0_lr0=1.000, train_time=0.005, time=4 minutes and 54.85 seconds, total_count=2246055, gpu_max_cached_mem_GB=1.236, [valid] loss=2.436, time=19.58 seconds, total_count=313355, gpu_max_cached_mem_GB=1.236, [att_plot] time=0.1 seconds, total_count=0, gpu_max_cached_mem_GB=1.236
[dbi-lab-server] 2026-05-06 21:31:43,628 (trainer:447) INFO: There are no improvements in this epoch
[dbi-lab-server] 2026-05-06 21:31:43,636 (trainer:503) INFO: The model files were removed: exp/lm_train_char/34epoch.pth
[dbi-lab-server] 2026-05-06 21:31:43,637 (trainer:311) INFO: 36/40epoch started. Estimated time to finish: 43 minutes and 24.85 seconds
[dbi-lab-server] 2026-05-06 21:31:58,426 (trainer:799) INFO: 36epoch:train:1-3208batch: iter_time=6.205e-05, forward_time=0.001, loss=2.309, backward_time=0.001, grad_norm=1.169, clip=0.686, loss_scale=1.000, optim_step_time=2.530e-04, optim0_lr0=1.000, train_time=0.005
[dbi-lab-server] 2026-05-06 21:32:13,089 (trainer:799) INFO: 36epoch:train:3209-6416batch: iter_time=5.307e-05, forward_time=0.001, loss=2.316, backward_time=0.001, grad_norm=1.198, clip=0.998, loss_scale=1.000, optim_step_time=2.532e-04, optim0_lr0=1.000, train_time=0.004
[dbi-lab-server] 2026-05-06 21:32:27,770 (trainer:799) INFO: 36epoch:train:6417-9624batch: iter_time=5.227e-05, forward_time=0.001, loss=2.317, backward_time=0.001, grad_norm=1.187, clip=0.655, loss_scale=1.000, optim_step_time=2.501e-04, optim0_lr0=1.000, train_time=0.005
[dbi-lab-server] 2026-05-06 21:32:42,339 (trainer:799) INFO: 36epoch:train:9625-12832batch: iter_time=4.916e-05, forward_time=0.001, loss=2.317, backward_time=0.001, grad_norm=1.196, clip=0.810, loss_scale=1.000, optim_step_time=2.494e-04, optim0_lr0=1.000, train_time=0.004
[dbi-lab-server] 2026-05-06 21:32:57,251 (trainer:799) INFO: 36epoch:train:12833-16040batch: iter_time=4.614e-05, forward_time=0.001, loss=2.321, backward_time=0.001, grad_norm=1.197, clip=0.717, loss_scale=1.000, optim_step_time=2.525e-04, optim0_lr0=1.000, train_time=0.005
[dbi-lab-server] 2026-05-06 21:33:11,948 (trainer:799) INFO: 36epoch:train:16041-19248batch: iter_time=4.766e-05, forward_time=0.001, loss=2.327, backward_time=0.001, grad_norm=1.219, clip=0.842, loss_scale=1.000, optim_step_time=2.524e-04, optim0_lr0=1.000, train_time=0.005
[dbi-lab-server] 2026-05-06 21:33:26,892 (trainer:799) INFO: 36epoch:train:19249-22456batch: iter_time=4.705e-05, forward_time=0.001, loss=2.327, backward_time=0.001, grad_norm=1.228, clip=0.842, loss_scale=1.000, optim_step_time=2.582e-04, optim0_lr0=1.000, train_time=0.005
[dbi-lab-server] 2026-05-06 21:33:41,691 (trainer:799) INFO: 36epoch:train:22457-25664batch: iter_time=4.702e-05, forward_time=0.001, loss=2.325, backward_time=0.001, grad_norm=1.194, clip=0.655, loss_scale=1.000, optim_step_time=2.518e-04, optim0_lr0=1.000, train_time=0.005
[dbi-lab-server] 2026-05-06 21:33:56,310 (trainer:799) INFO: 36epoch:train:25665-28872batch: iter_time=4.804e-05, forward_time=0.001, loss=2.326, backward_time=0.001, grad_norm=1.222, clip=0.966, loss_scale=1.000, optim_step_time=2.503e-04, optim0_lr0=1.000, train_time=0.004
[dbi-lab-server] 2026-05-06 21:34:10,991 (trainer:799) INFO: 36epoch:train:28873-32080batch: iter_time=4.799e-05, forward_time=0.001, loss=2.343, backward_time=0.001, grad_norm=1.223, clip=0.717, loss_scale=1.000, optim_step_time=2.511e-04, optim0_lr0=1.000, train_time=0.005
[dbi-lab-server] 2026-05-06 21:34:25,725 (trainer:799) INFO: 36epoch:train:32081-35288batch: iter_time=5.086e-05, forward_time=0.001, loss=2.338, backward_time=0.001, grad_norm=1.221, clip=0.717, loss_scale=1.000, optim_step_time=2.516e-04, optim0_lr0=1.000, train_time=0.005
[dbi-lab-server] 2026-05-06 21:34:40,300 (trainer:799) INFO: 36epoch:train:35289-38496batch: iter_time=4.415e-05, forward_time=0.001, loss=2.334, backward_time=0.001, grad_norm=1.194, clip=0.530, loss_scale=1.000, optim_step_time=2.504e-04, optim0_lr0=1.000, train_time=0.004
[dbi-lab-server] 2026-05-06 21:34:54,970 (trainer:799) INFO: 36epoch:train:38497-41704batch: iter_time=4.977e-05, forward_time=0.001, loss=2.338, backward_time=0.001, grad_norm=1.192, clip=0.717, loss_scale=1.000, optim_step_time=2.526e-04, optim0_lr0=1.000, train_time=0.004
[dbi-lab-server] 2026-05-06 21:35:09,744 (trainer:799) INFO: 36epoch:train:41705-44912batch: iter_time=4.812e-05, forward_time=0.001, loss=2.339, backward_time=0.001, grad_norm=1.207, clip=0.779, loss_scale=1.000, optim_step_time=2.513e-04, optim0_lr0=1.000, train_time=0.005
[dbi-lab-server] 2026-05-06 21:35:24,675 (trainer:799) INFO: 36epoch:train:44913-48120batch: iter_time=4.747e-05, forward_time=0.001, loss=2.339, backward_time=0.001, grad_norm=1.218, clip=0.779, loss_scale=1.000, optim_step_time=2.512e-04, optim0_lr0=1.000, train_time=0.005
[dbi-lab-server] 2026-05-06 21:35:39,559 (trainer:799) INFO: 36epoch:train:48121-51328batch: iter_time=4.954e-05, forward_time=0.001, loss=2.337, backward_time=0.001, grad_norm=1.216, clip=1.060, loss_scale=1.000, optim_step_time=2.545e-04, optim0_lr0=1.000, train_time=0.005
[dbi-lab-server] 2026-05-06 21:35:54,561 (trainer:799) INFO: 36epoch:train:51329-54536batch: iter_time=4.454e-05, forward_time=0.001, loss=2.339, backward_time=0.001, grad_norm=1.230, clip=0.935, loss_scale=1.000, optim_step_time=2.615e-04, optim0_lr0=1.000, train_time=0.005
[dbi-lab-server] 2026-05-06 21:36:09,635 (trainer:799) INFO: 36epoch:train:54537-57744batch: iter_time=4.568e-05, forward_time=0.001, loss=2.342, backward_time=0.001, grad_norm=1.224, clip=0.779, loss_scale=1.000, optim_step_time=2.694e-04, optim0_lr0=1.000, train_time=0.005
[dbi-lab-server] 2026-05-06 21:36:24,386 (trainer:799) INFO: 36epoch:train:57745-60952batch: iter_time=4.818e-05, forward_time=0.001, loss=2.348, backward_time=0.001, grad_norm=1.211, clip=0.623, loss_scale=1.000, optim_step_time=2.542e-04, optim0_lr0=1.000, train_time=0.005
[dbi-lab-server] 2026-05-06 21:36:39,140 (trainer:799) INFO: 36epoch:train:60953-64160batch: iter_time=4.946e-05, forward_time=0.001, loss=2.353, backward_time=0.001, grad_norm=1.251, clip=0.966, loss_scale=1.000, optim_step_time=2.526e-04, optim0_lr0=1.000, train_time=0.005
[dbi-lab-server] 2026-05-06 21:36:59,080 (trainer:381) INFO: 36epoch results: [train] iter_time=4.891e-05, forward_time=0.001, loss=2.332, backward_time=0.001, grad_norm=1.210, clip=0.788, loss_scale=1.000, optim_step_time=2.536e-04, optim0_lr0=1.000, train_time=0.005, time=4 minutes and 55.84 seconds, total_count=2310228, gpu_max_cached_mem_GB=1.236, [valid] loss=2.446, time=19.47 seconds, total_count=322308, gpu_max_cached_mem_GB=1.236, [att_plot] time=0.11 seconds, total_count=0, gpu_max_cached_mem_GB=1.236
[dbi-lab-server] 2026-05-06 21:37:01,250 (trainer:447) INFO: There are no improvements in this epoch
[dbi-lab-server] 2026-05-06 21:37:01,255 (trainer:503) INFO: The model files were removed: exp/lm_train_char/35epoch.pth
[dbi-lab-server] 2026-05-06 21:37:01,255 (trainer:311) INFO: 37/40epoch started. Estimated time to finish: 34 minutes and 21.29 seconds
[dbi-lab-server] 2026-05-06 21:37:16,105 (trainer:799) INFO: 37epoch:train:1-3208batch: iter_time=6.815e-05, forward_time=0.001, loss=2.318, backward_time=0.001, grad_norm=1.198, clip=0.655, loss_scale=1.000, optim_step_time=2.580e-04, optim0_lr0=1.000, train_time=0.005
[dbi-lab-server] 2026-05-06 21:37:30,816 (trainer:799) INFO: 37epoch:train:3209-6416batch: iter_time=4.851e-05, forward_time=0.001, loss=2.313, backward_time=0.001, grad_norm=1.190, clip=0.592, loss_scale=1.000, optim_step_time=2.481e-04, optim0_lr0=1.000, train_time=0.005
[dbi-lab-server] 2026-05-06 21:37:45,695 (trainer:799) INFO: 37epoch:train:6417-9624batch: iter_time=4.838e-05, forward_time=0.001, loss=2.313, backward_time=0.001, grad_norm=1.190, clip=0.842, loss_scale=1.000, optim_step_time=2.527e-04, optim0_lr0=1.000, train_time=0.005
[dbi-lab-server] 2026-05-06 21:38:00,244 (trainer:799) INFO: 37epoch:train:9625-12832batch: iter_time=4.626e-05, forward_time=0.001, loss=2.326, backward_time=0.001, grad_norm=1.217, clip=1.091, loss_scale=1.000, optim_step_time=2.493e-04, optim0_lr0=1.000, train_time=0.004
[dbi-lab-server] 2026-05-06 21:38:14,933 (trainer:799) INFO: 37epoch:train:12833-16040batch: iter_time=4.897e-05, forward_time=0.001, loss=2.329, backward_time=0.001, grad_norm=1.212, clip=0.623, loss_scale=1.000, optim_step_time=2.504e-04, optim0_lr0=1.000, train_time=0.005
[dbi-lab-server] 2026-05-06 21:38:29,721 (trainer:799) INFO: 37epoch:train:16041-19248batch: iter_time=4.728e-05, forward_time=0.001, loss=2.326, backward_time=0.001, grad_norm=1.194, clip=0.655, loss_scale=1.000, optim_step_time=2.505e-04, optim0_lr0=1.000, train_time=0.005
[dbi-lab-server] 2026-05-06 21:38:44,504 (trainer:799) INFO: 37epoch:train:19249-22456batch: iter_time=4.624e-05, forward_time=0.001, loss=2.342, backward_time=0.001, grad_norm=1.220, clip=0.686, loss_scale=1.000, optim_step_time=2.533e-04, optim0_lr0=1.000, train_time=0.005
[dbi-lab-server] 2026-05-06 21:38:59,210 (trainer:799) INFO: 37epoch:train:22457-25664batch: iter_time=4.823e-05, forward_time=0.001, loss=2.330, backward_time=0.001, grad_norm=1.213, clip=0.810, loss_scale=1.000, optim_step_time=2.518e-04, optim0_lr0=1.000, train_time=0.005
[dbi-lab-server] 2026-05-06 21:39:13,929 (trainer:799) INFO: 37epoch:train:25665-28872batch: iter_time=4.635e-05, forward_time=0.001, loss=2.335, backward_time=0.001, grad_norm=1.226, clip=0.655, loss_scale=1.000, optim_step_time=2.518e-04, optim0_lr0=1.000, train_time=0.005
[dbi-lab-server] 2026-05-06 21:39:28,572 (trainer:799) INFO: 37epoch:train:28873-32080batch: iter_time=4.690e-05, forward_time=0.001, loss=2.342, backward_time=0.001, grad_norm=1.209, clip=0.655, loss_scale=1.000, optim_step_time=2.508e-04, optim0_lr0=1.000, train_time=0.004
[dbi-lab-server] 2026-05-06 21:39:43,451 (trainer:799) INFO: 37epoch:train:32081-35288batch: iter_time=4.865e-05, forward_time=0.001, loss=2.333, backward_time=0.001, grad_norm=1.211, clip=0.748, loss_scale=1.000, optim_step_time=2.525e-04, optim0_lr0=1.000, train_time=0.005
[dbi-lab-server] 2026-05-06 21:39:58,059 (trainer:799) INFO: 37epoch:train:35289-38496batch: iter_time=4.959e-05, forward_time=0.001, loss=2.348, backward_time=0.001, grad_norm=1.231, clip=0.810, loss_scale=1.000, optim_step_time=2.501e-04, optim0_lr0=1.000, train_time=0.004
[dbi-lab-server] 2026-05-06 21:40:12,820 (trainer:799) INFO: 37epoch:train:38497-41704batch: iter_time=4.772e-05, forward_time=0.001, loss=2.338, backward_time=0.001, grad_norm=1.212, clip=0.655, loss_scale=1.000, optim_step_time=2.559e-04, optim0_lr0=1.000, train_time=0.005
[dbi-lab-server] 2026-05-06 21:40:27,463 (trainer:799) INFO: 37epoch:train:41705-44912batch: iter_time=4.598e-05, forward_time=0.001, loss=2.345, backward_time=0.001, grad_norm=1.225, clip=0.842, loss_scale=1.000, optim_step_time=2.507e-04, optim0_lr0=1.000, train_time=0.004
[dbi-lab-server] 2026-05-06 21:40:42,084 (trainer:799) INFO: 37epoch:train:44913-48120batch: iter_time=4.692e-05, forward_time=0.001, loss=2.342, backward_time=0.001, grad_norm=1.215, clip=0.779, loss_scale=1.000, optim_step_time=2.472e-04, optim0_lr0=1.000, train_time=0.004
[dbi-lab-server] 2026-05-06 21:40:56,773 (trainer:799) INFO: 37epoch:train:48121-51328batch: iter_time=5.023e-05, forward_time=0.001, loss=2.345, backward_time=0.001, grad_norm=1.226, clip=0.842, loss_scale=1.000, optim_step_time=2.508e-04, optim0_lr0=1.000, train_time=0.005
[dbi-lab-server] 2026-05-06 21:41:11,478 (trainer:799) INFO: 37epoch:train:51329-54536batch: iter_time=4.678e-05, forward_time=0.001, loss=2.349, backward_time=0.001, grad_norm=1.238, clip=0.935, loss_scale=1.000, optim_step_time=2.480e-04, optim0_lr0=1.000, train_time=0.005
[dbi-lab-server] 2026-05-06 21:41:26,011 (trainer:799) INFO: 37epoch:train:54537-57744batch: iter_time=4.667e-05, forward_time=0.001, loss=2.351, backward_time=0.001, grad_norm=1.251, clip=0.873, loss_scale=1.000, optim_step_time=2.518e-04, optim0_lr0=1.000, train_time=0.004
[dbi-lab-server] 2026-05-06 21:41:40,837 (trainer:799) INFO: 37epoch:train:57745-60952batch: iter_time=4.828e-05, forward_time=0.001, loss=2.354, backward_time=0.001, grad_norm=1.241, clip=0.686, loss_scale=1.000, optim_step_time=2.539e-04, optim0_lr0=1.000, train_time=0.005
[dbi-lab-server] 2026-05-06 21:41:55,237 (trainer:799) INFO: 37epoch:train:60953-64160batch: iter_time=4.971e-05, forward_time=0.001, loss=2.352, backward_time=0.001, grad_norm=1.251, clip=0.748, loss_scale=1.000, optim_step_time=2.484e-04, optim0_lr0=1.000, train_time=0.004
[dbi-lab-server] 2026-05-06 21:42:15,414 (trainer:381) INFO: 37epoch results: [train] iter_time=4.879e-05, forward_time=0.001, loss=2.337, backward_time=0.001, grad_norm=1.218, clip=0.759, loss_scale=1.000, optim_step_time=2.513e-04, optim0_lr0=1.000, train_time=0.005, time=4 minutes and 54.31 seconds, total_count=2374401, gpu_max_cached_mem_GB=1.236, [valid] loss=2.459, time=19.72 seconds, total_count=331261, gpu_max_cached_mem_GB=1.236, [att_plot] time=0.1 seconds, total_count=0, gpu_max_cached_mem_GB=1.236
[dbi-lab-server] 2026-05-06 21:42:17,417 (trainer:447) INFO: There are no improvements in this epoch
[dbi-lab-server] 2026-05-06 21:42:17,426 (trainer:503) INFO: The model files were removed: exp/lm_train_char/36epoch.pth
[dbi-lab-server] 2026-05-06 21:42:17,426 (trainer:311) INFO: 38/40epoch started. Estimated time to finish: 25 minutes and 29.82 seconds
[dbi-lab-server] 2026-05-06 21:42:32,283 (trainer:799) INFO: 38epoch:train:1-3208batch: iter_time=7.092e-05, forward_time=0.001, loss=2.306, backward_time=0.001, grad_norm=1.174, clip=0.655, loss_scale=1.000, optim_step_time=2.525e-04, optim0_lr0=1.000, train_time=0.005
[dbi-lab-server] 2026-05-06 21:42:46,913 (trainer:799) INFO: 38epoch:train:3209-6416batch: iter_time=5.031e-05, forward_time=0.001, loss=2.319, backward_time=0.001, grad_norm=1.210, clip=0.748, loss_scale=1.000, optim_step_time=2.488e-04, optim0_lr0=1.000, train_time=0.004
[dbi-lab-server] 2026-05-06 21:43:01,849 (trainer:799) INFO: 38epoch:train:6417-9624batch: iter_time=4.904e-05, forward_time=0.001, loss=2.316, backward_time=0.001, grad_norm=1.210, clip=0.873, loss_scale=1.000, optim_step_time=2.534e-04, optim0_lr0=1.000, train_time=0.005
[dbi-lab-server] 2026-05-06 21:43:16,686 (trainer:799) INFO: 38epoch:train:9625-12832batch: iter_time=4.634e-05, forward_time=0.001, loss=2.330, backward_time=0.001, grad_norm=1.226, clip=0.904, loss_scale=1.000, optim_step_time=2.587e-04, optim0_lr0=1.000, train_time=0.005
[dbi-lab-server] 2026-05-06 21:43:31,310 (trainer:799) INFO: 38epoch:train:12833-16040batch: iter_time=4.878e-05, forward_time=0.001, loss=2.334, backward_time=0.001, grad_norm=1.222, clip=0.717, loss_scale=1.000, optim_step_time=2.530e-04, optim0_lr0=1.000, train_time=0.004
[dbi-lab-server] 2026-05-06 21:43:46,108 (trainer:799) INFO: 38epoch:train:16041-19248batch: iter_time=5.109e-05, forward_time=0.001, loss=2.325, backward_time=0.001, grad_norm=1.229, clip=0.966, loss_scale=1.000, optim_step_time=2.518e-04, optim0_lr0=1.000, train_time=0.005
[dbi-lab-server] 2026-05-06 21:44:00,892 (trainer:799) INFO: 38epoch:train:19249-22456batch: iter_time=4.714e-05, forward_time=0.001, loss=2.332, backward_time=0.001, grad_norm=1.239, clip=0.904, loss_scale=1.000, optim_step_time=2.504e-04, optim0_lr0=1.000, train_time=0.005
[dbi-lab-server] 2026-05-06 21:44:15,541 (trainer:799) INFO: 38epoch:train:22457-25664batch: iter_time=4.860e-05, forward_time=0.001, loss=2.341, backward_time=0.001, grad_norm=1.251, clip=1.029, loss_scale=1.000, optim_step_time=2.507e-04, optim0_lr0=1.000, train_time=0.004
[dbi-lab-server] 2026-05-06 21:44:30,242 (trainer:799) INFO: 38epoch:train:25665-28872batch: iter_time=4.932e-05, forward_time=0.001, loss=2.334, backward_time=0.001, grad_norm=1.219, clip=0.717, loss_scale=1.000, optim_step_time=2.506e-04, optim0_lr0=1.000, train_time=0.005
[dbi-lab-server] 2026-05-06 21:44:44,879 (trainer:799) INFO: 38epoch:train:28873-32080batch: iter_time=4.990e-05, forward_time=0.001, loss=2.342, backward_time=0.001, grad_norm=1.242, clip=0.873, loss_scale=1.000, optim_step_time=2.470e-04, optim0_lr0=1.000, train_time=0.004
[dbi-lab-server] 2026-05-06 21:44:59,583 (trainer:799) INFO: 38epoch:train:32081-35288batch: iter_time=4.711e-05, forward_time=0.001, loss=2.348, backward_time=0.001, grad_norm=1.253, clip=0.873, loss_scale=1.000, optim_step_time=2.461e-04, optim0_lr0=1.000, train_time=0.005
[dbi-lab-server] 2026-05-06 21:45:14,167 (trainer:799) INFO: 38epoch:train:35289-38496batch: iter_time=4.752e-05, forward_time=0.001, loss=2.344, backward_time=0.001, grad_norm=1.244, clip=0.904, loss_scale=1.000, optim_step_time=2.474e-04, optim0_lr0=1.000, train_time=0.004
[dbi-lab-server] 2026-05-06 21:45:28,864 (trainer:799) INFO: 38epoch:train:38497-41704batch: iter_time=4.978e-05, forward_time=0.001, loss=2.350, backward_time=0.001, grad_norm=1.253, clip=0.810, loss_scale=1.000, optim_step_time=2.515e-04, optim0_lr0=1.000, train_time=0.005
[dbi-lab-server] 2026-05-06 21:45:43,365 (trainer:799) INFO: 38epoch:train:41705-44912batch: iter_time=4.880e-05, forward_time=0.001, loss=2.346, backward_time=0.001, grad_norm=1.249, clip=0.810, loss_scale=1.000, optim_step_time=2.495e-04, optim0_lr0=1.000, train_time=0.004
[dbi-lab-server] 2026-05-06 21:45:58,012 (trainer:799) INFO: 38epoch:train:44913-48120batch: iter_time=4.761e-05, forward_time=0.001, loss=2.356, backward_time=0.001, grad_norm=1.250, clip=0.810, loss_scale=1.000, optim_step_time=2.484e-04, optim0_lr0=1.000, train_time=0.004
[dbi-lab-server] 2026-05-06 21:46:12,639 (trainer:799) INFO: 38epoch:train:48121-51328batch: iter_time=4.530e-05, forward_time=0.001, loss=2.354, backward_time=0.001, grad_norm=1.260, clip=0.810, loss_scale=1.000, optim_step_time=2.524e-04, optim0_lr0=1.000, train_time=0.004
[dbi-lab-server] 2026-05-06 21:46:27,207 (trainer:799) INFO: 38epoch:train:51329-54536batch: iter_time=5.065e-05, forward_time=0.001, loss=2.366, backward_time=0.001, grad_norm=1.271, clip=0.686, loss_scale=1.000, optim_step_time=2.495e-04, optim0_lr0=1.000, train_time=0.004
[dbi-lab-server] 2026-05-06 21:46:41,775 (trainer:799) INFO: 38epoch:train:54537-57744batch: iter_time=5.038e-05, forward_time=0.001, loss=2.369, backward_time=0.001, grad_norm=1.279, clip=1.029, loss_scale=1.000, optim_step_time=2.510e-04, optim0_lr0=1.000, train_time=0.004
[dbi-lab-server] 2026-05-06 21:46:56,491 (trainer:799) INFO: 38epoch:train:57745-60952batch: iter_time=5.032e-05, forward_time=0.001, loss=2.364, backward_time=0.001, grad_norm=1.268, clip=0.842, loss_scale=1.000, optim_step_time=2.520e-04, optim0_lr0=1.000, train_time=0.005
[dbi-lab-server] 2026-05-06 21:47:11,208 (trainer:799) INFO: 38epoch:train:60953-64160batch: iter_time=5.178e-05, forward_time=0.001, loss=2.356, backward_time=0.001, grad_norm=1.252, clip=0.717, loss_scale=1.000, optim_step_time=2.485e-04, optim0_lr0=1.000, train_time=0.005
[dbi-lab-server] 2026-05-06 21:47:31,049 (trainer:381) INFO: 38epoch results: [train] iter_time=5.005e-05, forward_time=0.001, loss=2.341, backward_time=0.001, grad_norm=1.240, clip=0.834, loss_scale=1.000, optim_step_time=2.507e-04, optim0_lr0=1.000, train_time=0.005, time=4 minutes and 54.11 seconds, total_count=2438574, gpu_max_cached_mem_GB=1.236, [valid] loss=2.464, time=19.39 seconds, total_count=340214, gpu_max_cached_mem_GB=1.236, [att_plot] time=0.1 seconds, total_count=0, gpu_max_cached_mem_GB=1.236
[dbi-lab-server] 2026-05-06 21:47:33,148 (trainer:447) INFO: There are no improvements in this epoch
[dbi-lab-server] 2026-05-06 21:47:33,158 (trainer:503) INFO: The model files were removed: exp/lm_train_char/37epoch.pth
[dbi-lab-server] 2026-05-06 21:47:33,158 (trainer:311) INFO: 39/40epoch started. Estimated time to finish: 16 minutes and 49.66 seconds
[dbi-lab-server] 2026-05-06 21:47:47,854 (trainer:799) INFO: 39epoch:train:1-3208batch: iter_time=6.205e-05, forward_time=0.001, loss=2.326, backward_time=0.001, grad_norm=1.230, clip=0.810, loss_scale=1.000, optim_step_time=2.505e-04, optim0_lr0=1.000, train_time=0.005
[dbi-lab-server] 2026-05-06 21:48:02,579 (trainer:799) INFO: 39epoch:train:3209-6416batch: iter_time=4.951e-05, forward_time=0.001, loss=2.326, backward_time=0.001, grad_norm=1.247, clip=0.998, loss_scale=1.000, optim_step_time=2.517e-04, optim0_lr0=1.000, train_time=0.005
[dbi-lab-server] 2026-05-06 21:48:17,242 (trainer:799) INFO: 39epoch:train:6417-9624batch: iter_time=4.955e-05, forward_time=0.001, loss=2.331, backward_time=0.001, grad_norm=1.238, clip=0.966, loss_scale=1.000, optim_step_time=2.508e-04, optim0_lr0=1.000, train_time=0.004
[dbi-lab-server] 2026-05-06 21:48:31,789 (trainer:799) INFO: 39epoch:train:9625-12832batch: iter_time=4.733e-05, forward_time=0.001, loss=2.338, backward_time=0.001, grad_norm=1.242, clip=0.873, loss_scale=1.000, optim_step_time=2.499e-04, optim0_lr0=1.000, train_time=0.004
[dbi-lab-server] 2026-05-06 21:48:46,818 (trainer:799) INFO: 39epoch:train:12833-16040batch: iter_time=4.720e-05, forward_time=0.001, loss=2.338, backward_time=0.001, grad_norm=1.246, clip=0.686, loss_scale=1.000, optim_step_time=2.597e-04, optim0_lr0=1.000, train_time=0.005
[dbi-lab-server] 2026-05-06 21:49:01,464 (trainer:799) INFO: 39epoch:train:16041-19248batch: iter_time=4.672e-05, forward_time=0.001, loss=2.337, backward_time=0.001, grad_norm=1.231, clip=1.029, loss_scale=1.000, optim_step_time=2.491e-04, optim0_lr0=1.000, train_time=0.004
[dbi-lab-server] 2026-05-06 21:49:16,240 (trainer:799) INFO: 39epoch:train:19249-22456batch: iter_time=4.829e-05, forward_time=0.001, loss=2.344, backward_time=0.001, grad_norm=1.250, clip=0.810, loss_scale=1.000, optim_step_time=2.528e-04, optim0_lr0=1.000, train_time=0.005
[dbi-lab-server] 2026-05-06 21:49:30,851 (trainer:799) INFO: 39epoch:train:22457-25664batch: iter_time=5.050e-05, forward_time=0.001, loss=2.346, backward_time=0.001, grad_norm=1.251, clip=0.686, loss_scale=1.000, optim_step_time=2.522e-04, optim0_lr0=1.000, train_time=0.004
[dbi-lab-server] 2026-05-06 21:49:45,667 (trainer:799) INFO: 39epoch:train:25665-28872batch: iter_time=4.728e-05, forward_time=0.001, loss=2.348, backward_time=0.001, grad_norm=1.258, clip=1.029, loss_scale=1.000, optim_step_time=2.511e-04, optim0_lr0=1.000, train_time=0.005
[dbi-lab-server] 2026-05-06 21:50:00,345 (trainer:799) INFO: 39epoch:train:28873-32080batch: iter_time=5.079e-05, forward_time=0.001, loss=2.346, backward_time=0.001, grad_norm=1.246, clip=0.904, loss_scale=1.000, optim_step_time=2.483e-04, optim0_lr0=1.000, train_time=0.005
[dbi-lab-server] 2026-05-06 21:50:15,013 (trainer:799) INFO: 39epoch:train:32081-35288batch: iter_time=5.119e-05, forward_time=0.001, loss=2.344, backward_time=0.001, grad_norm=1.243, clip=0.873, loss_scale=1.000, optim_step_time=2.529e-04, optim0_lr0=1.000, train_time=0.004
[dbi-lab-server] 2026-05-06 21:50:29,809 (trainer:799) INFO: 39epoch:train:35289-38496batch: iter_time=4.914e-05, forward_time=0.001, loss=2.353, backward_time=0.001, grad_norm=1.274, clip=0.717, loss_scale=1.000, optim_step_time=2.542e-04, optim0_lr0=1.000, train_time=0.005
[dbi-lab-server] 2026-05-06 21:50:44,630 (trainer:799) INFO: 39epoch:train:38497-41704batch: iter_time=4.570e-05, forward_time=0.001, loss=2.347, backward_time=0.001, grad_norm=1.253, clip=1.060, loss_scale=1.000, optim_step_time=2.527e-04, optim0_lr0=1.000, train_time=0.005
[dbi-lab-server] 2026-05-06 21:50:59,514 (trainer:799) INFO: 39epoch:train:41705-44912batch: iter_time=4.971e-05, forward_time=0.001, loss=2.352, backward_time=0.001, grad_norm=1.256, clip=0.655, loss_scale=1.000, optim_step_time=2.509e-04, optim0_lr0=1.000, train_time=0.005
[dbi-lab-server] 2026-05-06 21:51:14,195 (trainer:799) INFO: 39epoch:train:44913-48120batch: iter_time=4.784e-05, forward_time=0.001, loss=2.361, backward_time=0.001, grad_norm=1.285, clip=0.966, loss_scale=1.000, optim_step_time=2.598e-04, optim0_lr0=1.000, train_time=0.004
[dbi-lab-server] 2026-05-06 21:51:28,942 (trainer:799) INFO: 39epoch:train:48121-51328batch: iter_time=4.798e-05, forward_time=0.001, loss=2.356, backward_time=0.001, grad_norm=1.265, clip=0.779, loss_scale=1.000, optim_step_time=2.514e-04, optim0_lr0=1.000, train_time=0.005
[dbi-lab-server] 2026-05-06 21:51:43,688 (trainer:799) INFO: 39epoch:train:51329-54536batch: iter_time=4.744e-05, forward_time=0.001, loss=2.356, backward_time=0.001, grad_norm=1.263, clip=0.655, loss_scale=1.000, optim_step_time=2.526e-04, optim0_lr0=1.000, train_time=0.005
[dbi-lab-server] 2026-05-06 21:51:58,257 (trainer:799) INFO: 39epoch:train:54537-57744batch: iter_time=4.879e-05, forward_time=0.001, loss=2.368, backward_time=0.001, grad_norm=1.304, clip=1.122, loss_scale=1.000, optim_step_time=2.459e-04, optim0_lr0=1.000, train_time=0.004
[dbi-lab-server] 2026-05-06 21:52:13,138 (trainer:799) INFO: 39epoch:train:57745-60952batch: iter_time=4.818e-05, forward_time=0.001, loss=2.362, backward_time=0.001, grad_norm=1.260, clip=0.779, loss_scale=1.000, optim_step_time=2.539e-04, optim0_lr0=1.000, train_time=0.005
[dbi-lab-server] 2026-05-06 21:52:27,893 (trainer:799) INFO: 39epoch:train:60953-64160batch: iter_time=5.084e-05, forward_time=0.001, loss=2.367, backward_time=0.001, grad_norm=1.271, clip=0.717, loss_scale=1.000, optim_step_time=2.490e-04, optim0_lr0=1.000, train_time=0.005
[dbi-lab-server] 2026-05-06 21:52:47,813 (trainer:381) INFO: 39epoch results: [train] iter_time=4.930e-05, forward_time=0.001, loss=2.347, backward_time=0.001, grad_norm=1.256, clip=0.855, loss_scale=1.000, optim_step_time=2.520e-04, optim0_lr0=1.000, train_time=0.005, time=4 minutes and 55.07 seconds, total_count=2502747, gpu_max_cached_mem_GB=1.236, [valid] loss=2.500, time=19.48 seconds, total_count=349167, gpu_max_cached_mem_GB=1.236, [att_plot] time=0.09 seconds, total_count=0, gpu_max_cached_mem_GB=1.236
[dbi-lab-server] 2026-05-06 21:52:49,831 (trainer:447) INFO: There are no improvements in this epoch
[dbi-lab-server] 2026-05-06 21:52:49,841 (trainer:503) INFO: The model files were removed: exp/lm_train_char/38epoch.pth
[dbi-lab-server] 2026-05-06 21:52:49,841 (trainer:311) INFO: 40/40epoch started. Estimated time to finish: 8 minutes and 20 seconds
[dbi-lab-server] 2026-05-06 21:53:04,508 (trainer:799) INFO: 40epoch:train:1-3208batch: iter_time=6.920e-05, forward_time=0.001, loss=2.327, backward_time=0.001, grad_norm=1.239, clip=0.748, loss_scale=1.000, optim_step_time=2.492e-04, optim0_lr0=1.000, train_time=0.004
[dbi-lab-server] 2026-05-06 21:53:19,155 (trainer:799) INFO: 40epoch:train:3209-6416batch: iter_time=5.210e-05, forward_time=0.001, loss=2.338, backward_time=0.001, grad_norm=1.241, clip=0.686, loss_scale=1.000, optim_step_time=2.496e-04, optim0_lr0=1.000, train_time=0.004
[dbi-lab-server] 2026-05-06 21:53:33,772 (trainer:799) INFO: 40epoch:train:6417-9624batch: iter_time=5.355e-05, forward_time=0.001, loss=2.335, backward_time=0.001, grad_norm=1.263, clip=0.935, loss_scale=1.000, optim_step_time=2.501e-04, optim0_lr0=1.000, train_time=0.004
[dbi-lab-server] 2026-05-06 21:53:48,289 (trainer:799) INFO: 40epoch:train:9625-12832batch: iter_time=4.886e-05, forward_time=0.001, loss=2.351, backward_time=0.001, grad_norm=1.275, clip=0.873, loss_scale=1.000, optim_step_time=2.462e-04, optim0_lr0=1.000, train_time=0.004
[dbi-lab-server] 2026-05-06 21:54:02,839 (trainer:799) INFO: 40epoch:train:12833-16040batch: iter_time=4.571e-05, forward_time=0.001, loss=2.345, backward_time=0.001, grad_norm=1.284, clip=1.216, loss_scale=1.000, optim_step_time=2.458e-04, optim0_lr0=1.000, train_time=0.004
[dbi-lab-server] 2026-05-06 21:54:17,703 (trainer:799) INFO: 40epoch:train:16041-19248batch: iter_time=4.837e-05, forward_time=0.001, loss=2.341, backward_time=0.001, grad_norm=1.296, clip=1.122, loss_scale=1.000, optim_step_time=2.577e-04, optim0_lr0=1.000, train_time=0.005
[dbi-lab-server] 2026-05-06 21:54:32,525 (trainer:799) INFO: 40epoch:train:19249-22456batch: iter_time=4.938e-05, forward_time=0.001, loss=2.350, backward_time=0.001, grad_norm=1.272, clip=0.779, loss_scale=1.000, optim_step_time=2.476e-04, optim0_lr0=1.000, train_time=0.005
[dbi-lab-server] 2026-05-06 21:54:47,255 (trainer:799) INFO: 40epoch:train:22457-25664batch: iter_time=4.838e-05, forward_time=0.001, loss=2.345, backward_time=0.001, grad_norm=1.255, clip=0.717, loss_scale=1.000, optim_step_time=2.510e-04, optim0_lr0=1.000, train_time=0.005
[dbi-lab-server] 2026-05-06 21:55:01,756 (trainer:799) INFO: 40epoch:train:25665-28872batch: iter_time=4.765e-05, forward_time=0.001, loss=2.362, backward_time=0.001, grad_norm=1.317, clip=1.216, loss_scale=1.000, optim_step_time=2.502e-04, optim0_lr0=1.000, train_time=0.004
[dbi-lab-server] 2026-05-06 21:55:16,601 (trainer:799) INFO: 40epoch:train:28873-32080batch: iter_time=4.793e-05, forward_time=0.001, loss=2.349, backward_time=0.001, grad_norm=1.273, clip=0.966, loss_scale=1.000, optim_step_time=2.548e-04, optim0_lr0=1.000, train_time=0.005
[dbi-lab-server] 2026-05-06 21:55:31,271 (trainer:799) INFO: 40epoch:train:32081-35288batch: iter_time=4.926e-05, forward_time=0.001, loss=2.360, backward_time=0.001, grad_norm=1.310, clip=1.060, loss_scale=1.000, optim_step_time=2.518e-04, optim0_lr0=1.000, train_time=0.004
[dbi-lab-server] 2026-05-06 21:55:46,073 (trainer:799) INFO: 40epoch:train:35289-38496batch: iter_time=4.779e-05, forward_time=0.001, loss=2.360, backward_time=0.001, grad_norm=1.311, clip=0.998, loss_scale=1.000, optim_step_time=2.513e-04, optim0_lr0=1.000, train_time=0.005
[dbi-lab-server] 2026-05-06 21:56:00,825 (trainer:799) INFO: 40epoch:train:38497-41704batch: iter_time=5.114e-05, forward_time=0.001, loss=2.355, backward_time=0.001, grad_norm=1.270, clip=0.842, loss_scale=1.000, optim_step_time=2.548e-04, optim0_lr0=1.000, train_time=0.005
[dbi-lab-server] 2026-05-06 21:56:15,508 (trainer:799) INFO: 40epoch:train:41705-44912batch: iter_time=4.755e-05, forward_time=0.001, loss=2.365, backward_time=0.001, grad_norm=1.287, clip=0.842, loss_scale=1.000, optim_step_time=2.554e-04, optim0_lr0=1.000, train_time=0.005
[dbi-lab-server] 2026-05-06 21:56:30,254 (trainer:799) INFO: 40epoch:train:44913-48120batch: iter_time=5.119e-05, forward_time=0.001, loss=2.370, backward_time=0.001, grad_norm=1.284, clip=0.998, loss_scale=1.000, optim_step_time=2.531e-04, optim0_lr0=1.000, train_time=0.005
[dbi-lab-server] 2026-05-06 21:56:44,977 (trainer:799) INFO: 40epoch:train:48121-51328batch: iter_time=4.851e-05, forward_time=0.001, loss=2.362, backward_time=0.001, grad_norm=1.267, clip=0.810, loss_scale=1.000, optim_step_time=2.528e-04, optim0_lr0=1.000, train_time=0.005
[dbi-lab-server] 2026-05-06 21:56:59,837 (trainer:799) INFO: 40epoch:train:51329-54536batch: iter_time=4.715e-05, forward_time=0.001, loss=2.368, backward_time=0.001, grad_norm=1.289, clip=0.998, loss_scale=1.000, optim_step_time=2.512e-04, optim0_lr0=1.000, train_time=0.005
[dbi-lab-server] 2026-05-06 21:57:14,567 (trainer:799) INFO: 40epoch:train:54537-57744batch: iter_time=4.878e-05, forward_time=0.001, loss=2.369, backward_time=0.001, grad_norm=1.301, clip=0.935, loss_scale=1.000, optim_step_time=2.574e-04, optim0_lr0=1.000, train_time=0.005
[dbi-lab-server] 2026-05-06 21:57:29,421 (trainer:799) INFO: 40epoch:train:57745-60952batch: iter_time=4.818e-05, forward_time=0.001, loss=2.363, backward_time=0.001, grad_norm=1.299, clip=1.060, loss_scale=1.000, optim_step_time=2.535e-04, optim0_lr0=1.000, train_time=0.005
[dbi-lab-server] 2026-05-06 21:57:44,144 (trainer:799) INFO: 40epoch:train:60953-64160batch: iter_time=4.729e-05, forward_time=0.001, loss=2.372, backward_time=0.001, grad_norm=1.304, clip=0.779, loss_scale=1.000, optim_step_time=2.542e-04, optim0_lr0=1.000, train_time=0.005
[dbi-lab-server] 2026-05-06 21:58:04,281 (trainer:381) INFO: 40epoch results: [train] iter_time=4.990e-05, forward_time=0.001, loss=2.354, backward_time=0.001, grad_norm=1.282, clip=0.929, loss_scale=1.000, optim_step_time=2.519e-04, optim0_lr0=1.000, train_time=0.005, time=4 minutes and 54.63 seconds, total_count=2566920, gpu_max_cached_mem_GB=1.236, [valid] loss=2.483, time=19.69 seconds, total_count=358120, gpu_max_cached_mem_GB=1.236, [att_plot] time=0.1 seconds, total_count=0, gpu_max_cached_mem_GB=1.236
[dbi-lab-server] 2026-05-06 21:58:06,343 (trainer:447) INFO: There are no improvements in this epoch
[dbi-lab-server] 2026-05-06 21:58:06,353 (trainer:503) INFO: The model files were removed: exp/lm_train_char/39epoch.pth
[dbi-lab-server] 2026-05-06 21:58:06,353 (trainer:521) INFO: The training was finished at 40 epochs 
[dbi-lab-server] 2026-05-06 21:58:06,354 (average_nbest_models:70) INFO: Averaging 10best models: criterion="train.loss": exp/lm_train_char/train.loss.ave_10best.pth
[dbi-lab-server] 2026-05-06 21:58:09,749 (average_nbest_models:70) INFO: Averaging 10best models: criterion="valid.loss": exp/lm_train_char/valid.loss.ave_10best.pth
# Accounting: time=19831 threads=1
# Ended (code 0) at Wed May  6 21:58:12 KST 2026, elapsed time 19831 seconds
