utt_id,ref_baseline,hyp_baseline,cer_baseline,ref_acoustic,hyp_acoustic,cer_acoustic,cer_diff,text,num_chars,num_tokens,condition
SD2100005-SDRW2100000006.1.1.86,혹시 한적한 장소가 또 따로 있을까,혹시 한적한 장소가 또 따로 있을까,0.0,혹시 한적한 장소가 또 따로 있을까,혹시 한적한 장소가 또 따로 있을까,0.0,0.0,혹시 한적한 장소가 또 따로 있을까,14,6,normal
SD2100022-SDRW2100000021.1.1.74,먹는 거 뭐 식품,먹는 거 뭐 식품,0.0,먹는 거 뭐 식품,먹는 거 뭐 식품,0.0,0.0,먹는 거 뭐 식품,6,4,normal
SD2100023-SDRW2100000024.1.1.360,풀 빌라 꼭 아니어도,풀 빌라고 아니어도,0.1818181818181818,풀 빌라 꼭 아니어도,풀빌라고 아니어도,0.2727272727272727,-0.0909090909090909,풀 빌라 꼭 아니어도,8,4,normal
SD2100023-SDRW2100000024.1.1.372,아무튼 name4이한테도 한번 물어보긴 할게 응,아무튼 name2이한테 한번 물어보긴 할게 응,0.0769230769230769,아무튼 name4이한테도 한번 물어보긴 할게 응,아무튼 name1이한테도 한번 물어보긴 할게 응,0.0384615384615384,0.0384615384615385,아무튼 name4이한테도 한번 물어보긴 할게 응,21,6,normal
SD2100024-SDRW2100000023.1.1.260,아니 그러다,아니 그래나,0.3333333333333333,아니 그러다,아니 그러다,0.0,0.3333333333333333,아니 그러다,5,2,low_info
SD2100024-SDRW2100000024.1.1.128,제주도 옛날 돌담집 같은 집이고 한옥이야,제주도 옛날 돌다집 같은 집이고 한옥이야,0.0454545454545454,제주도 옛날 돌담집 같은 집이고 한옥이야,제주도 옛날 돌담집 같은 집이고 한옥이야,0.0,0.0454545454545454,제주도 옛날 돌담집 같은 집이고 한옥이야,17,6,normal
SD2100032-SDRW2100000032.1.1.26,3달 4달 전쯤에 강원도 쪽으로 한 번 놀러가서,세 달 네 달 전쯤에 강원도 쪽으로 한번 놀러 가서,0.2307692307692307,3달 4달 전쯤에 강원도 쪽으로 한 번 놀러가서,세 달 네 달 전쯤에 강원도 쪽으로 한번 놀러 가서,0.2307692307692307,0.0,3달 4달 전쯤에 강원도 쪽으로 한 번 놀러가서,19,8,normal
SD2100037-SDRW2100000037.1.1.66,당뇨 수치가 이제 오버가 된 거예요 평균치보다,당뇨 수치가 인제 오버가 된 거예요 평균치보다,0.04,당뇨 수치가 이제 오버가 된 거예요 평균치보다,당뇨 수치가 인제 오버가 된 거예요 평균치보다,0.04,0.0,당뇨 수치가 이제 오버가 된 거예요 평균치보다,19,7,normal
SD2100068-SDRW2100000067.1.1.71,요즘 양양 사람 많다던데,아 요즘 양양 사람 많다던데,0.1538461538461538,요즘 양양 사람 많다던데,요즘 양양 사람 많다던데,0.0,0.1538461538461538,요즘 양양 사람 많다던데,10,4,normal
SD2100071-SDRW2100000071.1.1.149,어 돌려 입다기 보다는 그냥 내가 주는 거야,어 돌려 입다기보다는 그냥 내가 주는 거야,0.0416666666666666,어 돌려 입다기 보다는 그냥 내가 주는 거야,어 돌려 입다기보다는 그냥 내가 주는 거야,0.0416666666666666,0.0,어 돌려 입다기 보다는 그냥 내가 주는 거야,17,8,normal
SD2100071-SDRW2100000071.1.1.192,내가 여자인 친구랑 약속을 잡은 적이 없어서,내가 여자인 친구랑 약속을 잡은 적이 없어서,0.0,내가 여자인 친구랑 약속을 잡은 적이 없어서,내가 여자인 친구랑 약속을 잡은 적이 없어서,0.0,0.0,내가 여자인 친구랑 약속을 잡은 적이 없어서,18,7,normal
SD2100099-SDRW2100000099.1.1.50,함으로서 또 이제 그것도 힐링 되고,함으로써 또 인제 그것도 힐링되고,0.1578947368421052,함으로서 또 이제 그것도 힐링 되고,함으로써 또 인제 그것도 힐링되고,0.1578947368421052,0.0,함으로서 또 이제 그것도 힐링 되고,14,6,normal
SD2100099-SDRW2100000100.1.1.93,당연한 건 맞지,당연한 건 맞지,0.0,당연한 건 맞지,당연한 건 맞지,0.0,0.0,당연한 건 맞지,6,3,normal
SD2100101-SDRW2100000101.1.1.269,그래서 그냥,그래서 그냥,0.0,그래서 그냥,그래서 그냥,0.0,0.0,그래서 그냥,5,2,low_info
SD2100102-SDRW2100000101.1.1.16,어 추리닝을 많이 사는 것 같아,어 추리닝을 많이 사는 것 같아,0.0,어 추리닝을 많이 사는 것 같아,어 추리닝을 많이 사는 것 같아,0.0,0.0,어 추리닝을 많이 사는 것 같아,12,6,normal
SD2100105-SDRW2100000106.1.1.279,안 친하면,안 친하면,0.0,안 친하면,안 친하면,0.0,0.0,안 친하면,4,2,low_info
SD2100125-SDRW2100000126.1.1.285,젊었을 때 기억나는지 모르겠네요 뭐냐면,어 저 젊었을 때 기억나 아니고 그 내 냐면,0.6190476190476191,젊었을 때 기억나는지 모르겠네요 뭐냐면,저 젊었을 때 기억나 나는 오리겠네 하면,0.4761904761904761,0.1428571428571429,젊었을 때 기억나는지 모르겠네요 뭐냐면,17,5,normal
SD2100145-SDRW2100000145.1.1.50,어 진짜 바쁘겠다,아 요즘 바쁘겠다,0.3333333333333333,어 진짜 바쁘겠다,어 좀 봐 보겠다,0.5555555555555556,-0.2222222222222222,어 진짜 바쁘겠다,7,3,normal
SD2100145-SDRW2100000146.1.1.204,아 그때 영화 촬영장있었나,아 그때 영화 촬영장 있었나,0.0714285714285714,아 그때 영화 촬영장있었나,아 그때 영화 촬영장 있었나,0.0714285714285714,0.0,아 그때 영화 촬영장있었나,11,4,normal
SD2100145-SDRW2100000146.1.1.55,넌 어떤 식으로,넌 어떤 식으로,0.0,넌 어떤 식으로,넌 어떤 식으로,0.0,0.0,넌 어떤 식으로,6,3,normal
SD2100148-SDRW2100000147.1.1.276,짧게 갈 수도 있고 길게 갈 수도 있는데,짧게 갈 수도 있고 길게 갈 수도 있는데,0.0,짧게 갈 수도 있고 길게 갈 수도 있는데,짧게 갈 수도 있고 길게 갈 수도 있는데,0.0,0.0,짧게 갈 수도 있고 길게 갈 수도 있는데,15,8,normal
SD2100168-SDRW2100000167.1.1.171,기분 나빴던 거 얘기하고,기분 나빴던 거 얘기하고,0.0,기분 나빴던 거 얘기하고,기분 나빴던 거 얘기하고,0.0,0.0,기분 나빴던 거 얘기하고,10,4,normal
SD2100168-SDRW2100000168.1.1.162,헐 근데 그건 좀 기분 나쁘다,어 근데 그건 좀 기분 나쁘다,0.0625,헐 근데 그건 좀 기분 나쁘다,어 근데 그건 좀 기분 나쁘다,0.0625,0.0,헐 근데 그건 좀 기분 나쁘다,11,6,normal
SD2100176-SDRW2100000175.1.1.186,더불어 사는 세상이잖아 아니 근데 세상에,더불어 하는 세상이잖아 아니 근데 세상에,0.0454545454545454,더불어 사는 세상이잖아 아니 근데 세상에,더불어 사는 세상이잖아 아니 근데 세상에,0.0,0.0454545454545454,더불어 사는 세상이잖아 아니 근데 세상에,17,6,normal
SD2100195-SDRW2100000196.1.1.80,저기 뭐야 그 사는 것도 인제 자기가 버니까 엄마한테 손 안 벌리고 애들이 전자제품도 다,저기 뭐야 그 사는 것도 인제 자기가 보니까 엄마한테 손 안 벌리고 애들이 전자 제품도 다,0.0408163265306122,저기 뭐야 그 사는 것도 인제 자기가 버니까 엄마한테 손 안 벌리고 애들이 전자제품도 다,저기 뭐야 그 사는 것도 인제 자기가 보니까 엄마한테 손 안 벌리고 애들이 전자 제품도 다,0.0408163265306122,0.0,저기 뭐야 그 사는 것도 인제 자기가 버니까 엄마한테 손 안 벌리고 애들이 전자제품도 다,35,15,normal
SD2100207-SDRW2100000208.1.1.112,우리도 이제 아플 때는 또 아이고,우리도 인제 아플 때는 또 아이,0.1111111111111111,우리도 이제 아플 때는 또 아이고,우리도 이제 아플 때는 또 아이고,0.0,0.1111111111111111,우리도 이제 아플 때는 또 아이고,13,6,normal
SD2100207-SDRW2100000208.1.1.2,스읍 버스를 탄다고 하면은,버스를 탄다고 하면은,0.2142857142857142,스읍 버스를 탄다고 하면은,버스를 탄다고 하면은,0.2142857142857142,0.0,스읍 버스를 탄다고 하면은,11,4,normal
SD2100217-SDRW2100000217.1.1.213,항상 멍들어 가지고,항상 멍들어 가지고,0.0,항상 멍들어 가지고,항상 멍들어 가지고,0.0,0.0,항상 멍들어 가지고,8,3,normal
SD2100217-SDRW2100000218.1.1.28,그 좌석이 좀,그 좌석이 좀,0.0,그 좌석이 좀,그 좌석이 좀,0.0,0.0,그 좌석이 좀,5,3,low_info
SD2100223-SDRW2100000224.1.1.380,회사에서 일 하시고 나중에 지금은 뭐,회사에서 일하시고 나중에 지금은 뭐,0.05,회사에서 일 하시고 나중에 지금은 뭐,회사에서 일하시고 나중에 지금은 뭐,0.05,0.0,회사에서 일 하시고 나중에 지금은 뭐,15,6,normal
SD2100232-SDRW2100000231.1.1.327,오우 완전 완전 그거네,어 완전 완전 그거네,0.1666666666666666,오우 완전 완전 그거네,어 완전 완전 그거네,0.1666666666666666,0.0,오우 완전 완전 그거네,9,4,normal
SD2100232-SDRW2100000231.1.1.343,뭐가 슬프다,뭔가 슬프다,0.1666666666666666,뭐가 슬프다,뭔가 슬프다,0.1666666666666666,0.0,뭐가 슬프다,5,2,low_info
SD2100284-SDRW2100000284.1.1.133,한 5시 반에 일어나 가지고 준비를 하고 나와야 되니까,한 다섯 시 반에 일어나 가지고 준비를 하고 나와야 되니까,0.1,한 5시 반에 일어나 가지고 준비를 하고 나와야 되니까,한 5시 반에 일어나 가지고 준비를 하고 나와야 되니까,0.0,0.1,한 5시 반에 일어나 가지고 준비를 하고 나와야 되니까,22,9,normal
SD2100315-SDRW2100000316.1.1.226,맞는 거 같아,맞는 거 같아,0.0,맞는 거 같아,맞는 거 같아,0.0,0.0,맞는 거 같아,5,3,low_info
SD2100315-SDRW2100000316.1.1.273,그 당산에서 양천 02 번을 타 그러면,그 당산에서 양천 01번을 타 그러면,0.0952380952380952,그 당산에서 양천 02 번을 타 그러면,그 당산에서 양천 공1번을 타 그러면,0.1428571428571428,-0.0476190476190475,그 당산에서 양천 02 번을 타 그러면,15,7,normal
SD2100315-SDRW2100000319.1.1.133,친구기 때문에 더 힘든 게 있다고,친구기 때문에 더 힘든 게 있다고,0.0,친구기 때문에 더 힘든 게 있다고,신곡이 때문에 더 힘든 게 있다고,0.1666666666666666,-0.1666666666666666,친구기 때문에 더 힘든 게 있다고,13,6,normal
SD2100346-SDRW2100000345.1.1.232,좀 더 예쁘게 아주 좀 부티나게,좀 더 예쁘게 아주 좀 부틴하게,0.1176470588235294,좀 더 예쁘게 아주 좀 부티나게,좀 더 예쁘게 아주 좀 부틴하게,0.1176470588235294,0.0,좀 더 예쁘게 아주 좀 부티나게,12,6,normal
SD2100346-SDRW2100000345.1.1.401,롯데 음식 푸드 자주 가거든 중요한 거야 아빠가 꼭,롯데 영드포도 자주 가거든 중앙을 아파가 꼭,0.3928571428571428,롯데 음식 푸드 자주 가거든 중요한 거야 아빠가 꼭,어 롯데 연드포도 자주 가거든 중앙을 예뻐 갖고,0.5714285714285714,-0.1785714285714286,롯데 음식 푸드 자주 가거든 중요한 거야 아빠가 꼭,20,9,normal
SD2100346-SDRW2100000346.1.1.455,아 직장은 아닌데 지방이라도 가까운 지방 경기도 어딘데,아 직장은 아닌데 지방이라도 가까운 지방 경기도 어딘데,0.0,아 직장은 아닌데 지방이라도 가까운 지방 경기도 어딘데,아 직장은 아닌데 지방이라도 가까운 집안 경기도 어딘데,0.0666666666666666,-0.0666666666666666,아 직장은 아닌데 지방이라도 가까운 지방 경기도 어딘데,23,8,normal
SD2100374-SDRW2100000373.1.1.133,그때 술 먹고,그때 술 먹고,0.0,그때 술 먹고,그때 술 먹고,0.0,0.0,그때 술 먹고,5,3,low_info
SD2100397-SDRW2100000397.1.1.209,1등도 아니고 2등 했는데,1등도 아니고 2등 했는데,0.0,1등도 아니고 2등 했는데,1등도 아니고 2등 했는데,0.0,0.0,1등도 아니고 2등 했는데,11,4,normal
SD2100397-SDRW2100000398.1.1.207,어 막 엄청 불편했다거나 그런 경험까지는 없었던 거 같아,어 막 엄청 불편했다거나 그런 경험까지는 없었던 거 같아,0.0,어 막 엄청 불편했다거나 그런 경험까지는 없었던 거 같아,어 막 엄청 불편했다거나 그런 경험까지는 없었던 거 같아,0.0,0.0,어 막 엄청 불편했다거나 그런 경험까지는 없었던 거 같아,23,9,normal
SD2100399-SDRW2100000399.1.1.350,근데 솔직히 카톡을 하잖아,근데 솔직히 카톡을 하잖아,0.0,근데 솔직히 카톡을 하잖아,근데 솔직히 카톡을 하잖아,0.0,0.0,근데 솔직히 카톡을 하잖아,11,4,normal
SD2100406-SDRW2100000405.1.1.259,그래서 집에 아주 잘 보관 중이거든,그래서 집에 아주 잘 보관 중이거든,0.0,그래서 집에 아주 잘 보관 중이거든,그래서 집에 아주 잘 보관 중이거든,0.0,0.0,그래서 집에 아주 잘 보관 중이거든,14,6,normal
SD2100432-SDRW2100000432.1.1.231,그건 매우 잘한 일이구나,그건 매우 잘한 일이구나,0.0,그건 매우 잘한 일이구나,그건 매우 잘한 일이구나,0.0,0.0,그건 매우 잘한 일이구나,10,4,normal
SD2100470-SDRW2100000489.1.1.27,나중에 싼 걸로,나중에 싼 걸로,0.0,나중에 싼 걸로,나중에 싼 걸로,0.0,0.0,나중에 싼 걸로,6,3,normal
SD2100470-SDRW2100000490.1.1.152,그 우리 아들한테 내가 그 이야기를 했어 그러니까,그 우리 아들한테 내가 그 얘기를 했어 그러니까,0.074074074074074,그 우리 아들한테 내가 그 이야기를 했어 그러니까,그 우리 아들한테 내가 그 이야기를 했어 그러니까,0.0,0.074074074074074,그 우리 아들한테 내가 그 이야기를 했어 그러니까,20,8,normal
SD2100470-SDRW2100000491.1.1.153,그래서 1년에 석 달씩은 꼭 해야지 하고 있는데,그래서 1년에 3 달 시간 꼭 해야지 하고 있는데,0.1538461538461538,그래서 1년에 석 달씩은 꼭 해야지 하고 있는데,그래서 1년에 석 달 씩은 꼭 해야지 하고 있는데,0.0384615384615384,0.1153846153846153,그래서 1년에 석 달씩은 꼭 해야지 하고 있는데,19,8,normal
SD2100470-SDRW2100000492.1.1.38,그 금산에 있잖아 그래서 이번에 휴가를,그 금산에 있잖아 그래 갖고 요번에 휴가를,0.1904761904761904,그 금산에 있잖아 그래서 이번에 휴가를,그 금산에 있잖아 그래 갖고 요번에 휴가를,0.1904761904761904,0.0,그 금산에 있잖아 그래서 이번에 휴가를,16,6,normal
SD2100472-SDRW2100000494.1.1.23,그래 말투가 이상해져서 얘기하고 싶지 않지만,그래 말투가 이상해져서 얘기하고 싶지 않지만,0.0,그래 말투가 이상해져서 얘기하고 싶지 않지만,그래 말투가 이상해져서 얘기하고 싶지 않지만,0.0,0.0,그래 말투가 이상해져서 얘기하고 싶지 않지만,19,6,normal
SD2100476-SDRW2100000502.1.1.101,대신에 또 그거 급여 같은 거는 딱 보장이 돼 있는 거잖아,대신에 또 그거 급여 같은 거는 딱 보장이 돼 있는 거잖아,0.0,대신에 또 그거 급여 같은 거는 딱 보장이 돼 있는 거잖아,대신에 또 그거 급여 같은 거는 딱 보장이 돼 있는 거잖아,0.0,0.0,대신에 또 그거 급여 같은 거는 딱 보장이 돼 있는 거잖아,22,11,normal
SD2100476-SDRW2100000504.1.1.160,등산이 건강에 얼마나 좋니 산 좀 가 이랬잖아,등산이 건강이 얼마나 좋니 산점 가 이랬잖아,0.12,등산이 건강에 얼마나 좋니 산 좀 가 이랬잖아,등산이 건강이 얼마나 좋니 산점 가 이랬잖아,0.12,0.0,등산이 건강에 얼마나 좋니 산 좀 가 이랬잖아,18,8,normal
SD2100502-SDRW2100000555.1.1.8,머신 건 켈리 노랜데,머신건 켈리 노랜데,0.0909090909090909,머신 건 켈리 노랜데,머신건 켈리 노랜데,0.0909090909090909,0.0,머신 건 켈리 노랜데,8,4,normal
SD2100502-SDRW2100000558.1.1.328,그러면은,그러면은,0.0,그러면은,그러면은,0.0,0.0,그러면은,4,1,low_info
SD2100503-SDRW2100000561.1.1.102,그 소스를 따로 준단 말이야 지금 내 소스 발음에 웃은 거지,그 소스를 따라 준단 말이야 지금 내 소스 발음에 웃은 거지,0.0303030303030303,그 소스를 따로 준단 말이야 지금 내 소스 발음에 웃은 거지,그 소스를 따로 준단 말이야 지금 내 소스 발음에 웃은 거지,0.0,0.0303030303030303,그 소스를 따로 준단 말이야 지금 내 소스 발음에 웃은 거지,23,11,normal
SD2100503-SDRW2100000562.1.1.228,맞아 나도 근데 말티즈나 푸들이 가장,맞아 나도 근데 몰티즈나 푸들이 가장,0.05,맞아 나도 근데 말티즈나 푸들이 가장,맞아 나도 근데 몰티즈나 푸들이 가자,0.1,-0.05,맞아 나도 근데 말티즈나 푸들이 가장,15,6,normal
SD2100526-SDRW2100000603.1.1.11,즘 약간의 그 좀 억세지니까 너는 옛날에 해 먹은 거 보다 더 맛있고 좋았었어,좀 약간의 그 좀 억지니까는 옛날에 해먹 보다 더 맛있고 좋았었어,0.1860465116279069,즘 약간의 그 좀 억세지니까 너는 옛날에 해 먹은 거 보다 더 맛있고 좋았었어,좀 약간의 그 좀 억셔지니까는 옛날에 해 먹그런 거보다 더 맛있고 좋았었어,0.1627906976744186,0.0232558139534883,즘 약간의 그 좀 억세지니까 너는 옛날에 해 먹은 거 보다 더 맛있고 좋았었어,30,14,normal
SD2100526-SDRW2100000603.1.1.50,응 또 그거 카드로 하면 좀 더 비싸다 길래,음 또 그 카드로 오면 좀 더 비싸다길래,0.1666666666666666,응 또 그거 카드로 하면 좀 더 비싸다 길래,음 또 그거 카드로 오면 좀 더 비싸다길래,0.125,0.0416666666666666,응 또 그거 카드로 하면 좀 더 비싸다 길래,16,9,normal
SD2100526-SDRW2100000604.1.1.345,걱정하지 마라 너무,걱정하지 말아,0.5,걱정하지 마라 너무,걱정하지 말아 그럼,0.4,0.0999999999999999,걱정하지 마라 너무,8,3,normal
SD2100543-SDRW2100000639.1.1.255,말을 안 하는 것들이 훨씬 많거든요 우리끼리는 왜,말을 안 하는 것들이 훨씬 많거든요 우리끼리는 왜,0.0,말을 안 하는 것들이 훨씬 많거든요 우리끼리는 왜,말을 안 하는 것들이 훨씬 많거든요 우리끼리는 왜,0.0,0.0,말을 안 하는 것들이 훨씬 많거든요 우리끼리는 왜,20,8,normal
SD2100543-SDRW2100000641.1.1.13,음 이 우리가 시간이 한정되어 있으니까,이 우리가 시간이 한정되어 있으니까,0.0952380952380952,음 이 우리가 시간이 한정되어 있으니까,음 이 우리가 시간이 한정되어 있으니까,0.0,0.0952380952380952,음 이 우리가 시간이 한정되어 있으니까,16,6,normal
SD2100547-SDRW2100000650.1.1.108,글쎄요 지금 또 무슨 정책이 조금 뭐,지금 또 무슨 정책이 조금 뭐,0.2,글쎄요 지금 또 무슨 정책이 조금 뭐,지금 또 무슨 정책이 조금 뭐,0.2,0.0,글쎄요 지금 또 무슨 정책이 조금 뭐,14,7,normal
SD2100547-SDRW2100000650.1.1.309,품귀 현상이니까 나왔다 하면,풍계 현상이니까 나왔다 하면,0.1333333333333333,품귀 현상이니까 나왔다 하면,품기 현상이니까 나왔다 하면,0.0666666666666666,0.0666666666666667,품귀 현상이니까 나왔다 하면,12,4,normal
SD2100548-SDRW2100000647.1.1.133,그렇게 많은 돈을 들여서 사는 거에 대해서 어떡하냐고,그렇게 많은 돈을 들여서 사는 거에 대해서 어떡하냐고,0.0,그렇게 많은 돈을 들여서 사는 거에 대해서 어떡하냐고,그렇게 많은 돈을 들여서 사는 거에 대해서 어떡하냐고,0.0,0.0,그렇게 많은 돈을 들여서 사는 거에 대해서 어떡하냐고,22,8,normal
SD2100548-SDRW2100000647.1.1.143,그래서 사람들이 인제 억 단위면 이거 세금을 내야 되지 않니,그래서 사람들이 인제 억다니면 이거 세금을 내야 되지 않니,0.0909090909090909,그래서 사람들이 인제 억 단위면 이거 세금을 내야 되지 않니,그래서 사람들이 인제 억다니면 이거 세금을 내야 되지 않니,0.0909090909090909,0.0,그래서 사람들이 인제 억 단위면 이거 세금을 내야 되지 않니,24,10,normal
SD2100549-SDRW2100000654.1.1.286,먹을 수 있거든 최소 주문 금액 13000원 막 이러니까,먹을 수 있거든 최소 주문 금액만 3천 원 막 이러니까,0.1612903225806451,먹을 수 있거든 최소 주문 금액 13000원 막 이러니까,먹을 수 있거든 최소 주문 금액만 3000원 막 이러니까,0.064516129032258,0.0967741935483871,먹을 수 있거든 최소 주문 금액 13000원 막 이러니까,23,9,normal
SD2100556-SDRW2100000664.1.1.136,아닌 걸로 알고 있는데 왜냐하면 나,아는 걸로 알고 있는데 왜냐하면 내가,0.1578947368421052,아닌 걸로 알고 있는데 왜냐하면 나,아는 걸로 알고 근데 왜냐하면 내가,0.2631578947368421,-0.1052631578947368,아닌 걸로 알고 있는데 왜냐하면 나,14,6,normal
SD2100559-SDRW2100000672.1.1.166,나도 그냥 서울 살면서 느낀 점을 말해 보자면은,나도 그냥 서울 살면서 느낀 정을 말해 보자면은,0.0384615384615384,나도 그냥 서울 살면서 느낀 점을 말해 보자면은,나도 그냥 서울 살면서 느낀 점을 말해 보자면은,0.0,0.0384615384615384,나도 그냥 서울 살면서 느낀 점을 말해 보자면은,19,8,normal
SD2100567-SDRW2100000688.1.1.133,헤 그래서,그래서,0.4,헤 그래서,헤 그래서,0.0,0.4,헤 그래서,4,2,low_info
SD2100569-SDRW2100000692.1.1.2,요즘에,요즘에,0.0,요즘에,요즘에,0.0,0.0,요즘에,3,1,low_info
SD2100570-SDRW2100000693.1.1.40,응 사람들이 많은 거 같아,응 사람들이 많은 거 같아,0.0,응 사람들이 많은 거 같아,응 사람들이 많은 거 같아,0.0,0.0,응 사람들이 많은 거 같아,10,5,normal
SD2100570-SDRW2100000693.1.1.63,근데 염따가,염따가,0.5,근데 염따가,근데 염따가,0.0,0.5,근데 염따가,5,2,low_info
SD2100571-SDRW2100000695.1.1.97,들 친구들 결혼식에는 본 적 없는 거 같아,내 친구들 결혼식에는 본 적 없는 거 같아,0.0434782608695652,들 친구들 결혼식에는 본 적 없는 거 같아,때 친구들 결혼식에는 본 적 없는 거 같아,0.0434782608695652,0.0,들 친구들 결혼식에는 본 적 없는 거 같아,16,8,normal
SD2100593-SDRW2100000739.1.1.170,팁은 따로 없는데,팁은 따로 없는데,0.0,팁은 따로 없는데,팁은 따로 없는데,0.0,0.0,팁은 따로 없는데,7,3,normal
SD2100593-SDRW2100000739.1.1.198,혼자서 준비하기보다 약간 컨설팅의 도움을 받아서,혼자서 준비하기보다 약간 컨설팅에 도움을 받아서,0.0384615384615384,혼자서 준비하기보다 약간 컨설팅의 도움을 받아서,혼자서 준비하기보다 약간 컨설팅의 도움을 받아서,0.0,0.0384615384615384,혼자서 준비하기보다 약간 컨설팅의 도움을 받아서,21,6,normal
SD2100593-SDRW2100000739.1.1.275,워라밸이 가장 중요한 거긴 하지만 나도 너랑 마찬가지로,워라밸이 가장 중요한 거긴 하지만 나도 너랑 마찬가지로,0.0,워라밸이 가장 중요한 거긴 하지만 나도 너랑 마찬가지로,워라밸이 가장 중요한 거긴 하지만 나도 너랑 마찬가지로,0.0,0.0,워라밸이 가장 중요한 거긴 하지만 나도 너랑 마찬가지로,23,8,normal
SD2100606-SDRW2100000762.1.1.73,프로그램은 많으니까,프로그램은 많으니까,0.0,프로그램은 많으니까,프로그램은 많으니까,0.0,0.0,프로그램은 많으니까,9,2,low_info
SD2100606-SDRW2100000765.1.1.167,좀 많이 춥지 않을까,좀 많이 춥지 않을까,0.0,좀 많이 춥지 않을까,좀 많이 춥지 않을까,0.0,0.0,좀 많이 춥지 않을까,8,4,normal
SD2100629-SDRW2100000810.1.1.2,두부랑 오빠 이제,두부랑 뭐 이제,0.2222222222222222,두부랑 오빠 이제,두부랑 오빠가 이제,0.1111111111111111,0.1111111111111111,두부랑 오빠 이제,7,3,normal
SD2100629-SDRW2100000813.1.1.157,그것도 일종의 회사라고 볼 수 있겠지 사람이 적지 않으니까,그것도 일종의 회사라고 볼 수 있겠지 사람이 적지 않으니까,0.0,그것도 일종의 회사라고 볼 수 있겠지 사람이 적지 않으니까,그것도 일종의 회사라고 볼 수 있겠지 사람이 적지 않으니까,0.0,0.0,그것도 일종의 회사라고 볼 수 있겠지 사람이 적지 않으니까,24,9,normal
SD2100629-SDRW2100000813.1.1.93,남들의 시선에,남들의 시선에,0.0,남들의 시선에,남들의 시선에,0.0,0.0,남들의 시선에,6,2,low_info
SD2100636-SDRW2100000825.1.1.229,사회의 모든 것들이 그 사람에게,사회적인 모든 것들이 그 사람에게,0.1176470588235294,사회의 모든 것들이 그 사람에게,사회적인 모든 것들이 그 사람에게,0.1176470588235294,0.0,사회의 모든 것들이 그 사람에게,13,5,normal
SD2100636-SDRW2100000825.1.1.50,그냥 끝내고 싶어 하는 그런 것도 있지 않을까,그냥 끝내고 싶어 하는 그런 것도 있지 않을까,0.0,그냥 끝내고 싶어 하는 그런 것도 있지 않을까,그냥 끝내고 싶어 하는 그런 것도 있지 않을까,0.0,0.0,그냥 끝내고 싶어 하는 그런 것도 있지 않을까,18,8,normal
SD2100642-SDRW2100000837.1.1.120,그리,그리,0.0,그리,그래,0.5,-0.5,그리,2,1,low_info
SD2100643-SDRW2100000839.1.1.5,정해인 알지 당연히,정해인 알지 당연히,0.0,정해인 알지 당연히,정해 나지 당연히,0.2,-0.2,정해인 알지 당연히,8,3,normal
SD2100643-SDRW2100000840.1.1.192,고양이 밥 많이 줘,고양이 밥 많이 줘,0.0,고양이 밥 많이 줘,고양이 밥 많이 줘,0.0,0.0,고양이 밥 많이 줘,7,4,normal
SD2100643-SDRW2100000840.1.1.26,근데 난 반대로 강아지를 키우고 있으니까 고양이가 키우고 싶었는데,근데 난 반대로 강아지를 키우고 있으니까 고양이가 키우고 싶던데,0.0555555555555555,근데 난 반대로 강아지를 키우고 있으니까 고양이가 키우고 싶었는데,근데 난 반대로 강아지를 키우고 있으니까 고양이가 키우고 싶던데,0.0555555555555555,0.0,근데 난 반대로 강아지를 키우고 있으니까 고양이가 키우고 싶었는데,28,9,normal
SD2100651-SDRW2100000854.1.1.40,만남들이 많이 예,만남들이 많이 에,0.1111111111111111,만남들이 많이 예,만남들이 많이 에,0.1111111111111111,0.0,만남들이 많이 예,7,3,normal
SD2100664-SDRW2100000875.1.1.377,이게 좀 계속,이게 좀 계속,0.0,이게 좀 계속,이게 좀 계속,0.0,0.0,이게 좀 계속,5,3,low_info
SD2100664-SDRW2100000877.1.1.23,길 어떤 긴 내가 아무것도 안 하고 오,길 어떤 긴 내가 아무것도 안 하고 올,0.0476190476190476,길 어떤 긴 내가 아무것도 안 하고 오,길 어떤 긴 내가 아무것도 안 하고 올,0.0476190476190476,0.0,길 어떤 긴 내가 아무것도 안 하고 오,14,8,normal
SD2100667-SDRW2100000884.1.1.183,그 수업을 하필 내가 들어가서,그 수업을 하필 내가 들어가서,0.0,그 수업을 하필 내가 들어가서,그 수업을 하필 내가 들어가서,0.0,0.0,그 수업을 하필 내가 들어가서,12,5,normal
SD2100667-SDRW2100000885.1.1.79,그 내공이 확실히,그 내공이 확실히,0.0,그 내공이 확실히,그 내공이 확실히,0.0,0.0,그 내공이 확실히,7,3,normal
SD2100687-SDRW2100000926.1.1.172,근데 우리가 만약에,근데 우리가 만약에,0.0,근데 우리가 만약에,근데 우리가 만약에,0.0,0.0,근데 우리가 만약에,8,3,normal
SD2100687-SDRW2100000926.1.1.242,이제 사람과 사람에 있어서 이제,이제 사람과 사람에 있어서 이제,0.0,이제 사람과 사람에 있어서 이제,이제 사람과 사람에 있어서 이제,0.0,0.0,이제 사람과 사람에 있어서 이제,13,5,normal
SD2100691-SDRW2100000931.1.1.220,내 앞에서 막 지나가니까,그냥 내 옆에서 막 지나가니까,0.3076923076923077,내 앞에서 막 지나가니까,내 앞에서 막 지나가니까,0.0,0.3076923076923077,내 앞에서 막 지나가니까,10,4,normal
SD2100691-SDRW2100000932.1.1.249,물어 보시고,물어보시고,0.1666666666666666,물어 보시고,물어보시고,0.1666666666666666,0.0,물어 보시고,5,2,low_info
SD2100691-SDRW2100000932.1.1.79,안정된 직장,안정된 직장,0.0,안정된 직장,안정된 직장,0.0,0.0,안정된 직장,5,2,low_info
SD2100707-SDRW2100000962.1.1.93,하나둘씩 인제 안 좋은 곳이 발견이 되더라고,하나 둘씩 인제 안 좋은 곳이 발견이 되더라고,0.0416666666666666,하나둘씩 인제 안 좋은 곳이 발견이 되더라고,하나 둘씩 인제 안 좋은 곳이 발견이 되더라고,0.0416666666666666,0.0,하나둘씩 인제 안 좋은 곳이 발견이 되더라고,18,7,normal
SD2100707-SDRW2100000963.1.1.254,내가 진짜 책임지지 못할 바에야,내가 진짜 책임지지 못할 바에야,0.0,내가 진짜 책임지지 못할 바에야,내가 진짜 책임지지 못할 바에요,0.0588235294117647,-0.0588235294117647,내가 진짜 책임지지 못할 바에야,13,5,normal
SD2100707-SDRW2100000964.1.1.242,열심히 했잖어 뭐 한 아이는,열심히 했잖아 뭐 하나이는,0.2666666666666666,열심히 했잖어 뭐 한 아이는,열심히 했잖아 뭐 하나인은,0.4,-0.1333333333333334,열심히 했잖어 뭐 한 아이는,11,5,normal
SD2100707-SDRW2100000964.1.1.249,얘네들이 어릴 때 뭐 젊을 때,얘네들이 어릴 때 뭐 젊을 때,0.0,얘네들이 어릴 때 뭐 젊을 때,얘네들이 어릴 때 뭐 젊을 때,0.0,0.0,얘네들이 어릴 때 뭐 젊을 때,11,6,normal
SD2100725-SDRW2100000997.1.1.196,이쪽이 떨어지면,이쪽에 떨어지면,0.125,이쪽이 떨어지면,이쪽에 떨어지면,0.125,0.0,이쪽이 떨어지면,7,2,low_info
SD2100725-SDRW2100000999.1.1.297,걔네가 인제 그게 실화래,걔네가 인제 그게 실화래,0.0,걔네가 인제 그게 실화래,걔네가 인제 그게 실화래,0.0,0.0,걔네가 인제 그게 실화래,10,4,normal
SD2100730-SDRW2100001305.1.1.308,그쪽에는 형부가,그쪽에는 형부가,0.0,그쪽에는 형부가,그쪽에는 형부가,0.0,0.0,그쪽에는 형부가,7,2,low_info
SD2100734-SDRW2100001315.1.1.81,그게 보통 일이 아닌 거 같아,보통 일이 아닌 거 같아,0.1875,그게 보통 일이 아닌 거 같아,그래 보통 일이 아닌 거 같아,0.0625,0.125,그게 보통 일이 아닌 거 같아,11,6,normal
SD2100765-SDRW2100001377.1.1.216,제 동생이랑 만난지 한 2년 아직 안 됐는데,제 동생이랑 만난 지 한 2년 아직 안 됐는데,0.0416666666666666,제 동생이랑 만난지 한 2년 아직 안 됐는데,제 동생이랑 만나지 한 2년 아직 안 됐는데,0.0416666666666666,0.0,제 동생이랑 만난지 한 2년 아직 안 됐는데,17,8,normal
SD2100765-SDRW2100001378.1.1.151,와 멋있다,와 멋있다,0.0,와 멋있다,와 멋있다,0.0,0.0,와 멋있다,4,2,low_info
SD2100765-SDRW2100001379.1.1.178,아니라고 보거든요,아니라고 보거든요,0.0,아니라고 보거든요,아니라고 보거든요,0.0,0.0,아니라고 보거든요,8,2,low_info
SD2100782-SDRW2100001408.1.1.205,투자를 하는 게 맞다고 생각을 하,이게 투자를 하는 게 맞다고 생각,0.3333333333333333,투자를 하는 게 맞다고 생각을 하,이렇게 투자를 하는 게 맞다고 생각,0.3888888888888889,-0.0555555555555555,투자를 하는 게 맞다고 생각을 하,13,6,normal
SD2100782-SDRW2100001409.1.1.261,그런 거 보니까 요새는,그런 거 보니까 요새는,0.0,그런 거 보니까 요새는,그런 거 보니까 요새는,0.0,0.0,그런 거 보니까 요새는,9,4,normal
SD2100782-SDRW2100001410.1.1.44,그래서 저는 어떻게든,그래서 저는 어떻게든,0.0,그래서 저는 어떻게든,그래서 저는 어떻게든,0.0,0.0,그래서 저는 어떻게든,9,3,normal
SD2100788-SDRW2100001422.1.1.171,건너게 하고,건너기 하고,0.1666666666666666,건너게 하고,건너기 하고,0.1666666666666666,0.0,건너게 하고,5,2,low_info
SD2100788-SDRW2100001422.1.1.238,강아지들을 생각하면,강아지들을 생각하면,0.0,강아지들을 생각하면,강아지들을 생각하면,0.0,0.0,강아지들을 생각하면,9,2,low_info
SD2100788-SDRW2100001423.1.1.168,근데 나는,근데 나는,0.0,근데 나는,근데 나는,0.0,0.0,근데 나는,4,2,low_info
SD2100795-SDRW2100001437.1.1.242,프랑스에서는 지하철 자체를,프랑스에서는 지하철 자체를,0.0,프랑스에서는 지하철 자체를,프랑스에서는 지하철 자체를,0.0,0.0,프랑스에서는 지하철 자체를,12,3,normal
SD2100795-SDRW2100001438.1.1.151,해소하는 데는 도움이 될 수 있을지도 몰라,해소하는 데는 도움이 될 수 있을지도 몰라,0.0,해소하는 데는 도움이 될 수 있을지도 몰라,해소하는 데는 도움이 될 수 있을지도 몰라,0.0,0.0,해소하는 데는 도움이 될 수 있을지도 몰라,17,7,normal
SD2100812-SDRW2100001469.1.1.20,학교를,중학교,0.6666666666666666,학교를,중학교,0.6666666666666666,0.0,학교를,3,1,low_info
SD2100812-SDRW2100001469.1.1.275,있었다,있었다,0.0,있었다,있었다,0.0,0.0,있었다,3,1,low_info
SD2100824-SDRW2100001492.1.1.88,돌아가면서 한 번씩,돌아가면서 한 번씩,0.0,돌아가면서 한 번씩,돌아가면서 한 번씩,0.0,0.0,돌아가면서 한 번씩,8,3,normal
SD2100824-SDRW2100001492.1.1.96,그,그,0.0,그,그,0.0,0.0,그,1,1,low_info
SD2100824-SDRW2100001495.1.1.112,그래서,그래서,0.0,그래서,그래서,0.0,0.0,그래서,3,1,low_info
SD2100824-SDRW2100001495.1.1.270,그,그,0.0,그,그,0.0,0.0,그,1,1,low_info
SD2100836-SDRW2100003316.1.1.133,선택을 내리시는 분이,선택을 내리시는 분이,0.0,선택을 내리시는 분이,선택을 내리시는 분이,0.0,0.0,선택을 내리시는 분이,9,3,normal
SD2100836-SDRW2100003318.1.1.317,내가 생각하기로는 모든 수술은 사실,내가 생각하기로는 모든 수술은 사실,0.0,내가 생각하기로는 모든 수술은 사실,내가 생각하기로는 모든 수술은 사실,0.0,0.0,내가 생각하기로는 모든 수술은 사실,15,5,normal
SD2100851-SDRW2100003351.1.1.134,어 나쁘지 않다 생각하지만,어 나쁘지 않다 생각하지만,0.0,어 나쁘지 않다 생각하지만,어 나쁘지 않다 생각하지만,0.0,0.0,어 나쁘지 않다 생각하지만,11,4,normal
SD2100852-SDRW2100003348.1.1.154,최근에,최근에,0.0,최근에,최근에,0.0,0.0,최근에,3,1,low_info
SD2100852-SDRW2100003351.1.1.153,거기 자동차 밑에 고양이 밥 그릇이,거기 자동차 밑에 고양이 밥 그릇이,0.0,거기 자동차 밑에 고양이 밥 그릇이,거기 자동차 밑에 고양이 밥 그릇이,0.0,0.0,거기 자동차 밑에 고양이 밥 그릇이,14,6,normal
SD2100889-SDRW2100003412.1.1.253,우리 반은 열여덟 명인가 그 정도 될 꺼야,우리 반은 1여덟 명인가 정도일 거야,0.2608695652173913,우리 반은 열여덟 명인가 그 정도 될 꺼야,우리 반은 1여덟 명인가 학 정도일 거야,0.217391304347826,0.0434782608695653,우리 반은 열여덟 명인가 그 정도 될 꺼야,16,8,normal
SD2100903-SDRW2100003442.1.1.65,그 요즘에 그런 엄청난 좋은 스마트폰이 아니라,그 요즘에 그런 엄청난 좋은 스마트폰이 아니라,0.0,그 요즘에 그런 엄청난 좋은 스마트폰이 아니라,그 요즘에 그런 엄청난 좋은 스마트폰이 아니라,0.0,0.0,그 요즘에 그런 엄청난 좋은 스마트폰이 아니라,19,7,normal
SD2100914-SDRW2100003459.1.1.161,그래서 이제 그것 때문에 한번,그래서 인제 그것 때문에 한번,0.0625,그래서 이제 그것 때문에 한번,그래서 인제 그것 때문에 한번,0.0625,0.0,그래서 이제 그것 때문에 한번,12,5,normal
SD2100914-SDRW2100003462.1.1.295,약간 그런 부분도 있을 수도 있고,약간 그런 부분도 있을 수도 있고,0.0,약간 그런 부분도 있을 수도 있고,약간 그런 부분도 있을 수도 있고,0.0,0.0,약간 그런 부분도 있을 수도 있고,13,6,normal
SD2100928-SDRW2100004001.1.1.184,어,어,0.0,어,어,0.0,0.0,어,1,1,low_info
SD2100928-SDRW2100004001.1.1.279,어 그렇다 그러면 하나의,어 그렇다 그러면 하나의,0.0,어 그렇다 그러면 하나의,어 그렇다 그러면 하나의,0.0,0.0,어 그렇다 그러면 하나의,10,4,normal
SD2100946-SDRW2100004036.1.1.79,좀 몸에 무리가 올 때도 있기는 해,좀 몸에 무리가 올 때도 있기는 해,0.0,좀 몸에 무리가 올 때도 있기는 해,좀 몸에 무리가 올 때도 있기는 해,0.0,0.0,좀 몸에 무리가 올 때도 있기는 해,13,7,normal
SD2100946-SDRW2100004036.1.1.8,지금 건강에 대해서 더 많이 신경을 쓰고 있는데,지금 건강에 대해서 더 많이 신경을 쓰고 있는데,0.0,지금 건강에 대해서 더 많이 신경을 쓰고 있는데,지금 건강에 대해서 더 많이 신경을 쓰고 있는데,0.0,0.0,지금 건강에 대해서 더 많이 신경을 쓰고 있는데,19,8,normal
SD2100946-SDRW2100004037.1.1.324,시시 티브이가 필요하지 않을까라고 생각을 해,시시 티브이가 필요하지 않을까라고 생각을 해,0.0,시시 티브이가 필요하지 않을까라고 생각을 해,시시 티브이가 필요하지 않을까라고 생각을 해,0.0,0.0,시시 티브이가 필요하지 않을까라고 생각을 해,19,6,normal
SD2100946-SDRW2100004038.1.1.121,또는 뭐 정말,또는 뭐 정말,0.0,또는 뭐 정말,또는 뭐 정말,0.0,0.0,또는 뭐 정말,5,3,low_info
SD2100948-SDRW2100004039.1.1.50,한 40분 정도를 더 걷게 되고 그게 한 5 6000보 되는,한 40분 정도를 더 걷게 되고 그게 한 5 600보에는,0.0909090909090909,한 40분 정도를 더 걷게 되고 그게 한 5 6000보 되는,한 40분 정도를 더 걷게 되고 그것이 한 5 6000보대는,0.1212121212121212,-0.0303030303030303,한 40분 정도를 더 걷게 되고 그게 한 5 6000보 되는,23,11,normal
SD2100948-SDRW2100004039.1.1.83,7층은 좀 무슨 일을 마치고 가니까 버거워서,7층은 좀 무슨 이름 맞지 안에 가 보고 와서,0.5416666666666666,7층은 좀 무슨 일을 마치고 가니까 버거워서,7천은 좀 무슨 이런 마치고 가니까 버거서,0.1666666666666666,0.375,7층은 좀 무슨 일을 마치고 가니까 버거워서,18,7,normal
SD2100959-SDRW2100004107.1.1.114,그러고 나서 이제 진짜로 이제 알고,그러고 나서 이제 진짜로 이제 알고,0.0,그러고 나서 이제 진짜로 이제 알고,그러고 나서 이제 진짜로 이제 알고,0.0,0.0,그러고 나서 이제 진짜로 이제 알고,14,6,normal
SD2100972-SDRW2100002556.1.1.121,안 읽으면 되는 거고 그러면 그 사람들은 안 쓰게 되지 않을까,안 읽으면 되는 거고 그러면은 그 사람들은 안 쓰게 되지 않을까,0.0294117647058823,안 읽으면 되는 거고 그러면 그 사람들은 안 쓰게 되지 않을까,안 읽으면 되는 거고 그러면은 그 사람들은 안 쓰게 되지 않을까,0.0294117647058823,0.0,안 읽으면 되는 거고 그러면 그 사람들은 안 쓰게 되지 않을까,24,11,normal
SD2100973-SDRW2100003833.1.1.135,노래방에서는 주로 무슨 노래 부르지,노래방에서는 주로 무슨 노래 부르지,0.0,노래방에서는 주로 무슨 노래 부르지,노래방에서는 주로 무슨 노래 부르지,0.0,0.0,노래방에서는 주로 무슨 노래 부르지,15,5,normal
SD2100977-SDRW2100004142.1.1.187,일하는 사람들이다 보니까,일하는 사람들이다 보니까,0.0,일하는 사람들이다 보니까,일하는 사람들이다 보니까,0.0,0.0,일하는 사람들이다 보니까,11,3,normal
SD2100980-SDRW2100004147.1.1.56,렌탈 응 제주도에서 렌탈,어 제주도에서 렌털,0.3846153846153846,렌탈 응 제주도에서 렌탈,어 제주도에서 렌트,0.3846153846153846,0.0,렌탈 응 제주도에서 렌탈,10,4,normal
SD2100992-SDRW2100004289.1.1.131,어 원래는 이제 내가 으 워너원을 이제 내가,어 원래는 이제 내가 워너원을 이제 내가,0.0833333333333333,어 원래는 이제 내가 으 워너원을 이제 내가,어 원래는 이제 내가 어 워너원을 이제 내가,0.0416666666666666,0.0416666666666667,어 원래는 이제 내가 으 워너원을 이제 내가,17,8,normal
SD2100992-SDRW2100004289.1.1.213,어 그에 맞는 비난을 받아야 된다고 생각을 해,어 그에 맞는 비난을 받아야 된다고 생각을 해,0.0,어 그에 맞는 비난을 받아야 된다고 생각을 해,어 그에 맞는 비난을 받아야 된다고 생각을 해,0.0,0.0,어 그에 맞는 비난을 받아야 된다고 생각을 해,18,8,normal
SD2101008-SDRW2100001013.1.1.25,캐나다는 이제 모집하는 기간도 딱딱 있고,생나나는 이제 모집하는 기간도 딱딱 있고,0.0909090909090909,캐나다는 이제 모집하는 기간도 딱딱 있고,캐나다는 이제 모집하는 기간도 딱딱 있고,0.0,0.0909090909090909,캐나다는 이제 모집하는 기간도 딱딱 있고,17,6,normal
SD2101008-SDRW2100001058.1.1.103,그 인식이 지금까지 왔는데 그,그 인식이 지금까지 왔는데 그,0.0,그 인식이 지금까지 왔는데 그,그 인식이 지금까지 왔는데 그,0.0,0.0,그 인식이 지금까지 왔는데 그,12,5,normal
SD2101017-SDRW2100001021.1.1.3,누가 기대 돼,누가 기대돼,0.1428571428571428,누가 기대 돼,누가 기대돼,0.1428571428571428,0.0,누가 기대 돼,5,3,low_info
SD2101017-SDRW2100001022.1.1.131,name1이는 애들이랑 연락 안 할 걸 나랑만 할 걸,name1이 애들이랑 연락 안 한 걸 나랑만 할 걸,0.0689655172413793,name1이는 애들이랑 연락 안 할 걸 나랑만 할 걸,name1이도 애들이랑 연락 하는 걸 나랑만 할 걸,0.1379310344827586,-0.0689655172413793,name1이는 애들이랑 연락 안 할 걸 나랑만 할 걸,21,9,normal
SD2101018-SDRW2100001022.1.1.239,하루 종일 하는 거래,하루 종일 하는 거래,0.0,하루 종일 하는 거래,하루 종일라는 거래,0.1818181818181818,-0.1818181818181818,하루 종일 하는 거래,8,4,normal
SD2101018-SDRW2100001022.1.1.395,잘 나오는 시간에 많이 잡아야지,잘 나오는 시간을 많이 잡아야지,0.0588235294117647,잘 나오는 시간에 많이 잡아야지,잘 나오는 시간을 많이 잡아야지,0.0588235294117647,0.0,잘 나오는 시간에 많이 잡아야지,13,5,normal
SD2101018-SDRW2100001024.1.1.310,나도 몰랐지,나도 몰랐지,0.0,나도 몰랐지,나도 몰랐지,0.0,0.0,나도 몰랐지,5,2,low_info
SD2101022-SDRW2100001030.1.1.303,열심히 안 해서 그런가 봐 name1아,열심히 안 해서 그런가 봐 name1아,0.0,열심히 안 해서 그런가 봐 name1아,열심히 안 해서 그런가 봐 name1아,0.0,0.0,열심히 안 해서 그런가 봐 name1아,16,6,normal
SD2101022-SDRW2100001031.1.1.194,아닐까 어떻게 생각해 name아,아닐까 어떻게 생각해 name1아,0.0588235294117647,아닐까 어떻게 생각해 name아,아닐까 어떻게 생각해 name1,0.0588235294117647,0.0,아닐까 어떻게 생각해 name아,14,4,normal
SD2101026-SDRW2100001037.1.1.388,x 좋은 거 같아요 그런,좋은 거 같아요 그런,0.1538461538461538,x 좋은 거 같아요 그런,그 좋은 거 같아요 그런,0.0769230769230769,0.0769230769230769,x 좋은 거 같아요 그런,9,5,normal
SD2101027-SDRW2100001041.1.1.221,예쁜 거 있으면 집안도 꾸미고 싶고,예쁜 거 있으면 집안도 꾸미고 싶고,0.0,예쁜 거 있으면 집안도 꾸미고 싶고,예쁜 거 있으면 집안도 꾸미고 싶고,0.0,0.0,예쁜 거 있으면 집안도 꾸미고 싶고,14,6,normal
SD2101027-SDRW2100001044.1.1.319,친구들도,친구들도,0.0,친구들도,친구들도,0.0,0.0,친구들도,4,1,low_info
SD2101035-SDRW2100001060.1.1.198,name2 교수님 같은 경우도 좀,name1 교수님 같은 경우도 좀,0.0555555555555555,name2 교수님 같은 경우도 좀,name1 교수님 같은 경우도 좀,0.0555555555555555,0.0,name2 교수님 같은 경우도 좀,14,5,normal
SD2101035-SDRW2100001060.1.1.23,고르려고 하고 있어,고르려고 하고 있어,0.0,고르려고 하고 있어,고르라고 하고 있어,0.1,-0.1,고르려고 하고 있어,8,3,normal
SD2101038-SDRW2100001061.1.1.393,그거 쉬웠던 거 같은데 내 기억에,그거 쉬웠던 거 같은데 내 기억에,0.0,그거 쉬웠던 거 같은데 내 기억에,그거 쉬웠던 거 같은데 내 기억에,0.0,0.0,그거 쉬웠던 거 같은데 내 기억에,13,6,normal
SD2101038-SDRW2100001062.1.1.418,어 너 진짜 어울리겠다,어 너 진짜 어울리겠다,0.0,어 너 진짜 어울리겠다,어 너 진짜 어울리겠다,0.0,0.0,어 너 진짜 어울리겠다,9,4,normal
SD2101038-SDRW2100001063.1.1.230,존댓말 쓰는 것도 싫긴 한데,존댓말 쓰는 것도 싫긴 한데,0.0,존댓말 쓰는 것도 싫긴 한데,존댓말 쓰는 것도 싫긴 한데,0.0,0.0,존댓말 쓰는 것도 싫긴 한데,11,5,normal
SD2101055-SDRW2100001100.1.1.179,라는 걸 알 수 있도록,많은 걸 알 수 있도록,0.1666666666666666,라는 걸 알 수 있도록,라는 걸 알 수 있도록,0.0,0.1666666666666666,라는 걸 알 수 있도록,8,5,normal
SD2101055-SDRW2100001100.1.1.385,그래 가지고,그래 가지고,0.0,그래 가지고,그래 가지고,0.0,0.0,그래 가지고,5,2,low_info
SD2101086-SDRW2100001160.1.1.233,가졌잖아,가졌잖아,0.0,가졌잖아,가졌잖아,0.0,0.0,가졌잖아,4,1,low_info
SD2101086-SDRW2100001160.1.1.288,정확히 뭘 뭘 말하는 거야,정확히 뭘 뭘 말하는 거야,0.0,정확히 뭘 뭘 말하는 거야,정확히 뭘 뭘 말하는 거야,0.0,0.0,정확히 뭘 뭘 말하는 거야,10,5,normal
SD2101086-SDRW2100001160.1.1.55,멀리 봤을 때는 좀 괜찮지 않나,멀리 봤을 때는 좀 괜찮지 않나,0.0,멀리 봤을 때는 좀 괜찮지 않나,멀리 봤을 때는 좀 괜찮지 않나,0.0,0.0,멀리 봤을 때는 좀 괜찮지 않나,12,6,normal
SD2101088-SDRW2100001166.1.1.21,어 어느 정도 인제 미디어 노출하고,어 어느 정도 인제 미디어 노출하고,0.0,어 어느 정도 인제 미디어 노출하고,어느 정도 인제 미디어 노출하고,0.1052631578947368,-0.1052631578947368,어 어느 정도 인제 미디어 노출하고,14,6,normal
SD2101088-SDRW2100001166.1.1.22,같이 보는 것도 공유하고 게임도 공유를 하고,같이 보는 것도 공유하고 게임도 공유를 하고,0.0,같이 보는 것도 공유하고 게임도 공유를 하고,같이 보는 것도 공유하고 게임도 공유를 하고,0.0,0.0,같이 보는 것도 공유하고 게임도 공유를 하고,18,7,normal
SD2101088-SDRW2100001166.1.1.96,지금 세대에는 스마트폰을 많이 이용하고 있기 때문에,지금 세대에는 스마트폰을 많이 이용하고 있기 때문에,0.0,지금 세대에는 스마트폰을 많이 이용하고 있기 때문에,지금 세대에는 스마트폰을 많이 이용하고 있기 때문에,0.0,0.0,지금 세대에는 스마트폰을 많이 이용하고 있기 때문에,22,7,normal
SD2101092-SDRW2100001171.1.1.73,굉장히 좋아해서 오늘도,굉장히 좋아해서 오늘도,0.0,굉장히 좋아해서 오늘도,굉장히 좋아해서 오늘도,0.0,0.0,굉장히 좋아해서 오늘도,10,3,normal
SD2101092-SDRW2100001174.1.1.165,저는 일거수일투족이 너무나,저는 일거수일투족이 너무나,0.0,저는 일거수일투족이 너무나,저는 일거수일투족이 너무나,0.0,0.0,저는 일거수일투족이 너무나,12,3,normal
SD2101094-SDRW2100001176.1.1.3,우리가 살아가면서 그래도 참 재미를 느낄 수 있는 거,우리가 살아가면서 그래도 참 재미를 느낄 수 있는 거,0.0,우리가 살아가면서 그래도 참 재미를 느낄 수 있는 거,우리가 살아가면서 그래도 참 재미를 느낄 수 있는 거,0.0,0.0,우리가 살아가면서 그래도 참 재미를 느낄 수 있는 거,21,9,normal
SD2101100-SDRW2100001188.1.1.239,본인이 싫어도,본인이 싫어도,0.0,본인이 싫어도,본인이 싫어도,0.0,0.0,본인이 싫어도,6,2,low_info
SD2101100-SDRW2100001190.1.1.111,뭐 중독될까 봐 하지 말아야 된다고 하면,뭐 중독될까 봐 하지 말아야 된다고 하면,0.0,뭐 중독될까 봐 하지 말아야 된다고 하면,뭐 중독 될까 봐 하지 말아야 된다고 하면,0.0454545454545454,-0.0454545454545454,뭐 중독될까 봐 하지 말아야 된다고 하면,16,7,normal
SD2101120-SDRW2100001207.1.1.2,학교 선생님의 장점과,학교 선생님의 장점과,0.0,학교 선생님의 장점과,학교 선생님의 장점과,0.0,0.0,학교 선생님의 장점과,9,3,normal
SD2101120-SDRW2100001207.1.1.246,영양사님이 바뀌고,영양사님이 바뀌고,0.0,영양사님이 바뀌고,영양사님이 바뀌고,0.0,0.0,영양사님이 바뀌고,8,2,low_info
SD2101120-SDRW2100001207.1.1.31,요즘은,요즘은,0.0,요즘은,요즘은,0.0,0.0,요즘은,3,1,low_info
SD2101120-SDRW2100001207.1.1.63,화장을 했는데,화장을 했는데,0.0,화장을 했는데,화장을 했는데,0.0,0.0,화장을 했는데,6,2,low_info
SD2101120-SDRW2100001208.1.1.178,아침에 시간이 없거나 저녁에 약간,아침에 시간이 없거나 저녁에 약간,0.0,아침에 시간이 없거나 저녁에 약간,아침에 시간이 없거나 저녁에 약간,0.0,0.0,아침에 시간이 없거나 저녁에 약간,14,5,normal
SD2101120-SDRW2100001208.1.1.186,한번 더 먹어 봤는데 정말 맛있더라고,한번 더 먹어 봤는데 정말 맛있더라고,0.0,한번 더 먹어 봤는데 정말 맛있더라고,한 번 더 먹어 봤는데 정말 맛있더라고,0.05,-0.05,한번 더 먹어 봤는데 정말 맛있더라고,15,6,normal
SD2101121-SDRW2100001212.1.1.276,잔소리는 계속하지 너무 늦게까지 하니까,잔소리는 계속 하지 너무 늦게까지 하니까,0.0476190476190476,잔소리는 계속하지 너무 늦게까지 하니까,잔소리는 계속하지 너무 늦게까지 하니까,0.0,0.0476190476190476,잔소리는 계속하지 너무 늦게까지 하니까,17,5,normal
SD2101121-SDRW2100001213.1.1.175,너무 힘들었다는 거야 그 사람을 맞추기 위해서,너무 힘들었다는 거야 그 사람을 맞추기 위해서,0.0,너무 힘들었다는 거야 그 사람을 맞추기 위해서,너무 힘들었다는 거야 그 사람을 맞추기 위해서,0.0,0.0,너무 힘들었다는 거야 그 사람을 맞추기 위해서,19,7,normal
SD2101121-SDRW2100001214.1.1.79,그런 게 더 힘들다는 거지 그리고 앞으로,그런 게 더 힘들다는 거지 그리고 앞으로,0.0,그런 게 더 힘들다는 거지 그리고 앞으로,그런 게 더 힘들다는 거지 그리고 앞으로,0.0,0.0,그런 게 더 힘들다는 거지 그리고 앞으로,16,7,normal
SD2101123-SDRW2100001218.1.1.244,아무래도 사회적 문제들이 점점 불거지고,아무래 사회적 문제들이 점점 붉어지고,0.1428571428571428,아무래도 사회적 문제들이 점점 불거지고,아무래도 사회적 문제들이 점점 굵어지고,0.0952380952380952,0.0476190476190475,아무래도 사회적 문제들이 점점 불거지고,17,5,normal
SD2101124-SDRW2100001216.1.1.119,서류 분류 작업을 할 때,서로 분류 작업을 할 때,0.0769230769230769,서류 분류 작업을 할 때,서류 분류 작업을 할 때,0.0,0.0769230769230769,서류 분류 작업을 할 때,9,5,normal
SD2101124-SDRW2100001216.1.1.156,잘 모르면서 이제 네임밸류 이런 것들만 따져서 아니면 연봉만 따져서 입사하게 되는데,잘 모르면서 이제 네임밸류 이런 것들만 따져서 아니면 연봉만 따서 입장하게 되는데,0.0434782608695652,잘 모르면서 이제 네임밸류 이런 것들만 따져서 아니면 연봉만 따져서 입사하게 되는데,잘 모르면서 이제 네임밸류 이런 것들만 따져서 아니면 연봉만 따라서 입사하게 되는데,0.0217391304347826,0.0217391304347826,잘 모르면서 이제 네임밸류 이런 것들만 따져서 아니면 연봉만 따져서 입사하게 되는데,35,12,normal
SD2101124-SDRW2100001216.1.1.266,어 시 전공 시험 없을 때도 와 봤고 있을 때도 와 봤는데 나는 이제,어 시 전공 시험 없을 때도 와 봤고 있을 때도 봤는데 나는 이제,0.0526315789473684,어 시 전공 시험 없을 때도 와 봤고 있을 때도 와 봤는데 나는 이제,어 시 전공장 없을 때도 와 봤고 이술에 더 봤는데 나는 이제,0.2368421052631578,-0.1842105263157894,어 시 전공 시험 없을 때도 와 봤고 있을 때도 와 봤는데 나는 이제,25,14,normal
SD2101124-SDRW2100001218.1.1.79,맞아 그런데 만약에 집안 형편이 안 좋은데 내가 계속 이제 병원에,맞아 그런데 만약에 집안 형편이 안 좋은데 내가 계속 이제 병원에,0.0,맞아 그런데 만약에 집안 형편이 안 좋은데 내가 계속 이제 병원에,맞아 그런데 만약에 집안 형편이 안 좋은데 내가 계속 이제 병원에,0.0,0.0,맞아 그런데 만약에 집안 형편이 안 좋은데 내가 계속 이제 병원에,26,11,normal
SD2101124-SDRW2100001218.1.1.88,그런 그러니까 물론 악용되는 거는 방지하겠지만,그런 그러니까 물론 악용되는 거는 방지하겠지만,0.0,그런 그러니까 물론 악용되는 거는 방지하겠지만,그런 그러니까 물론 악용되는 거는 방지하겠지만,0.0,0.0,그런 그러니까 물론 악용되는 거는 방지하겠지만,20,6,normal
SD2101128-SDRW2100002308.1.1.31,어떻게 보면,어떻게 보면은,0.1666666666666666,어떻게 보면,어찌 보면은,0.5,-0.3333333333333333,어떻게 보면,5,2,low_info
SD2101136-SDRW2100002316.1.1.222,살아가는데 되게 좋은 영향 끼친다고 생각해서,살아가는데 되게 좋은 영향을 끼친다고 생각해서,0.0416666666666666,살아가는데 되게 좋은 영향 끼친다고 생각해서,살아가는 데 되게 좋은 영향 끼친다고 생각해서,0.0416666666666666,0.0,살아가는데 되게 좋은 영향 끼친다고 생각해서,19,6,normal
SD2101152-SDRW2100003774.1.1.255,음 나는 내가 직접 수업을 듣지 않았지만,음 나는 내가 직접 수업을 듣지 않았지만,0.0,음 나는 내가 직접 수업을 듣지 않았지만,음 나는 내가 직접 수업을 듣지 않았지만,0.0,0.0,음 나는 내가 직접 수업을 듣지 않았지만,16,7,normal
SD2101161-SDRW2100003492.1.1.96,그 버스나 이런 것도 장애인들이 이제,그 버스나 이런 것도 장애인들이 이제,0.0,그 버스나 이런 것도 장애인들이 이제,그 버스나 이런 것도 장애인들이 이제,0.0,0.0,그 버스나 이런 것도 장애인들이 이제,15,6,normal
SD2101166-SDRW2100003781.1.1.341,자동차들이 최근에 이제 1월 1일 법규 바뀐 거 보셨어요 그거,자동차들 최근에 이제 1월 1일 법규 바뀐 거 보셨어요 그거,0.0294117647058823,자동차들이 최근에 이제 1월 1일 법규 바뀐 거 보셨어요 그거,자동차들 최근에 이제 1월 1일 법규 바뀐 거 보셨어요 그거,0.0294117647058823,0.0,자동차들이 최근에 이제 1월 1일 법규 바뀐 거 보셨어요 그거,25,10,normal
SD2101181-SDRW2100003793.1.1.202,진짜 그래야 오래 살지,괜찮 그래 오래 살지,0.25,진짜 그래야 오래 살지,진짜 그래 오래 살지,0.0833333333333333,0.1666666666666666,진짜 그래야 오래 살지,9,4,normal
SD2101181-SDRW2100003794.1.1.283,주인님은 와,주인님은 와,0.0,주인님은 와,주인님은 와,0.0,0.0,주인님은 와,5,2,low_info
SD2101181-SDRW2100003796.1.1.327,그러니깐 생 생존율이 0프로야,그러니까 생 생존율이 영퍼야,0.25,그러니깐 생 생존율이 0프로야,그러니까 생 생존율이 0포야,0.1875,0.0625,그러니깐 생 생존율이 0프로야,13,4,normal
SD2101183-SDRW2100003794.1.1.403,감당이 안 되니까 막 많이 버린다고 하더라고,감당이 안 되니까 막 많이 버린다고 하더라고,0.0,감당이 안 되니까 막 많이 버린다고 하더라고,감당이 안 되니까 막 많이 버린다고 하더라고,0.0,0.0,감당이 안 되니까 막 많이 버린다고 하더라고,18,7,normal
SD2101225-SDRW2100002541.1.1.35,성장을 하면서,성장을 하면서,0.0,성장을 하면서,성장을 하면서,0.0,0.0,성장을 하면서,6,2,low_info
SD2101231-SDRW2100002551.1.1.148,그리고 자극적인 만큼 관심도 많이 가고,그리고 자극적인 만큼 관심도 많이 가고,0.0,그리고 자극적인 만큼 관심도 많이 가고,그리고 자극적인 만큼 관심도 많이 가고,0.0,0.0,그리고 자극적인 만큼 관심도 많이 가고,16,6,normal
SD2101231-SDRW2100002552.1.1.74,어 활용 사용하는데,어 활용 사용을 하는데,0.2,어 활용 사용하는데,활용 사용을 하는데,0.4,-0.2,어 활용 사용하는데,8,3,normal
SD2101252-SDRW2100002597.1.1.125,실제로 어떤 사람인지 모르고 가상의 인물인 거나 다름없는데,실제로 어떤 사람인지도 모르고 가상의 인물인 거나 다름없는데,0.03125,실제로 어떤 사람인지 모르고 가상의 인물인 거나 다름없는데,실제로 어떤 사람인지도 모르고 가상의 인물인 거나 다름없는데,0.03125,0.0,실제로 어떤 사람인지 모르고 가상의 인물인 거나 다름없는데,25,8,normal
SD2101252-SDRW2100002598.1.1.298,되게 갖고 싶어서 좀 많이 찾아 봤는데,되게 갖고 싶어서 좀 많이 찾아봤는데,0.0476190476190476,되게 갖고 싶어서 좀 많이 찾아 봤는데,되게 갖고 싶어서 좀 많이 찾아봤는데,0.0476190476190476,0.0,되게 갖고 싶어서 좀 많이 찾아 봤는데,15,7,normal
SD2101253-SDRW2100002598.1.1.240,제트플립을 보면서 느꼈는데,제트플립을 보면서 느꼈는데,0.0,제트플립을 보면서 느꼈는데,제트플립을 보면서 느꼈는데,0.0,0.0,제트플립을 보면서 느꼈는데,12,3,normal
SD2101253-SDRW2100002598.1.1.265,그래도 요새 되게 고민이 많이 돼,그래서 요새 되게 고민이 많이 돼,0.0555555555555555,그래도 요새 되게 고민이 많이 돼,그래서 요새 되게 고민이 많이 돼,0.0555555555555555,0.0,그래도 요새 되게 고민이 많이 돼,13,6,normal
SD2101255-SDRW2100002269.1.1.35,얘기를 해 주는 걸 수도 있는데 이렇게,얘기를 해 주는 걸 수도 있는데 이렇게,0.0,얘기를 해 주는 걸 수도 있는데 이렇게,얘기를 해 주는 걸 수도 있는데 이렇게,0.0,0.0,얘기를 해 주는 걸 수도 있는데 이렇게,15,7,normal
SD2101275-SDRW2100003944.1.1.148,내가 사고 낼 거 같아 남들이 사고 내는 것보단,내가 사고 낼 거 같아 남들이 사고 내는 거보단,0.0384615384615384,내가 사고 낼 거 같아 남들이 사고 내는 것보단,내가 사고 낼 거 같아 남들이 사고 내는 것보단,0.0,0.0384615384615384,내가 사고 낼 거 같아 남들이 사고 내는 것보단,18,9,normal
SD2101353-SDRW2100003821.1.1.276,그래서 술 취해서 버스 타고 가는데 너무 토할 거 같아 가지고,그래서 술 취해서 버스 타고 가는데 너무 토할 거 같아 가지고,0.0,그래서 술 취해서 버스 타고 가는데 너무 토할 거 같아 가지고,그래서 술 취해서 버스 타고 가는데 너무 토할 거 같아 가지고,0.0,0.0,그래서 술 취해서 버스 타고 가는데 너무 토할 거 같아 가지고,24,11,normal
SD2101372-SDRW2100002578.1.1.254,좀 만족할 만한 그런 게 더 많을 수도 있을 거 같아,좀 만족할 만한 그런 게 더 많을 수도 있을 것 같아,0.0344827586206896,좀 만족할 만한 그런 게 더 많을 수도 있을 거 같아,좀 만족할 만한 그런 게 더 많을 수도 있을 거 같아,0.0,0.0344827586206896,좀 만족할 만한 그런 게 더 많을 수도 있을 거 같아,19,11,normal
SD2101372-SDRW2100002578.1.1.374,몰라 계속 요즘,몰라 계속 요즘,0.0,몰라 계속 요즘,몰라 계속 요즘,0.0,0.0,몰라 계속 요즘,6,3,normal
SD2101376-SDRW2100002581.1.1.173,몽환 이런 느낌도 있고,멍한 이런 느낌도 있고,0.1666666666666666,몽환 이런 느낌도 있고,몸간 이런 느낌도 있고,0.1666666666666666,0.0,몽환 이런 느낌도 있고,9,4,normal
SD2101387-SDRW2100002980.1.1.87,왜냐하면 시리즈물은 뒤로 갈수록 소재가 떨어지고,왜냐하면 시리즈물은 뒤로 갈수록 소재가 떨어지고,0.0,왜냐하면 시리즈물은 뒤로 갈수록 소재가 떨어지고,왜냐하면 시리즈물은 뒤로 갈수록 소재가 떨어지고,0.0,0.0,왜냐하면 시리즈물은 뒤로 갈수록 소재가 떨어지고,21,6,normal
SD2101394-SDRW2100002992.1.1.58,응 그렇지 그래서,응 그렇지 그래서,0.0,응 그렇지 그래서,응 그렇지 그래서,0.0,0.0,응 그렇지 그래서,7,3,normal
SD2101394-SDRW2100002992.1.1.60,아 인터넷 쇼핑이 요즘 파업 때문에 좀 길어지니까,아 인터넷 쇼핑 요즘 파업 때문에 좀 길어지니까,0.037037037037037,아 인터넷 쇼핑이 요즘 파업 때문에 좀 길어지니까,아 인터넷 쇼핑은 요즘 파워 때문에 좀 길어지니까,0.074074074074074,-0.037037037037037,아 인터넷 쇼핑이 요즘 파업 때문에 좀 길어지니까,20,8,normal
SD2101394-SDRW2100002994.1.1.311,더 하루 종일 일하고 하루 종일 설거지하고 하는데 그걸 다들 당당하게 생각을 하는 게 나는,뭐 하루 종일 일하고 하루 종일 설거지하고 하는데 그걸 다들 당연하게 생각을 하는 게 나는,0.04,더 하루 종일 일하고 하루 종일 설거지하고 하는데 그걸 다들 당당하게 생각을 하는 게 나는,더 하루 종일하고 하루 종일 설거지하고 하는데 그걸 다들 당연하게 생각을 하는 게 나는,0.06,-0.0199999999999999,더 하루 종일 일하고 하루 종일 설거지하고 하는데 그걸 다들 당당하게 생각을 하는 게 나는,36,15,normal
SD2101394-SDRW2100002995.1.1.200,나한테는 내 그냥 내가 다닌 학교고 막 그러니까,나한테는 내 그냥 내가 다시 학교고 막 그러니까,0.0384615384615384,나한테는 내 그냥 내가 다닌 학교고 막 그러니까,나한테는 내 그냥 내가 다른 학교고 막 그러니까,0.0384615384615384,0.0,나한테는 내 그냥 내가 다닌 학교고 막 그러니까,19,8,normal
SD2101417-SDRW2100002736.1.1.113,아 그렇구나,아 그렇구나,0.0,아 그렇구나,아 그렇구나,0.0,0.0,아 그렇구나,5,2,low_info
SD2101417-SDRW2100002738.1.1.185,아이를 임신하고 아이가 나갔을 때,아이를 임신하고 아이가 나갔을 때,0.0,아이를 임신하고 아이가 나갔을 때,아이를 임신하고 아이가 나갔을 때,0.0,0.0,아이를 임신하고 아이가 나갔을 때,14,5,normal
SD2101418-SDRW2100002737.1.1.307,약간 거기에 대해서 이해하는 감정이 점점 생기는 거 같아,약간 거기에 대해서 이해하는 감정이 점점 생기는 거 같아,0.0,약간 거기에 대해서 이해하는 감정이 점점 생기는 거 같아,약간 거기에 대해서 이해하는 감정이 점점 생기는 거 같아,0.0,0.0,약간 거기에 대해서 이해하는 감정이 점점 생기는 거 같아,23,9,normal
SD2101429-SDRW2100002590.1.1.337,이거는 쪼금 다른 얘기일 수 있는데 이제,이거는 조금 다른 얘기일 수 있는데 이제,0.0454545454545454,이거는 쪼금 다른 얘기일 수 있는데 이제,이거는 쪼금 다른 얘기일 수 있는데 이제,0.0,0.0454545454545454,이거는 쪼금 다른 얘기일 수 있는데 이제,16,7,normal
SD2101435-SDRW2100004176.1.1.127,어 안 보이는 그냥 우리 라디오나 아니면 시디 이런 것만 들을 때는,어 안 보이는 그냥 우리 라디오 아니면 시디 이런 것만 들을 때는,0.027027027027027,어 안 보이는 그냥 우리 라디오나 아니면 시디 이런 것만 들을 때는,어 안 보이는 그냥 우리 라디오나 아니면 시디 이런 것만 들을 때는,0.0,0.027027027027027,어 안 보이는 그냥 우리 라디오나 아니면 시디 이런 것만 들을 때는,26,12,normal
SD2101435-SDRW2100004176.1.1.90,네가 얘길 하니까 인제 엄마,네가 얘기를 하니까 인제 엄마,0.1333333333333333,네가 얘길 하니까 인제 엄마,네가 얘길 하니까 인제 엄마,0.0,0.1333333333333333,네가 얘길 하니까 인제 엄마,11,5,normal
SD2101435-SDRW2100004177.1.1.234,또 다른 자극을 받을 수도 있고,또 다른 자극을 받을 수도 있고,0.0,또 다른 자극을 받을 수도 있고,또 다른 자극을 받을 수도 있고,0.0,0.0,또 다른 자극을 받을 수도 있고,12,6,normal
SD2101435-SDRW2100004178.1.1.111,대상을 가지고 인제 어 좀 이렇게 차단도 해주고,대상을 가지고 인제 어 좀 이렇게 차단도 해 주고,0.0384615384615384,대상을 가지고 인제 어 좀 이렇게 차단도 해주고,대상을 가지고 인제 어 좀 이렇게 차단도 해 주고,0.0384615384615384,0.0,대상을 가지고 인제 어 좀 이렇게 차단도 해주고,19,8,normal
SD2101456-SDRW2100004254.1.1.362,그래서 되게 나는 의미가,글쎄 나는 의미가,0.4615384615384615,그래서 되게 나는 의미가,그래서 되게 나는 의미가,0.0,0.4615384615384615,그래서 되게 나는 의미가,10,4,normal
SD2101456-SDRW2100004255.1.1.224,그래도 그런 신재생 에너지들을 좀 더 발전하고,그래도 그런 신재생 에너지들을 좀 더 발전하고,0.0,그래도 그런 신재생 에너지들을 좀 더 발전하고,그래도 그런 신재생 에너지들을 좀 더 발전하고,0.0,0.0,그래도 그런 신재생 에너지들을 좀 더 발전하고,19,7,normal
SD2101470-SDRW2100002616.1.1.84,월 6만 원에서 8만 원까지,월 6만 원에서 8만 원까지,0.0,월 6만 원에서 8만 원까지,월 6만 원에서 8만 원까지,0.0,0.0,월 6만 원에서 8만 원까지,11,5,normal
SD2101480-SDRW2100002630.1.1.167,어 원자력 기술의 발달을 저해할 수 있다는 그런 이유만으로,어 원자력 기술의 발달을 저해할 수 있다는 그런 이유만으로,0.0,어 원자력 기술의 발달을 저해할 수 있다는 그런 이유만으로,어 원자력 기술의 발달을 저해 할 수 있다는 그런 이유만으로,0.03125,-0.03125,어 원자력 기술의 발달을 저해할 수 있다는 그런 이유만으로,24,9,normal
SD2101483-SDRW2100002632.1.1.123,옷이나,옷이나,0.0,옷이나,옷이나,0.0,0.0,옷이나,3,1,low_info
SD2101497-SDRW2100002280.1.1.149,운동 관람하는 것에 있어서 텔레비전으로도 잘 보지 않는,운동 관람하는 것에 있어서 텔레비전으로도 잘 보지 않는,0.0,운동 관람하는 것에 있어서 텔레비전으로도 잘 보지 않는,운동 관람하는 것에 있어서 텔레비전으로도 잘 보지 않는,0.0,0.0,운동 관람하는 것에 있어서 텔레비전으로도 잘 보지 않는,23,8,normal
SD2101497-SDRW2100004196.1.1.249,그럴 수도 있지,그럴 수도 있지,0.0,그럴 수도 있지,그럴 수도 있지,0.0,0.0,그럴 수도 있지,6,3,normal
SD2101530-SDRW2100001529.1.1.284,맞아 맞아,맞아 맞아,0.0,맞아 맞아,맞아 맞아,0.0,0.0,맞아 맞아,4,2,low_info
SD2101531-SDRW2100001531.1.1.491,어,어,0.0,어,어,0.0,0.0,어,1,1,low_info
SD2101534-SDRW2100001533.1.1.311,뭐 그런 복합적인 요인이 막 작용할 수도 있어,뭐 그런 복합적인 요인이 막 작용할 수도 있어,0.0,뭐 그런 복합적인 요인이 막 작용할 수도 있어,뭐 그런 복합적인 요인이 막 작용할 수도 있어,0.0,0.0,뭐 그런 복합적인 요인이 막 작용할 수도 있어,18,8,normal
SD2101562-SDRW2100001562.1.1.418,어,어,0.0,어,어,0.0,0.0,어,1,1,low_info
SD2101568-SDRW2100001567.1.1.68,너는,너는,0.0,너는,너는,0.0,0.0,너는,2,1,low_info
SD2101572-SDRW2100001571.1.1.495,아니 왜냐하면 그쪽 길이 좀 외진 길이라서,어 아니 왜냐하면 그쪽 길이 좀 외진 길이라서,0.0869565217391304,아니 왜냐하면 그쪽 길이 좀 외진 길이라서,아니 왜냐면 그쪽 길이 좀 외진 길이라서,0.0434782608695652,0.0434782608695652,아니 왜냐하면 그쪽 길이 좀 외진 길이라서,17,7,normal
SD2101582-SDRW2100001581.1.1.210,아 진짜,아 진짜,0.0,아 진짜,아 진짜,0.0,0.0,아 진짜,3,2,low_info
SD2101582-SDRW2100001581.1.1.405,그 서로 처음에는 1화에선 되게,그 서로 처음에는 1화에선 되게,0.0,그 서로 처음에는 1화에선 되게,그 서로 처음에는 1화에선 되게,0.0,0.0,그 서로 처음에는 1화에선 되게,13,5,normal
SD2101582-SDRW2100001581.1.1.523,아 그 환불원정대,아 그 환불 정돼,0.2222222222222222,아 그 환불원정대,아 그 환불 원정대,0.1111111111111111,0.1111111111111111,아 그 환불원정대,7,3,normal
SD2101588-SDRW2100001588.1.1.204,당근 하면은,당근하면은,0.1666666666666666,당근 하면은,당근하면은,0.1666666666666666,0.0,당근 하면은,5,2,low_info
SD2101588-SDRW2100001588.1.1.390,그것도 괜찮지,그것도 괜찮지,0.0,그것도 괜찮지,그것도 괜찮지,0.0,0.0,그것도 괜찮지,6,2,low_info
SD2101610-SDRW2100001610.1.1.157,어 나는 최근에,어 나는 최근에,0.0,어 나는 최근에,어 나는 최근에,0.0,0.0,어 나는 최근에,6,3,normal
SD2101610-SDRW2100001610.1.1.295,아니 아직 한 번도 안 사 봐서 모르겠어,아니 아직 한 번도 안 사 봐서 모르겠어,0.0,아니 아직 한 번도 안 사 봐서 모르겠어,아니 아직 한 번도 안 사 봐서 모르겠어,0.0,0.0,아니 아직 한 번도 안 사 봐서 모르겠어,15,8,normal
SD2101611-SDRW2100001612.1.1.292,신뢰가 쌓이면은 우정이 생기는 거 같아,신뢰가 쌓이면은 우정이 생기는 거 같아,0.0,신뢰가 쌓이면은 우정이 생기는 거 같아,신뢰가 쌓이면은 우정이 생기는 거 같아,0.0,0.0,신뢰가 쌓이면은 우정이 생기는 거 같아,16,6,normal
SD2101623-SDRW2100001623.1.1.267,어허 나 나는 밥 먹었어,어 어 나 나는 밥 먹었어,0.1538461538461538,어허 나 나는 밥 먹었어,어 어 나 나는 밥 먹었어,0.1538461538461538,0.0,어허 나 나는 밥 먹었어,9,5,normal
SD2101624-SDRW2100001623.1.1.214,얘기하고 싶은 거,얘기하고 싶은 거,0.0,얘기하고 싶은 거,얘기하고 싶은 거,0.0,0.0,얘기하고 싶은 거,7,3,normal
SD2101625-SDRW2100001625.1.1.157,어 맞아 맞아,어 맞아 맞아,0.0,어 맞아 맞아,어 맞아 맞아,0.0,0.0,어 맞아 맞아,5,3,low_info
SD2101625-SDRW2100001625.1.1.529,야 나 찢었어 찢어 먹었어,야 나 치 쳤어 찢어 먹어서 그,0.5,야 나 찢었어 찢어 먹었어,야 나 지 쳤어 아 진짜,0.5714285714285714,-0.0714285714285714,야 나 찢었어 찢어 먹었어,10,5,normal
SD2101627-SDRW2100001627.1.1.382,으응,응,0.5,으응,응,0.5,0.0,으응,2,1,low_info
SD2101633-SDRW2100002208.1.1.140,어,어,0.0,어,어,0.0,0.0,어,1,1,low_info
SD2101637-SDRW2100001643.1.1.90,알겠다고 간다고 그랬지,아 알겠다고 간다고 그랬지,0.1666666666666666,알겠다고 간다고 그랬지,알겠다고 간다고 그랬지,0.0,0.1666666666666666,알겠다고 간다고 그랬지,10,3,normal
SD2101658-SDRW2100001681.1.1.1,name1이랑 제일 친하잖아,name2랑 제일 친하잖아,0.1333333333333333,name1이랑 제일 친하잖아,name1이랑 제일 친하잖아,0.0,0.1333333333333333,name1이랑 제일 친하잖아,13,3,normal
SD2101661-SDRW2100001689.1.1.150,내년 3월에 하지,내년 3월에 하지,0.0,내년 3월에 하지,내년 3월에 하지,0.0,0.0,내년 3월에 하지,7,3,normal
SD2101661-SDRW2100001690.1.1.389,약간 좀 달라진 게 눈에 보일 정도로 수준이 좀,약간 좀 달라는 게 눈에 보일 정도로 순위 좀,0.1538461538461538,약간 좀 달라진 게 눈에 보일 정도로 수준이 좀,약간 좀 달라는 게 눈에 보일 정도로 솔직히 좀,0.1538461538461538,0.0,약간 좀 달라진 게 눈에 보일 정도로 수준이 좀,18,9,normal
SD2101661-SDRW2100001692.1.1.184,뭔가 좀 밥 종류가 먹고 싶어,뭔가 좀 밥 종류가 먹고 싶어,0.0,뭔가 좀 밥 종류가 먹고 싶어,뭔가 좀 밥 종류가 먹고 싶어,0.0,0.0,뭔가 좀 밥 종류가 먹고 싶어,11,6,normal
SD2101671-SDRW2100001712.1.1.365,오빠는 지금 당장 끝나고 시간이 많다면,오빠는 지금 당장 끝나고 시간이 많다면,0.0,오빠는 지금 당장 끝나고 시간이 많다면,오빠는 지금 당장 끝나고 시간이 많다면,0.0,0.0,오빠는 지금 당장 끝나고 시간이 많다면,16,6,normal
SD2101675-SDRW2100002212.1.1.210,군대에 좀 약간 신기한 사실을 안 느낌이야,군대에 좀 약간 신기한 사실을 안 느낌이야,0.0,군대에 좀 약간 신기한 사실을 안 느낌이야,군대에 좀 약간 신기한 사실을 안 느낌이야,0.0,0.0,군대에 좀 약간 신기한 사실을 안 느낌이야,17,7,normal
SD2101690-SDRW2100001747.1.1.18,그래서 언니는 좀 그런,,1.0,그래서 언니는 좀 그런,어<sos/eos>,1.0,0.0,그래서 언니는 좀 그런,9,4,normal
SD2101704-SDRW2100001776.1.1.47,아 맞다 name1이 언니,아 맞다 name2 언니,0.1428571428571428,아 맞다 name1이 언니,아 맞다 name2 언니,0.1428571428571428,0.0,아 맞다 name1이 언니,11,4,normal
SD2101714-SDRW2100002224.1.1.273,항상 그 김종국씨가 강조했던 운동 중에 하나잖아,항상 그 김종국 씨가 강조했던 운동 중에 하나잖아,0.0384615384615384,항상 그 김종국씨가 강조했던 운동 중에 하나잖아,항상 그 김종국 씨가 강조했던 운동 중에 하나잖아,0.0384615384615384,0.0,항상 그 김종국씨가 강조했던 운동 중에 하나잖아,20,7,normal
SD2101714-SDRW2100002225.1.1.171,뭐 이런 애들 있잖아 이쁜 애들,막 이런 애들 있잖아 이쁜 애들,0.0588235294117647,뭐 이런 애들 있잖아 이쁜 애들,막 이런 애들 있잖아 이쁜 애들,0.0588235294117647,0.0,뭐 이런 애들 있잖아 이쁜 애들,12,6,normal
SD2101717-SDRW2100001801.1.1.78,살이 찌고 건강해져야 되는데,살이 찌고 건강해져야 되는데,0.0,살이 찌고 건강해져야 되는데,살을 찌고 건강해져야 되는데,0.0666666666666666,-0.0666666666666666,살이 찌고 건강해져야 되는데,12,4,normal
SD2101727-SDRW2100001821.1.1.198,렌터카 회산데,렌터카 회산데,0.0,렌터카 회산데,렌터카에 산데,0.2857142857142857,-0.2857142857142857,렌터카 회산데,6,2,low_info
SD2101727-SDRW2100001821.1.1.312,그 석박사 전형이 있더라고,그 석박사 전용이 있더라고,0.0714285714285714,그 석박사 전형이 있더라고,그 석박사 전형이 있더라고,0.0,0.0714285714285714,그 석박사 전형이 있더라고,11,4,normal
SD2101727-SDRW2100001821.1.1.6,식품 회산데,싶으면 산인데,0.8333333333333334,식품 회산데,식품 회산데,0.0,0.8333333333333334,식품 회산데,5,2,low_info
SD2101728-SDRW2100001821.1.1.224,어,어,0.0,어,어,0.0,0.0,어,1,1,low_info
SD2101728-SDRW2100001823.1.1.278,게임이 재밌으면 보고 있고,게임이 재밌으면 보고 있고,0.0,게임이 재밌으면 보고 있고,게임이 재밌으면 보고 있고,0.0,0.0,게임이 재밌으면 보고 있고,11,4,normal
SD2101728-SDRW2100001823.1.1.70,빠르게 랩 하면 아 쟤 랩스큐럽다 빠르게만 말할 뿐이다 막 이래 갖고,빠르게 랩 하면 아 차 레스크롭다 빠르게만 말할 뿐이다 막 이래 갖고,0.1052631578947368,빠르게 랩 하면 아 쟤 랩스큐럽다 빠르게만 말할 뿐이다 막 이래 갖고,빠르게 랩 하면 아 잘 레스기롭다 빠르게만 말할 뿐이다 막 이래 갖고,0.1052631578947368,0.0,빠르게 랩 하면 아 쟤 랩스큐럽다 빠르게만 말할 뿐이다 막 이래 갖고,27,12,normal
SD2101739-SDRW2100001845.1.1.122,나 저번에 네가 연예인는 안 늙는다 했잖아,나 저번에 네가 연예인 안 늙는다 했잖아,0.0434782608695652,나 저번에 네가 연예인는 안 늙는다 했잖아,나 저번에 네가 연예인들 안 듣는다 했잖아,0.0869565217391304,-0.0434782608695652,나 저번에 네가 연예인는 안 늙는다 했잖아,17,7,normal
SD2101739-SDRW2100001845.1.1.47,그래서 그런 느낌 때문에 다시 정주행을 못 해,그래서 그런 느낌 때문에 다시 정중을 못 하겠어,0.2,그래서 그런 느낌 때문에 다시 정주행을 못 해,그래서 그런 느낌 때문에 다 존중을 못 하어,0.24,-0.0399999999999999,그래서 그런 느낌 때문에 다시 정주행을 못 해,18,8,normal
SD2101746-SDRW2100001857.1.1.104,영상이나 노래 음원이나 이런 것 구하기가 어려워 누가,영상이나 노래 음원이나 이런 거 구하기가 어려워 그리고 누가,0.1724137931034483,영상이나 노래 음원이나 이런 것 구하기가 어려워 누가,영상이나 노래 음원이나 이런 거 구하기가 어려워 누가,0.0344827586206896,0.1379310344827586,영상이나 노래 음원이나 이런 것 구하기가 어려워 누가,22,8,normal
SD2101750-SDRW2100001866.1.1.124,어 나는 원래 활동적인 거를 별로 안 좋아해 가지고,어 나는 원래 활동적인 거를 별로 안 좋아해 가지고,0.0,어 나는 원래 활동적인 거를 별로 안 좋아해 가지고,어 나는 원래 활동적인 거를 별로 안 좋아해 가지고,0.0,0.0,어 나는 원래 활동적인 거를 별로 안 좋아해 가지고,20,9,normal
SD2101750-SDRW2100001868.1.1.118,네가 야구를 보듯이 나도 축구를 되게 진심으로 보는 편인데 그래서 나도,네가 야구를 보듯이 나도 축구를 되게 진심으로 보는 편인데 그래서 나도,0.0,네가 야구를 보듯이 나도 축구를 되게 진심으로 보는 편인데 그래서 나도,네가 야구를 보듯이 나도 축구를 되게 진심으로 보는 편인데 그래서 나도,0.0,0.0,네가 야구를 보듯이 나도 축구를 되게 진심으로 보는 편인데 그래서 나도,29,11,normal
SD2101762-SDRW2100001891.1.1.170,그거 다 남편인 고수 때문에 우선 다 고생한 거긴 한데,그 남편이 그 고수 때문에 우선 다고 생한 거긴 한데,0.2666666666666666,그거 다 남편인 고수 때문에 우선 다 고생한 거긴 한데,그 남편인 그 고수 때문에 우선 다 고생한 거긴 한데,0.1666666666666666,0.1,그거 다 남편인 고수 때문에 우선 다 고생한 거긴 한데,21,10,normal
SD2101762-SDRW2100001891.1.1.208,뭐 스파이더맨이라든가,뭐 스파이더맨이라든가,0.0,뭐 스파이더맨이라든가,뭐 스파이더맨이라든가,0.0,0.0,뭐 스파이더맨이라든가,10,2,low_info
SD2101762-SDRW2100001892.1.1.199,우선은 최대한 하는 거 봐서 7시 전에 들어오는 게 목표야 우선은,우선은 최대한 하는 거 봐서 1시 전에 들어오는 목표야 우선은,0.0833333333333333,우선은 최대한 하는 거 봐서 7시 전에 들어오는 게 목표야 우선은,우선은 최대하는 거 봐서 이 없이 전에 들어오는 게 목표야 우선은,0.1666666666666666,-0.0833333333333333,우선은 최대한 하는 거 봐서 7시 전에 들어오는 게 목표야 우선은,26,11,normal
SD2101769-SDRW2100001907.1.1.149,그래 가지고 내가,그래 가지고 내가,0.0,그래 가지고 내가,그래 가지고 내가,0.0,0.0,그래 가지고 내가,7,3,normal
SD2101771-SDRW2100001909.1.1.107,춤 췄잖아 몰라,춤췄잖아 몰라,0.125,춤 췄잖아 몰라,춤췄잖아 몰라,0.125,0.0,춤 췄잖아 몰라,6,3,normal
SD2101771-SDRW2100001909.1.1.314,음 그럼 다행히다 나는,음 그럼 다행히다 나는,0.0,음 그럼 다행히다 나는,음 그럼 다행히나 나는,0.0833333333333333,-0.0833333333333333,음 그럼 다행히다 나는,9,4,normal
SD2101771-SDRW2100001909.1.1.62,목소리 너무 좋아,목소리 너무 좋아,0.0,목소리 너무 좋아,목소리 너무 좋아,0.0,0.0,목소리 너무 좋아,7,3,normal
SD2101775-SDRW2100001919.1.1.134,꼬치 한 개씩 사 먹으면 그렇게 비싸진 않은데,꼬치 한 개씩 사 먹으면 그렇게 비싸진 않은데,0.0,꼬치 한 개씩 사 먹으면 그렇게 비싸진 않은데,꼬치 한 개씩 사 먹으면 그렇게 비싸진 않은데,0.0,0.0,꼬치 한 개씩 사 먹으면 그렇게 비싸진 않은데,18,8,normal
SD2101787-SDRW2100001941.1.1.58,뭐 더 신경 써야 되는 거 이런 거는 많이 없었어,뭐 더 신경 써야 되는 것 이런 거는 많이 없었어,0.037037037037037,뭐 더 신경 써야 되는 거 이런 거는 많이 없었어,뭐 더 신경 써야 되는 것 이런 거는 많이 없었어,0.037037037037037,0.0,뭐 더 신경 써야 되는 거 이런 거는 많이 없었어,18,10,normal
SD2101793-SDRW2100001955.1.1.64,우리가,우리가,0.0,우리가,우리가,0.0,0.0,우리가,3,1,low_info
SD2101816-SDRW2100001997.1.1.177,첫 째다 보니까 이게 부모님한테 나 일해요 힘들어요 뭐 이렇게 했으면 좋겠어요 라는 얘기를,첫째다 보니까 이게 부모님한테 나 이래요 힘들어요 뭐 이렇게 했으면 좋겠어요라는 얘기를,0.08,첫 째다 보니까 이게 부모님한테 나 일해요 힘들어요 뭐 이렇게 했으면 좋겠어요 라는 얘기를,첫째다 보니까 이게 부모님한테 나 이래요 힘들어요 뭐 이렇게 했으면 좋겠어요라는 얘기를,0.08,0.0,첫 째다 보니까 이게 부모님한테 나 일해요 힘들어요 뭐 이렇게 했으면 좋겠어요 라는 얘기를,37,14,normal
SD2101816-SDRW2100001998.1.1.271,할 수 있는 사람이,할 수 있는 사람이,0.0,할 수 있는 사람이,할 수 있는 사람이,0.0,0.0,할 수 있는 사람이,7,4,normal
SD2101816-SDRW2100001999.1.1.356,근데 단지 이걸 아 이걸 꼭 언제,근데 지 이 아 이걸 꼭 언제,0.1111111111111111,근데 단지 이걸 아 이걸 꼭 언제,그 단지 이걸 아 이걸 꼭 언제,0.1111111111111111,0.0,근데 단지 이걸 아 이걸 꼭 언제,12,7,normal
SD2101819-SDRW2100002007.1.1.108,지금 나는 이제 이런 반복된 실수를 예를 들어 하나는 뭐 불 안 끄고 다니는 거,지금 나는 이제 이런 반복된 실수를 예를 들어 하나하는 이제 뭐 어떻게 불안 끄고 다니는 거,0.1818181818181818,지금 나는 이제 이런 반복된 실수를 예를 들어 하나는 뭐 불 안 끄고 다니는 거,지금 나는 이제 이런 반복된 시스를 예를 들 하나는 이제 뭐 불안고 다니는 거,0.2045454545454545,-0.0227272727272727,지금 나는 이제 이런 반복된 실수를 예를 들어 하나는 뭐 불 안 끄고 다니는 거,30,15,normal
SD2101819-SDRW2100002008.1.1.40,불화가 생기는 일이 생겨선 안 되고,불화가 생기는 일이 생겨서 안 되고,0.0526315789473684,불화가 생기는 일이 생겨선 안 되고,불화가 생기는 일이 생겨선 안 되고,0.0,0.0526315789473684,불화가 생기는 일이 생겨선 안 되고,14,6,normal
SD2101830-SDRW2100002027.1.1.49,지금,지금,0.0,지금,지금,0.0,0.0,지금,2,1,low_info
SD2101848-SDRW2100002061.1.1.148,그거 뭐냐 토요 즐거운 뭔 놀토,그거 뭐냐 토요 즐거운 분 놀토,0.0588235294117647,그거 뭐냐 토요 즐거운 뭔 놀토,그거 뭐냐 토요일 즐거운 분 놀토,0.1176470588235294,-0.0588235294117647,그거 뭐냐 토요 즐거운 뭔 놀토,12,6,normal
SD2101848-SDRW2100002063.1.1.108,얘만 쫓아다니니까 이게 휴가인지가 모르겠더라고,얘만 쫓아 되니까 이게 휴가인지가 모르겠더라고,0.08,얘만 쫓아다니니까 이게 휴가인지가 모르겠더라고,얘만 쫓아다니까 이게 휴가인지가 모르겠더라고,0.04,0.04,얘만 쫓아다니니까 이게 휴가인지가 모르겠더라고,21,5,normal
SD2101848-SDRW2100002064.1.1.100,하는 게 낫지 않,하는 게 낫지 않,0.0,하는 게 낫지 않,하는 게 낫지 않,0.0,0.0,하는 게 낫지 않,6,4,normal
SD2101868-SDRW2100002088.1.1.288,나는 그래서,나는 그래서,0.0,나는 그래서,나는 그래서,0.0,0.0,나는 그래서,5,2,low_info
SD2101881-SDRW2100002108.1.1.67,그런 것도 되게 좋은 것 같아,그런 것도 되게 좋은 것 같아,0.0,그런 것도 되게 좋은 것 같아,그런 것도 되게 좋은 거 같아,0.0625,-0.0625,그런 것도 되게 좋은 것 같아,11,6,normal
SD2101930-SDRW2100002297.1.1.66,맞아 그리고 약간,맞아 그리고 약간,0.0,맞아 그리고 약간,맞아 그리고 약간,0.0,0.0,맞아 그리고 약간,7,3,normal
SD2101960-SDRW2100002329.1.1.45,제가 정말 아픈 병에 걸려서,제가 정말 아픈 병에 걸려서,0.0,제가 정말 아픈 병에 걸려서,제가 정말 아픈 병에 걸려서,0.0,0.0,제가 정말 아픈 병에 걸려서,11,5,normal
SD2101998-SDRW2100002376.1.1.158,그래서 그거 자체가 좀 약간 오만이고 그 사람,그래서 그거 자체가 좀 약간 5만이고 그 사람,0.04,그래서 그거 자체가 좀 약간 오만이고 그 사람,그래서 그거 자체가 좀 약간 5만이고 그 사람,0.04,0.0,그래서 그거 자체가 좀 약간 오만이고 그 사람,18,8,normal
SD2102035-SDRW2100002414.1.1.196,나도 윤스테이 봤는데,나도 윤스타에 봤는데,0.1818181818181818,나도 윤스테이 봤는데,나도 윤스타에 봤는데,0.1818181818181818,0.0,나도 윤스테이 봤는데,9,3,normal
SD2102040-SDRW2100002422.1.1.238,나도 그 에밀리 파리에 가다에 나오는,나도 그 에밀리 파리에가 나이 나오는,0.2,나도 그 에밀리 파리에 가다에 나오는,나도 그 에밀리 파리에가 나에 나오는,0.15,0.05,나도 그 에밀리 파리에 가다에 나오는,15,6,normal
SD2102040-SDRW2100002422.1.1.262,생각보다 있다고 느꼈어,생각보다 있다고 느꼈어,0.0,생각보다 있다고 느꼈어,생각보다 있다고 느꼈어,0.0,0.0,생각보다 있다고 느꼈어,10,3,normal
SD2102040-SDRW2100002424.1.1.70,그럴 때 막 뉴스 댓글에서,그럴 때 막 뉴스 댓글에서,0.0,그럴 때 막 뉴스 댓글에서,그럴 때 막 뉴스 댓글에서,0.0,0.0,그럴 때 막 뉴스 댓글에서,10,5,normal
SD2102042-SDRW2100002425.1.1.176,그럼 펫 숍에서 반려동물을 데려오는 건,그런 펫숍에서 반려동물을 데려오는 건,0.0952380952380952,그럼 펫 숍에서 반려동물을 데려오는 건,그런 펫 숍에서 반려동물을 데려오는 건,0.0476190476190476,0.0476190476190476,그럼 펫 숍에서 반려동물을 데려오는 건,16,6,normal
SD2102042-SDRW2100002427.1.1.192,이제 얼굴도 선명하게 드러나고,이제 얼굴도 선명하게 드러나고,0.0,이제 얼굴도 선명하게 드러나고,이제 얼굴도 선명하게 드러나고,0.0,0.0,이제 얼굴도 선명하게 드러나고,13,4,normal
SD2102043-SDRW2100002425.1.1.104,동 발 그러니까 동물들이,동 발 그러니까 동물들이,0.0,동 발 그러니까 동물들이,동 발 그러니까 동물들이,0.0,0.0,동 발 그러니까 동물들이,10,4,normal
SD2102043-SDRW2100002427.1.1.162,시시 티브이 서울에 있는,시시 티브이 서울에 있는,0.0,시시 티브이 서울에 있는,시시 티브이 서울에 있는,0.0,0.0,시시 티브이 서울에 있는,10,4,normal
SD2102044-SDRW2100002426.1.1.315,특히 언니한테 이게 되게,특히 언니한테 이게 되게,0.0,특히 언니한테 이게 되게,특히 언니한테 이게 되게,0.0,0.0,특히 언니한테 이게 되게,10,4,normal
SD2102055-SDRW2100002245.1.1.237,딱히 그런,딱히 그런,0.0,딱히 그런,딱히 그런,0.0,0.0,딱히 그런,4,2,low_info
SD2102085-SDRW2100002494.1.1.151,그래서 광주 콘서트 중에서,그래서 광주 콘서트 중에서,0.0,그래서 광주 콘서트 중에서,그래서 광주 콘서트 중에서,0.0,0.0,그래서 광주 콘서트 중에서,11,4,normal
SD2102085-SDRW2100002496.1.1.40,그리고 그 보통 애완견,그리고 그 보통 애완견,0.0,그리고 그 보통 애완견,그리고 그 보통 애완견,0.0,0.0,그리고 그 보통 애완견,9,4,normal
SD2102094-SDRW2100002521.1.1.141,그렇지 나는 특히 쇼핑을 할 때,그렇지 나는 특히 쇼핑을 할 때,0.0,그렇지 나는 특히 쇼핑을 할 때,그렇지 나는 특히 쇼핑을 할 때,0.0,0.0,그렇지 나는 특히 쇼핑을 할 때,12,6,normal
SD2102094-SDRW2100002522.1.1.39,이번에 이 스포츠가,이번에 이 스포츠가,0.0,이번에 이 스포츠가,이번에 이 스포츠가,0.0,0.0,이번에 이 스포츠가,8,3,normal
SD2102095-SDRW2100002521.1.1.84,그냥 그런 것처럼,야 그런 것처럼,0.2222222222222222,그냥 그런 것처럼,내가 그런 것처럼,0.2222222222222222,0.0,그냥 그런 것처럼,7,3,normal
SD2102095-SDRW2100002522.1.1.27,너는 그 이 스포츠 얼마나 자주 해,너는 그 이스포츠 얼마나 자주 해,0.0526315789473684,너는 그 이 스포츠 얼마나 자주 해,너는 그 이스포츠 얼마나 자주 해,0.0526315789473684,0.0,너는 그 이 스포츠 얼마나 자주 해,13,7,normal
SD2102095-SDRW2100002522.1.1.318,뭐 수영도 그렇고,뭐 수영도 그렇고,0.0,뭐 수영도 그렇고,뭐 수영도 그렇고,0.0,0.0,뭐 수영도 그렇고,7,3,normal
SD2102095-SDRW2100002523.1.1.300,아 자꾸 말이 나오는 게 그 안정성 문젠데,아 그 말이 나오는 게 그 안정성 문제인데,0.1739130434782608,아 자꾸 말이 나오는 게 그 안정성 문젠데,조금 말이 나오는 게 그 안정성 문제인데,0.2608695652173913,-0.0869565217391304,아 자꾸 말이 나오는 게 그 안정성 문젠데,16,8,normal
SD2102107-SDRW2100004217.1.1.232,그런 것도 찾아 듣기도 하고,그런 것도 찾아 듣기도 하고,0.0,그런 것도 찾아 듣기도 하고,그런 것도 찾아 듣기도 하고,0.0,0.0,그런 것도 찾아 듣기도 하고,11,5,normal
SD2102107-SDRW2100004220.1.1.2,그런 걸로 되게 성향도 잘 파악하고,그런 걸로 되게 성향도 잘 파악하고,0.0,그런 걸로 되게 성향도 잘 파악하고,그런 걸로 되게 성향도 잘 파악하고,0.0,0.0,그런 걸로 되게 성향도 잘 파악하고,14,6,normal
SD2102124-SDRW2100004227.1.1.262,압력 차이도 나기 날테고 내가 그렇게 힘이 세지 않아 그래서,압력 차이도 나들이 날 테고 내가 그렇게 힘이 쓰지 않아 그래서,0.1212121212121212,압력 차이도 나기 날테고 내가 그렇게 힘이 세지 않아 그래서,압력 차이도 나 날 테고 내가 그렇게 힘이 쓰지 않아 그래서,0.0909090909090909,0.0303030303030303,압력 차이도 나기 날테고 내가 그렇게 힘이 세지 않아 그래서,24,10,normal
SD2102128-SDRW2100004232.1.1.180,그렇지 어느 날은 스트레스가 쌓이니까,그렇지 어느 날은 스트레스가 쌓이니까,0.0,그렇지 어느 날은 스트레스가 쌓이니까,그렇지 어느 날은 스트레스가 쌓이니까,0.0,0.0,그렇지 어느 날은 스트레스가 쌓이니까,16,5,normal
SD2102131-SDRW2100004322.1.1.110,내가 학교 이메일이 없어서,내가 학교 이메일이 없어서,0.0,내가 학교 이메일이 없어서,내가 학교 이메일이 없어서,0.0,0.0,내가 학교 이메일이 없어서,11,4,normal
SD2102131-SDRW2100004322.1.1.158,아이패드가 구매하고 싶어졌데,아이패드가 구매하고 싶어졌대,0.0666666666666666,아이패드가 구매하고 싶어졌데,아이패드가 구매하고 싶어졌대,0.0666666666666666,0.0,아이패드가 구매하고 싶어졌데,13,3,normal
SD2102131-SDRW2100004323.1.1.9,깻잎을 떼어주면 어떤 거 같아,깻잎을 떼어 주면 어떤 거 같아,0.0625,깻잎을 떼어주면 어떤 거 같아,깻잎을 떼어 주면 어떤 거 같아,0.0625,0.0,깻잎을 떼어주면 어떤 거 같아,12,5,normal
SD2102142-SDRW2100004271.1.1.39,방사능 폐기물 처리 그런 게 좀 번거롭고,방사능 폐기물 처리 그런 게 좀 번거롭고,0.0,방사능 폐기물 처리 그런 게 좀 번거롭고,방사능 폐기물 처리 그런 게 좀 번거롭고,0.0,0.0,방사능 폐기물 처리 그런 게 좀 번거롭고,16,7,normal
SD2102152-SDRW2100003909.1.1.72,내 나름대로 또 그게 좀 와닿았더라고,내 나름대로 또 그게 좀 와닿더라고,0.05,내 나름대로 또 그게 좀 와닿았더라고,내 나름대로 또 그것이 좀 와닿았더라고,0.1,-0.05,내 나름대로 또 그게 좀 와닿았더라고,15,6,normal
SD2102161-SDRW2100003971.1.1.154,음 맞아,응 맞아,0.25,음 맞아,응 맞아,0.25,0.0,음 맞아,3,2,low_info
SD2102163-SDRW2100003974.1.1.408,이제 지옥 같다고 이제 지옥철이라고 얘기를 하는데 이제,이제 지역 같다고 이제 지옥철이라고 얘기를 하는데 이제,0.0333333333333333,이제 지옥 같다고 이제 지옥철이라고 얘기를 하는데 이제,이제 지옥 갔다고 이제 지옥철이라고 얘기를 하는데 이제,0.0333333333333333,0.0,이제 지옥 같다고 이제 지옥철이라고 얘기를 하는데 이제,23,8,normal
SD2102167-SDRW2100002961.1.1.248,근데 간호사도 뭐,근데 간호사도 뭐,0.0,근데 간호사도 뭐,근데 간호사도 뭐,0.0,0.0,근데 간호사도 뭐,7,3,normal
SD2102167-SDRW2100002962.1.1.279,그래서 쇼핑할 때에서도,그래서 쇼핑할 때에서도,0.0,그래서 쇼핑할 때에서도,그래서 쇼핑할 때에서도,0.0,0.0,그래서 쇼핑할 때에서도,10,3,normal
SD2102167-SDRW2100002962.1.1.33,휴대폰에 대한 기기 값에 대한 부담보다는 솔직히 요금제에 대한 부담이 많지,휴대폰에 대한 기기값에 대한 부담보다는 솔직히 요금제에 대한 부담이 많지,0.024390243902439,휴대폰에 대한 기기 값에 대한 부담보다는 솔직히 요금제에 대한 부담이 많지,휴대폰에 대한 기기값에 대한 부담보다는 솔직히 요금제에 대한 부담이 많지,0.024390243902439,0.0,휴대폰에 대한 기기 값에 대한 부담보다는 솔직히 요금제에 대한 부담이 많지,31,11,normal
SD2102183-SDRW2100003887.1.1.190,그 부분에서도 그냥 아무거나 해야 하나,그 부분에서도 그냥 아무거나 해야 하나,0.0,그 부분에서도 그냥 아무거나 해야 하나,그 부분에서도 그냥 안 무거나 해야 하나,0.0952380952380952,-0.0952380952380952,그 부분에서도 그냥 아무거나 해야 하나,16,6,normal
SD2102183-SDRW2100003888.1.1.93,관심이나,관심이나,0.0,관심이나,관심이나,0.0,0.0,관심이나,4,1,low_info
SD2102188-SDRW2100003892.1.1.207,이제 어떤 식으로 하고 싶어 뭐 월세 뭐 매매 이런 게 있잖아,이제 어떤 식으로 하고 싶어 뭐 월세 뭐 매매 이런 게 있잖아,0.0,이제 어떤 식으로 하고 싶어 뭐 월세 뭐 매매 이런 게 있잖아,이제 어떤 식으로 하고 싶어 뭐 월세 뭐 매매 이런 게 있잖아,0.0,0.0,이제 어떤 식으로 하고 싶어 뭐 월세 뭐 매매 이런 게 있잖아,23,12,normal
SD2102194-SDRW2100003982.1.1.61,눈물을 흘린 적이 있거든,눈물을 흘린 적이 있거든,0.0,눈물을 흘린 적이 있거든,눈물을 흘린 적이 있거든,0.0,0.0,눈물을 흘린 적이 있거든,10,4,normal
SD2102194-SDRW2100003983.1.1.279,우리 삼촌만 항상 오시고,우리 삼촌만 항상 오시고,0.0,우리 삼촌만 항상 오시고,우리 삼촌만 항상 오시고,0.0,0.0,우리 삼촌만 항상 오시고,10,4,normal
SD2102200-SDRW2100003996.1.1.254,법으로 할 필욘 없지,법으로 할 필요 없지,0.0909090909090909,법으로 할 필욘 없지,법으로 할 필요 없지,0.0909090909090909,0.0,법으로 할 필욘 없지,8,4,normal
SD2102216-SDRW2100002863.1.1.148,물론 서울로 취직 안 하고 다른 데로 취직했으면은 상관없겠지만 대부분,물론 서울로 취직하고 다른 데로 취직했으면은 상관없겠지만 대부분,0.0789473684210526,물론 서울로 취직 안 하고 다른 데로 취직했으면은 상관없겠지만 대부분,물론 서울로 취직하다고 다른 데로 취직했으면은 상관없겠지만 대부분,0.1052631578947368,-0.0263157894736841,물론 서울로 취직 안 하고 다른 데로 취직했으면은 상관없겠지만 대부분,29,10,normal
SD2102216-SDRW2100002863.1.1.333,모든 대학생의 로망이잖아,모든 대학생이 로망이잖아,0.0769230769230769,모든 대학생의 로망이잖아,모든 대학생의 로망이잖아,0.0,0.0769230769230769,모든 대학생의 로망이잖아,11,3,normal
SD2102216-SDRW2100002864.1.1.98,잘못된 정보가 아니라 악의적으로 그거를,잘못된 정보가 아니라 악의적으로 그거를,0.0,잘못된 정보가 아니라 악의적으로 그거를,잘못된 정보가 아니라 악의적으로 그거를,0.0,0.0,잘못된 정보가 아니라 악의적으로 그거를,17,5,normal
SD2102217-SDRW2100002861.1.1.182,그래도 우선은,그래도 우선은,0.0,그래도 우선은,그래도 우선은,0.0,0.0,그래도 우선은,6,2,low_info
SD2102217-SDRW2100002862.1.1.185,블랙핑크도 한번 찾아볼게,블랙핑도 한번 찾아볼게,0.0769230769230769,블랙핑크도 한번 찾아볼게,블랙핑도도 한번 찾아볼게,0.0769230769230769,0.0,블랙핑크도 한번 찾아볼게,11,3,normal
SD2102231-SDRW2100002889.1.1.264,타고 다녀서 그랬나,타고 다녀서 그랬나,0.0,타고 다녀서 그랬나,타고 다녀서 그랬나,0.0,0.0,타고 다녀서 그랬나,8,3,normal
SD2102231-SDRW2100002890.1.1.168,이거를 근데 좀,이거를 근데 좀,0.0,이거를 근데 좀,이거를 근데 좀,0.0,0.0,이거를 근데 좀,6,3,normal
SD2102231-SDRW2100002891.1.1.671,느낌도 달라지고,느낌도 달라지고,0.0,느낌도 달라지고,느낌도 달라지고,0.0,0.0,느낌도 달라지고,7,2,low_info
SD2102231-SDRW2100002892.1.1.35,결혼식을 갔던 게,결혼식을 갔던 게,0.0,결혼식을 갔던 게,결혼식을 갔던 게,0.0,0.0,결혼식을 갔던 게,7,3,normal
SD2102237-SDRW2100002913.1.1.192,근데 면목역에서 건대까지 금방 오잖아요 7호선 타면,근데 몇 명 구에서 간대까지 금방 오잖아 7호선 타면,0.25,근데 면목역에서 건대까지 금방 오잖아요 7호선 타면,근데 몇 명구에서 건대까지 금방 오잖아요 7호선 타면,0.1428571428571428,0.1071428571428572,근데 면목역에서 건대까지 금방 오잖아요 7호선 타면,22,7,normal
SD2102237-SDRW2100002914.1.1.327,그리고 절하는 것도,그리고 절하는 것도,0.0,그리고 절하는 것도,그리고 절하는 것도,0.0,0.0,그리고 절하는 것도,8,3,normal
SD2102237-SDRW2100002915.1.1.251,안 되니까,안 되니까,0.0,안 되니까,안 되니까,0.0,0.0,안 되니까,4,2,low_info
SD2102253-SDRW2100002809.1.1.12,투자에 적극적으로 참여를 하고 있지는 않은 상황인 거 같아,투자의 적극적으로 참여를 하고 있진 않은 상황인 거 같아,0.09375,투자에 적극적으로 참여를 하고 있지는 않은 상황인 거 같아,투자에 적극적으로 참여를 하고 있지 않은 상황인 거 같아,0.03125,0.0625,투자에 적극적으로 참여를 하고 있지는 않은 상황인 거 같아,24,9,normal
SD2102253-SDRW2100002810.1.1.329,구입할 의향이 있으면 그 사이트에서,구입할 의향이 있으면 그 사이트에서,0.0,구입할 의향이 있으면 그 사이트에서,구입할 의향이 있으면 그 사이트에서,0.0,0.0,구입할 의향이 있으면 그 사이트에서,15,5,normal
SD2102253-SDRW2100002810.1.1.348,가격,가격,0.0,가격,가격,0.0,0.0,가격,2,1,low_info
SD2102253-SDRW2100002811.1.1.243,으응,음,1.0,으응,으응,0.0,1.0,으응,2,1,low_info
SD2102281-SDRW2100002744.1.1.326,어 이런 것들도 계속 점점 많이 발전하고 있잖아,어 이런 것들도 계속 점점 많이 발전하고 있잖아,0.0,어 이런 것들도 계속 점점 많이 발전하고 있잖아,어 이런 것들도 계속 점점 많이 발전하고 있잖아,0.0,0.0,어 이런 것들도 계속 점점 많이 발전하고 있잖아,19,8,normal
SD2102297-SDRW2100004434.1.1.343,마음 맞는 집으로 간 게 지금 집이거든,마음 맞는 집으로 간 게 지금 집이거든,0.0,마음 맞는 집으로 간 게 지금 집이거든,마음 맞는 집으로 간 게 지금 집이거든,0.0,0.0,마음 맞는 집으로 간 게 지금 집이거든,15,7,normal
SD2102298-SDRW2100004371.1.1.61,맞아 그리고 울산은 대체 할 수 있는 게 진짜 없음,맞아 그리고 울산은 대체할 수 있는 게 진짜 없어,0.0714285714285714,맞아 그리고 울산은 대체 할 수 있는 게 진짜 없음,맞아 그리고 울산은 대체할 수 있는 게 진짜 없어요,0.1071428571428571,-0.0357142857142857,맞아 그리고 울산은 대체 할 수 있는 게 진짜 없음,19,10,normal
SD2102356-SDRW2100004429.1.1.117,갔으면 하는데,갔으면 하는데,0.0,갔으면 하는데,갔으면 하는데,0.0,0.0,갔으면 하는데,6,2,low_info
SD2102356-SDRW2100004429.1.1.96,이런 운동은,이런 운동은,0.0,이런 운동은,이런 운동은,0.0,0.0,이런 운동은,5,2,low_info
SD2102356-SDRW2100004430.1.1.125,그거 돋워야 되지 이러면 경비도 많이 들어 갖고,그 도다이 돼지 이러면 겸비도 많이 들어 갖고,0.2307692307692307,그거 돋워야 되지 이러면 경비도 많이 들어 갖고,그 도와야 되지 이러면 경비도 많이 들어 갖고,0.1153846153846153,0.1153846153846154,그거 돋워야 되지 이러면 경비도 많이 들어 갖고,19,8,normal
SD2102356-SDRW2100004432.1.1.76,나도 이 뭐 공기업에서 이 평생 그랬고 그분은 또 공무원,나도 뭐 공기업에서 평생 거 있고 그분을 또 공무원,0.2580645161290322,나도 이 뭐 공기업에서 이 평생 그랬고 그분은 또 공무원,나도 뭐 공기업에 대해서 이 평시 거 있고 그분을 또 공무원,0.3225806451612903,-0.0645161290322581,나도 이 뭐 공기업에서 이 평생 그랬고 그분은 또 공무원,22,10,normal
SD2102387-SDRW2100004329.1.1.338,스스로 이제 내가 뭔가를 일궈나간다라는 거 얘기하는 거 맞지,스스로 이제 내가 뭔가를 일어 나간다라는 거 얘기하는 거 맞지,0.0606060606060606,스스로 이제 내가 뭔가를 일궈나간다라는 거 얘기하는 거 맞지,스스로 이제 내가 뭔가를 읽어 나간다라는 거 얘기하는 거 맞지,0.0909090909090909,-0.0303030303030302,스스로 이제 내가 뭔가를 일궈나간다라는 거 얘기하는 거 맞지,25,9,normal
SD2102387-SDRW2100004332.1.1.94,어 맞아 나도,어 맞아 나도,0.0,어 맞아 나도,어 맞아 나도,0.0,0.0,어 맞아 나도,5,3,low_info
SD2102388-SDRW2100004329.1.1.309,그냥 처음부터,그냥 처음부터,0.0,그냥 처음부터,그냥 처음부터,0.0,0.0,그냥 처음부터,6,2,low_info
SD2102388-SDRW2100004332.1.1.326,버스보다는 이제 장거리 같은 경우는,버스보다는 이제 장거리 같은 경우는,0.0,버스보다는 이제 장거리 같은 경우는,버스보다는 이제 장거리 같은 경우는,0.0,0.0,버스보다는 이제 장거리 같은 경우는,15,5,normal
SD2102409-SDRW2100004381.1.1.359,아들 아들 해서 나는 그것이 항상 한이 맺혔거든,아들 아들 해서 나는 그게 항상 한입에 있었거든,0.2307692307692307,아들 아들 해서 나는 그것이 항상 한이 맺혔거든,아들 아들 해서 나는 그게 항상 한입을 쳤거든,0.2307692307692307,0.0,아들 아들 해서 나는 그것이 항상 한이 맺혔거든,19,8,normal
SD2102409-SDRW2100004381.1.1.360,근데 아빠는 뭐 아들도 많고 그래서 상관없어,아빠는 뭐 아들도 많고 그래서 상관없어,0.125,근데 아빠는 뭐 아들도 많고 그래서 상관없어,근데 아빠는 뭐 아들도 많고 그래서 상관없어,0.0,0.125,근데 아빠는 뭐 아들도 많고 그래서 상관없어,18,7,normal
SD2102409-SDRW2100004384.1.1.162,싸이월드 그런 거,싸이월드 그런 거,0.0,싸이월드 그런 거,싸이월드 그런 거,0.0,0.0,싸이월드 그런 거,7,3,normal
SD2102409-SDRW2100004384.1.1.17,나 요즘 노래 안 들어 이러는 거야 그래서,나 요즘 노래 안 들어가 이러는 거야,0.217391304347826,나 요즘 노래 안 들어 이러는 거야 그래서,나 요즘 노래 안 들어가 이러는 거야,0.217391304347826,0.0,나 요즘 노래 안 들어 이러는 거야 그래서,16,8,normal
SD2102409-SDRW2100004384.1.1.18,너 요즘 텔레비전 보잖아 그랬더니,너 요즘 트레이브잖아 아니,0.4444444444444444,너 요즘 텔레비전 보잖아 그랬더니,너 요즘 트레이 보잖아 해 돼,0.3888888888888889,0.0555555555555555,너 요즘 텔레비전 보잖아 그랬더니,14,5,normal
SD2102409-SDRW2100004384.1.1.304,근데 난 지금도 팝송을 하나도 다 외우는 것이 없어,그냥 난 지금도 팝송을 하나도 다 의외는 게 없어,0.2142857142857142,근데 난 지금도 팝송을 하나도 다 외우는 것이 없어,그래서 난 지금도 팝송을 하나도 다 외우는 게 없어,0.1785714285714285,0.0357142857142857,근데 난 지금도 팝송을 하나도 다 외우는 것이 없어,20,9,normal
SD2103010-SDRW2100003017.1.1.218,나중에라도 말할 수 있는 거잖아,나중에라도 말할 수 있는 거잖아,0.0,나중에라도 말할 수 있는 거잖아,나중에라도 말할 수 있는 거잖아,0.0,0.0,나중에라도 말할 수 있는 거잖아,13,5,normal
SD2103010-SDRW2100003018.1.1.291,근데 뭐 버스로 한 번에 간다,근데 뭐 버스를 한 번에 간다,0.0625,근데 뭐 버스로 한 번에 간다,근데 뭐 버스를 한 번에 간다,0.0625,0.0,근데 뭐 버스로 한 번에 간다,11,6,normal
SD2103010-SDRW2100003019.1.1.240,알바 하는 언니가 경주를 갔다 왔는데,알바는 언니가 경주를 갔다 왔는데,0.1,알바 하는 언니가 경주를 갔다 왔는데,알바는 언니가 경주를 갔다 왔는데,0.1,0.0,알바 하는 언니가 경주를 갔다 왔는데,15,6,normal
SD2103010-SDRW2100003019.1.1.247,그래서 경주를 가고 싶다는 생각을 했지 속초도 가 본 적이 없고,그래서 경주를 가고 싶다는 생각을 했지 속초도 가 본 적이 없고,0.0,그래서 경주를 가고 싶다는 생각을 했지 속초도 가 본 적이 없고,그래서 경주를 가고 싶다는 생각을 했지 속초도 가 본 적이 없고,0.0,0.0,그래서 경주를 가고 싶다는 생각을 했지 속초도 가 본 적이 없고,25,11,normal
SD2103014-SDRW2100003028.1.1.101,그러는데 당신은 그냥 멋있지가 않은가 봐,그러는데 당신은 그냥 멋있지가 않은가 봐,0.0,그러는데 당신은 그냥 멋있지가 않은가 봐,그러는데 당신은 그냥 멋있지가 않은가 봐,0.0,0.0,그러는데 당신은 그냥 멋있지가 않은가 봐,17,6,normal
SD2103016-SDRW2100003032.1.1.215,그,그,0.0,그,그,0.0,0.0,그,1,1,low_info
SD2103036-SDRW2100003069.1.1.60,가려졌어,가려졌어,0.0,가려졌어,가려졌어,0.0,0.0,가려졌어,4,1,low_info
SD2103036-SDRW2100003071.1.1.58,어 그 집도 내가 언니를 데리고 갔었지,어 그 집도 내가 언닐 데리고 갔었지,0.0952380952380952,어 그 집도 내가 언니를 데리고 갔었지,어 그 집도 내가 언니 데리고 갔었지,0.0476190476190476,0.0476190476190476,어 그 집도 내가 언니를 데리고 갔었지,15,7,normal
SD2103036-SDRW2100003072.1.1.97,응,음,1.0,응,응,0.0,1.0,응,1,1,low_info
SD2103040-SDRW2100003077.1.1.185,또 뿌리 깊게 박혀있었거든,또 뿌리 깊게 박혀 있었거든,0.0714285714285714,또 뿌리 깊게 박혀있었거든,또 뿌리 깊게 박혀 있었거든,0.0714285714285714,0.0,또 뿌리 깊게 박혀있었거든,11,4,normal
SD2103040-SDRW2100003078.1.1.143,도 있는 것 같고,또 있는 거 같고,0.2222222222222222,도 있는 것 같고,또 있는 거 같고,0.2222222222222222,0.0,도 있는 것 같고,6,4,normal
SD2103040-SDRW2100003079.1.1.303,뭐 기본적으로 짜장면 탕수육,뭐 기본적으로 짜장면 탕수육,0.0,뭐 기본적으로 짜장면 탕수육,뭐 기본적으로 짜장면 탕수육,0.0,0.0,뭐 기본적으로 짜장면 탕수육,12,4,normal
SD2103048-SDRW2100003094.1.1.279,응 타 보긴 했는데 그걸 기차를 활용해서,응 타 보긴 했는데 그걸 기차를 활용해서,0.0,응 타 보긴 했는데 그걸 기차를 활용해서,응 타 보긴 했는데 그걸 기차를 활용해서,0.0,0.0,응 타 보긴 했는데 그걸 기차를 활용해서,16,7,normal
SD2103054-SDRW2100003106.1.1.91,부 부평구청에서 버스 타고 갔었어,그 부평 구청에서 버스 타고 갔었어,0.1111111111111111,부 부평구청에서 버스 타고 갔었어,그 부평 구청에서 버스 타고 갔었어,0.1111111111111111,0.0,부 부평구청에서 버스 타고 갔었어,14,5,normal
SD2103061-SDRW2100003121.1.1.117,옛날 노래도 많이 들어,옛날 노래도 많이 들어,0.0,옛날 노래도 많이 들어,옛날 노래도 많이 들어,0.0,0.0,옛날 노래도 많이 들어,9,4,normal
SD2103061-SDRW2100003121.1.1.16,어 너 한요한의 반복 알아,어 너 한요한에 반복 알아,0.0714285714285714,어 너 한요한의 반복 알아,어 너 한류 안에 반복 알아,0.2857142857142857,-0.2142857142857143,어 너 한요한의 반복 알아,10,5,normal
SD2103062-SDRW2100003123.1.1.183,나는 지금 보는 중이야,나는 지금 보는 중이야,0.0,나는 지금 보는 중이야,나는 지금 보는 중이야,0.0,0.0,나는 지금 보는 중이야,9,4,normal
SD2103077-SDRW2100003153.1.1.133,그거 물려 입어요,그거 물려 입어요,0.0,그거 물려 입어요,그거 물려 입어요,0.0,0.0,그거 물려 입어요,7,3,normal
SD2103077-SDRW2100003156.1.1.25,요새 그거에 편리성을 좀 많이 느끼고 있거든요,요새 그거의 편리성을 좀 많이 느끼고 있거든요,0.04,요새 그거에 편리성을 좀 많이 느끼고 있거든요,요새 그거에 편리성을 좀 많이 느끼고 있거든요,0.0,0.04,요새 그거에 편리성을 좀 많이 느끼고 있거든요,19,7,normal
SD2103084-SDRW2100003166.1.1.194,기분이 좋아할 사람은 없지,기분들이 좋아할 사람은 없지,0.0714285714285714,기분이 좋아할 사람은 없지,기분이 좋아할 사람은 없지,0.0,0.0714285714285714,기분이 좋아할 사람은 없지,11,4,normal
SD2103084-SDRW2100003168.1.1.198,이세돌 구단이 바둑을 뒀었던 게,이세돌 구단이 바둑을 뒀었던 게,0.0,이세돌 구단이 바둑을 뒀었던 게,이세돌 구단이 바둑을 더 썼던 게,0.1764705882352941,-0.1764705882352941,이세돌 구단이 바둑을 뒀었던 게,13,5,normal
SD2103087-SDRW2100003173.1.1.335,그거 보고 있으면,그거 보고 있으면,0.0,그거 보고 있으면,그거 보고 있으면,0.0,0.0,그거 보고 있으면,7,3,normal
SD2103096-SDRW2100003190.1.1.113,그렇지 누나가 이제,그렇지 누나가 이제,0.0,그렇지 누나가 이제,그렇지 누나가 이제,0.0,0.0,그렇지 누나가 이제,8,3,normal
SD2103096-SDRW2100003191.1.1.101,간단하게 막 피크닉을 즐길 거다,간단하게 뭐 피크닉을 즐길 거다,0.0588235294117647,간단하게 막 피크닉을 즐길 거다,간단하게 뭐 피크닉을 즐길 거다,0.0588235294117647,0.0,간단하게 막 피크닉을 즐길 거다,13,5,normal
SD2103096-SDRW2100003191.1.1.105,샀으면 좋겠는데,샀었으면 좋겠었는데,0.25,샀으면 좋겠는데,샀으면 좋겠는데,0.0,0.25,샀으면 좋겠는데,7,2,low_info
SD2103105-SDRW2100003209.1.1.234,라서 여기 저기 투자하는 건 가치가 더 좋은 거 같아,라서 여기 쪽에 투자하는 건 가치가 더 좋은 거 같아,0.0689655172413793,라서 여기 저기 투자하는 건 가치가 더 좋은 거 같아,라서 여기 쪽에 투자하는 건 가치가 더 좋은 거 같아,0.0689655172413793,0.0,라서 여기 저기 투자하는 건 가치가 더 좋은 거 같아,20,10,normal
SD2103108-SDRW2100003215.1.1.116,몇몇 내가 좀 선호하는,몇 명 내가 좀 선호하는,0.1666666666666666,몇몇 내가 좀 선호하는,몇몇 내가 좀 선호하는,0.0,0.1666666666666666,몇몇 내가 좀 선호하는,9,4,normal
SD2103108-SDRW2100003216.1.1.112,그렇게까지 하면은 진짜 이것이,그렇게까지 하면은 진짜 이게,0.125,그렇게까지 하면은 진짜 이것이,그렇게까지 하면은 진짜 이것이,0.0,0.125,그렇게까지 하면은 진짜 이것이,13,4,normal
SD2103108-SDRW2100003216.1.1.239,인 거 같아,인 거 같아,0.0,인 거 같아,인 거 같아,0.0,0.0,인 거 같아,4,3,low_info
SD2103109-SDRW2100003219.1.1.10,유튜브 이런 거는 잘 찾아 보지도 않았는데,유튜브 이런 거는 잘 찾아보진 않았는데,0.1304347826086956,유튜브 이런 거는 잘 찾아 보지도 않았는데,유튜브 이런 거는 잘 찾아보지 않았는데,0.0869565217391304,0.0434782608695651,유튜브 이런 거는 잘 찾아 보지도 않았는데,17,7,normal
SD2103501-SDRW2100003501.1.1.375,어 뭐였지 어글리였나 어글리 말고,어 뭐였지 어글리였나 어글리 말고,0.0,어 뭐였지 어글리였나 어글리 말고,어 뭐였지 어글리였나 어글리 말고,0.0,0.0,어 뭐였지 어글리였나 어글리 말고,14,5,normal
SD2103501-SDRW2100003503.1.1.136,다쳤구먼,다쳤구먼,0.0,다쳤구먼,다쳤구먼,0.0,0.0,다쳤구먼,4,1,low_info
SD2103508-SDRW2100003514.1.1.247,하고 이제,하고 이제,0.0,하고 이제,하고 이제,0.0,0.0,하고 이제,4,2,low_info
SD2103514-SDRW2100003528.1.1.10,그렇지 결혼 나는 결혼을 안 할 거거든,그렇지 결혼 나는 결혼을 안 할 거거든,0.0,그렇지 결혼 나는 결혼을 안 할 거거든,그렇지 결혼 나는 결혼을 안 할 거거든,0.0,0.0,그렇지 결혼 나는 결혼을 안 할 거거든,15,7,normal
SD2103550-SDRW2100003597.1.1.152,내가 가 줄 테니까 같이,내가 가 줄 테가 같이,0.1538461538461538,내가 가 줄 테니까 같이,내가 가져올 때가 같이,0.3846153846153846,-0.2307692307692307,내가 가 줄 테니까 같이,9,5,normal
SD2103571-SDRW2100003641.1.1.140,그래서 companyname2만 보고,그래서 companyname1 한번 보고,0.2,그래서 companyname2만 보고,그래서 companyname1만 보고,0.05,0.15,그래서 companyname2만 보고,18,3,normal
SD2103571-SDRW2100003642.1.1.97,삼성페이 나 깔려 있는데,삼성페이나 깔려 있는데,0.0769230769230769,삼성페이 나 깔려 있는데,삼성페이나 깔려 있는데,0.0769230769230769,0.0,삼성페이 나 깔려 있는데,10,4,normal
SD2103571-SDRW2100003644.1.1.155,항 항상 컴플레인을 걸거야 이거 왜 이랬냐,항 항상 컴플레인을 걸 거야 이 왜 이랬냐,0.0869565217391304,항 항상 컴플레인을 걸거야 이거 왜 이랬냐,항 항상 컴플레인에 걸 거야 이 왜 이랬냐,0.1304347826086956,-0.0434782608695651,항 항상 컴플레인을 걸거야 이거 왜 이랬냐,17,7,normal
SD2103579-SDRW2100003658.1.1.28,아 흑룡강상 안에 이제 목당강,아 흑용 관상 안에 이제 목당강,0.1875,아 흑룡강상 안에 이제 목당강,아 흑룡 광사 안에 이제 목단가,0.3125,-0.125,아 흑룡강상 안에 이제 목당강,12,5,normal
SD2103579-SDRW2100003658.1.1.287,그런 생각을 하는데 그 뭐 가끔씩 후회,그런 생각을 하는데 뭐 가끔 씩 후에,0.1904761904761904,그런 생각을 하는데 그 뭐 가끔씩 후회,그런 생각을 하는데 그 뭐 가끔씩 후에,0.0476190476190476,0.1428571428571428,그런 생각을 하는데 그 뭐 가끔씩 후회,15,7,normal
SD2103579-SDRW2100003658.1.1.95,어 유명한 반찬,어 유명한 반찬,0.0,어 유명한 반찬,어 유명한 반찬,0.0,0.0,어 유명한 반찬,6,3,normal
SD2103583-SDRW2100003665.1.1.72,가는 데만 거의 2시간 걸리잖아,가는 데만 거의 두 시간 걸리잖아,0.1176470588235294,가는 데만 거의 2시간 걸리잖아,가는 데만 거의 두 시간 걸리잖아,0.1176470588235294,0.0,가는 데만 거의 2시간 걸리잖아,13,5,normal
SD2103583-SDRW2100003666.1.1.199,가격도 되게 싸고,가격도 되게 싸고,0.0,가격도 되게 싸고,가격도 되게 싸고,0.0,0.0,가격도 되게 싸고,7,3,normal
SD2103585-SDRW2100003671.1.1.85,그런 그 공모하는 그 신발들 있잖아,그럼 그 공무하는 그 신발들 있잖아,0.1052631578947368,그런 그 공모하는 그 신발들 있잖아,그럼 그 공무하는 그 신발들 있잖아,0.1052631578947368,0.0,그런 그 공모하는 그 신발들 있잖아,14,6,normal
SD2103585-SDRW2100003672.1.1.103,예전에 논란됐던 일베,예전에 논란됐던 10,0.1818181818181818,예전에 논란됐던 일베,예전에 논란됐던 일배,0.0909090909090909,0.0909090909090909,예전에 논란됐던 일베,9,3,normal
SD2103597-SDRW2100003693.1.1.300,이제 걔가 견제 많이 나오고 부상 많이 당하고 하긴 하지만,이제 걔가 견제 많이 나오고 부상 많이 당하고 하긴 하지만,0.0,이제 걔가 견제 많이 나오고 부상 많이 당하고 하긴 하지만,이제 걔가 견제에 마이다 하고 부상 많이 다하고 하긴 하지만,0.1875,-0.1875,이제 걔가 견제 많이 나오고 부상 많이 당하고 하긴 하지만,23,10,normal
SD2103597-SDRW2100003695.1.1.278,팝송도 이제 어 들리네 좋네 그러면,팝송도 이제 어 들리네 좋네 꿈은,0.1578947368421052,팝송도 이제 어 들리네 좋네 그러면,팝송도 이제 어 들리네 좋네 그러면,0.0,0.1578947368421052,팝송도 이제 어 들리네 좋네 그러면,14,6,normal
SD2103597-SDRW2100003696.1.1.256,나아가는 게 맞지 이거를,나아가는 게 맞지 이거를,0.0,나아가는 게 맞지 이거를,나아가는 것이 맞지 이거를,0.1538461538461538,-0.1538461538461538,나아가는 게 맞지 이거를,10,4,normal
SD2103600-SDRW2100003697.1.1.103,어 약간 고양이계의 강형욱 약간 그런 느낌인가,어 약간 고양이의 강형욱 약간 그런 느낌인가,0.04,어 약간 고양이계의 강형욱 약간 그런 느낌인가,어 약간 고양이 강형욱이 약간 그런 느낌인가,0.12,-0.0799999999999999,어 약간 고양이계의 강형욱 약간 그런 느낌인가,19,7,normal
SD2103600-SDRW2100003697.1.1.264,약간 오구오구 하는 게 아니라 우와,약간 오구오고 하는 게 아니라 우와,0.0526315789473684,약간 오구오구 하는 게 아니라 우와,약간 오구하고 하는 게 아니라 우와,0.1052631578947368,-0.0526315789473684,약간 오구오구 하는 게 아니라 우와,14,6,normal
SD2103614-SDRW2100003726.1.1.116,그런 뉴스 들으니까 좀,그런 뉴스 들으니까 좀,0.0,그런 뉴스 들으니까 좀,그런 뉴스 들으니까 좀,0.0,0.0,그런 뉴스 들으니까 좀,9,4,normal
SD2103614-SDRW2100003728.1.1.87,오히려 학교 가서 애들 만나 갖고,오히려 학교 가서 애들 만나 갖고,0.0,오히려 학교 가서 애들 만나 갖고,오히려 학교 가서 애들 만나 갖고,0.0,0.0,오히려 학교 가서 애들 만나 갖고,13,6,normal
SD2103615-SDRW2100003730.1.1.152,어 쟤 왜 일하면서 노래를 들어,어제 왜 일하면서 노래를 들어,0.1176470588235294,어 쟤 왜 일하면서 노래를 들어,어제 왜 일하면서 노래를 들어,0.1176470588235294,0.0,어 쟤 왜 일하면서 노래를 들어,12,6,normal
SD2103615-SDRW2100003730.1.1.254,그건 좀 무거운 거야,그건 좀 무거운 거야,0.0,그건 좀 무거운 거야,그건 좀 무거운 거야,0.0,0.0,그건 좀 무거운 거야,8,4,normal
SD2103624-SDRW2100003745.1.1.121,근데 그 1인치 차인데,근데 그 1인치차인데,0.0833333333333333,근데 그 1인치 차인데,근데 그 1인치 차인데,0.0,0.0833333333333333,근데 그 1인치 차인데,9,4,normal
SD2103624-SDRW2100003748.1.1.310,응 그거는 우리가,응 그거는 우리가,0.0,응 그거는 우리가,응 그거는 우리가,0.0,0.0,응 그거는 우리가,7,3,normal
SD2103627-SDRW2100003755.1.1.113,음,음,0.0,음,음,0.0,0.0,음,1,1,low_info
SD2103627-SDRW2100003755.1.1.283,아니면 그 가족들의 동의까지 다 필요한 거야,그냥 그 가족들의 동의까지 다 필요한 거야,0.125,아니면 그 가족들의 동의까지 다 필요한 거야,그냥 그 가족들의 동의까지 다 필요한 거야,0.125,0.0,아니면 그 가족들의 동의까지 다 필요한 거야,18,7,normal
SD2103632-SDRW2100001251.1.1.258,신랑도 책임을 진다고 했지만,신랑도 책임을 진다고 했지만,0.0,신랑도 책임을 진다고 했지만,신랑도 책임을 진다고 했지만,0.0,0.0,신랑도 책임을 진다고 했지만,12,4,normal
SD2103632-SDRW2100001252.1.1.120,그런 데로 근데 어쨌든,그런 데로 근데 어쨌든,0.0,그런 데로 근데 어쨌든,그런 데로 근데 어쨌든,0.0,0.0,그런 데로 근데 어쨌든,9,4,normal
SD2103632-SDRW2100001252.1.1.195,신제품을 사는 게 나았을 수 있었겠다,신제품을 사는 게 나았을 수 있었겠다,0.0,신제품을 사는 게 나았을 수 있었겠다,신제품을 사는 게 나았을 수 있었겠다,0.0,0.0,신제품을 사는 게 나았을 수 있었겠다,15,6,normal
SD2103632-SDRW2100001254.1.1.215,사실은 들어가서 보지도 않아요,사실은 들어가서 보지도 않아요,0.0,사실은 들어가서 보지도 않아요,사실을 들어가서 보지도 않아요,0.0625,-0.0625,사실은 들어가서 보지도 않아요,13,4,normal
SD2103645-SDRW2100001263.1.1.155,더 비싸단 생각이 들잖아 이거는,더 비싸다는 생각이 들잖아 이거는,0.1176470588235294,더 비싸단 생각이 들잖아 이거는,더 비싸다는 생각 들잖아 이거는,0.1764705882352941,-0.0588235294117647,더 비싸단 생각이 들잖아 이거는,13,5,normal
SD2103645-SDRW2100001263.1.1.29,알아보고 좋은 거 사고 그러는데,알아보고 좋은 거 사고 그러는데,0.0,알아보고 좋은 거 사고 그러는데,알아보고 좋은 거 사고 그러는데,0.0,0.0,알아보고 좋은 거 사고 그러는데,13,5,normal
SD2103650-SDRW2100001274.1.1.64,롤에서 이번에 애니 나왔었거든,노래서 이번에 엔이 나왔었거든,0.25,롤에서 이번에 애니 나왔었거든,롤에서 이번에 엔이 나왔었거든,0.125,0.125,롤에서 이번에 애니 나왔었거든,13,4,normal
SD2103650-SDRW2100001276.1.1.201,망하지 뭐,강아지 뭐,0.4,망하지 뭐,강아지,0.8,-0.4,망하지 뭐,4,2,low_info
SD2103650-SDRW2100001276.1.1.98,임금도 많이 오르지 않을까,임금도 많이 오르지 않을까,0.0,임금도 많이 오르지 않을까,임금도 많이 오르지 않을까,0.0,0.0,임금도 많이 오르지 않을까,11,4,normal
SD2103691-SDRW2100002509.1.1.234,할 수 있을까,할 수 있을까,0.0,할 수 있을까,할 수 있을까,0.0,0.0,할 수 있을까,5,3,low_info
SD2110109-SDRW2100000110.1.1.48,나 요번에 여수 갈 때 케이티엑스 타 봤는데,나 이번에 여수 갈 때 케이티엑스 타 봤는데,0.0416666666666666,나 요번에 여수 갈 때 케이티엑스 타 봤는데,나 요번에 여수 갈 때 케이티엑스 타 봤는데,0.0,0.0416666666666666,나 요번에 여수 갈 때 케이티엑스 타 봤는데,17,8,normal
SD2110334-SDRW2100000333.1.1.46,왜 불,앱을,1.0,왜 불,랩을,1.0,0.0,왜 불,2,2,low_info
SD2110334-SDRW2100000334.1.1.231,그것도 운이다,그것도 운이다,0.0,그것도 운이다,그것도 운이다,0.0,0.0,그것도 운이다,6,2,low_info
SD2110426-SDRW2100000425.1.1.385,노래 이름이 뭐지,노래 이름이 뭐지,0.0,노래 이름이 뭐지,노래 이름이 뭐지,0.0,0.0,노래 이름이 뭐지,7,3,normal
SD2110523-SDRW2100000602.1.1.176,아무래도 아직도 좋아하는 게 보이기 때문에,아무래도 아직도 좋아하는 게 보이기 때문에,0.0,아무래도 아직도 좋아하는 게 보이기 때문에,아무래도 아직도 좋아하는 게 보이기 때문에,0.0,0.0,아무래도 아직도 좋아하는 게 보이기 때문에,18,6,normal
SD2110523-SDRW2100000602.1.1.67,이제 연애 시작하고 부터는 좀 별로 였던거 같아,이제 연애 시작하고부터는 좀 별로였던 거 같아,0.1153846153846153,이제 연애 시작하고 부터는 좀 별로 였던거 같아,이제 연애 시작하고부터는 좀 별로였던 거 같아,0.1153846153846153,0.0,이제 연애 시작하고 부터는 좀 별로 였던거 같아,19,8,normal
SD2110625-SDRW2100000802.1.1.34,뭐 그런 음식 한번,뭐 그런 음식 한번,0.0,뭐 그런 음식 한번,뭐 그런 음식 한번,0.0,0.0,뭐 그런 음식 한번,7,4,normal
SD2110625-SDRW2100000803.1.1.64,상황을 내가,상황을 내가,0.0,상황을 내가,상황을 내가,0.0,0.0,상황을 내가,5,2,low_info
SD2110665-SDRW2100000879.1.1.108,나는 내 아는 애는 고양이를,나는 내 아는 애는 고양이를,0.0,나는 내 아는 애는 고양이를,나는 내 아는 애는 고양이를,0.0,0.0,나는 내 아는 애는 고양이를,11,5,normal
SD2110665-SDRW2100000881.1.1.77,옆에 일을 보니까 물을 자주 마시더라고 텀블러에 다 가져와서 근데 내가 물을 좀 자주 안 마시는 편이거든,옆에를 보니까 물을 자주 마시더라고 텀블러에 다 가져와서 근데 내가 물을 좀 자주 안 마시는 편이거든,0.0517241379310344,옆에 일을 보니까 물을 자주 마시더라고 텀블러에 다 가져와서 근데 내가 물을 좀 자주 안 마시는 편이거든,옆에 애를 보니까 물을 자주 마시더라고 텀블러에다 가져와서 근데 내가 물을 좀 자주 안 마시는 편이거든,0.0517241379310344,0.0,옆에 일을 보니까 물을 자주 마시더라고 텀블러에 다 가져와서 근데 내가 물을 좀 자주 안 마시는 편이거든,42,17,normal
SD2110665-SDRW2100000882.1.1.234,적응하는 거는 조금 적응이 되겠지,적응하는 거는 적응 적응이 되겠지,0.1111111111111111,적응하는 거는 조금 적응이 되겠지,적응하는 거는 적응 적응이 되겠지,0.1111111111111111,0.0,적응하는 거는 조금 적응이 되겠지,14,5,normal
SD2110736-SDRW2100001318.1.1.8,너 그거 봤어,너 그거 봤어,0.0,너 그거 봤어,너 그거 봤어,0.0,0.0,너 그거 봤어,5,3,low_info
SD2110736-SDRW2100001318.1.1.84,제목이 중요하진 않아,제목이 중요하진 않아,0.0,제목이 중요하진 않아,제목이 중요하진 않아,0.0,0.0,제목이 중요하진 않아,9,3,normal
SD2110736-SDRW2100001320.1.1.281,동의 수도 어느 일정 비율 이상으로는 받아 내고,동의수도 어느 일정 비율 이상으로는 받아내고,0.0769230769230769,동의 수도 어느 일정 비율 이상으로는 받아 내고,동의수도 어느 일정 비율 이상으로는 받아내고,0.0769230769230769,0.0,동의 수도 어느 일정 비율 이상으로는 받아 내고,19,8,normal
SD2113069-SDRW2100003140.1.1.249,저녁 늦은 시간 전쯤에,저녁 늦은 시간 전쯤에,0.0,저녁 늦은 시간 전쯤에,저녁 늦은 시간 전쯤에,0.0,0.0,저녁 늦은 시간 전쯤에,9,4,normal
SD2200010-SDRW2200000422.1.1.324,나도 평창이란 곳에 처음 가봤는데,나도 평창이란 곳을 처음 가 봤는데,0.1111111111111111,나도 평창이란 곳에 처음 가봤는데,나도 평창이란 곳에 처음 가 봤는데,0.0555555555555555,0.0555555555555556,나도 평창이란 곳에 처음 가봤는데,14,5,normal
SD2200023-SDRW2200000017.1.1.62,거기 문 앞에 그냥 서 있는 거야 수업 끝날 때까지,거의 문 앞에 그냥 서 있는 거야 수업 끝날 때까지,0.0357142857142857,거기 문 앞에 그냥 서 있는 거야 수업 끝날 때까지,거의 문 앞에 그냥 서 있는 거 서 끝날 때까지,0.1428571428571428,-0.1071428571428571,거기 문 앞에 그냥 서 있는 거야 수업 끝날 때까지,19,10,normal
SD2200023-SDRW2200000018.1.1.23,사방 느낌도 나고,사당 느낌도 나고,0.1111111111111111,사방 느낌도 나고,사박 느낌도 나고,0.1111111111111111,0.0,사방 느낌도 나고,7,3,normal
SD2200036-SDRW2200000573.1.1.271,또 사랑은 타이밍이라는 말 있잖아,또 사랑은 타이밍이라는 말 있잖아,0.0,또 사랑은 타이밍이라는 말 있잖아,또 사랑한 타이밍이라는 말 있잖아,0.0555555555555555,-0.0555555555555555,또 사랑은 타이밍이라는 말 있잖아,14,5,normal
SD2200036-SDRW2200000574.1.1.143,그런 게 또 넷플릭스에 많더라고,그런 게 또 넷플릭스에 많더라고,0.0,그런 게 또 넷플릭스에 많더라고,그런 게 또 넷플릭스에 많더라고,0.0,0.0,그런 게 또 넷플릭스에 많더라고,13,5,normal
SD2200036-SDRW2200000574.1.1.157,찾아보는 게 낫지 않나라는 생각도 많이 했었던 거 같아,찾아보는 게 낫지 않나라는 생각도 많이 했었던 거 같아,0.0,찾아보는 게 낫지 않나라는 생각도 많이 했었던 거 같아,찾아보는 게 낫지 않나라는 생각도 많이 했었던 거 같아,0.0,0.0,찾아보는 게 낫지 않나라는 생각도 많이 했었던 거 같아,22,9,normal
SD2200049-SDRW2200000047.1.1.93,그러니까 크기가 쪼끄만,그러니까 크기가 그러니까 쪼끄마한,0.5833333333333334,그러니까 크기가 쪼끄만,그러니까 크기가 쪼끄만,0.0,0.5833333333333334,그러니까 크기가 쪼끄만,10,3,normal
SD2200073-SDRW2200000590.1.1.9,저는 개인적으로 일단 거리감이,저는 개인적으로 일단 거리감이,0.0,저는 개인적으로 일단 거리감이,저는 개인적으로 일단 거리감이,0.0,0.0,저는 개인적으로 일단 거리감이,13,4,normal
SD2200074-SDRW2200000072.1.1.161,그러면 그거 보는 것도 좋을 거 같고 아까 말했던 아바타는 너무 길어서 지루할 수 있으니까,그러면은 그거 보는 것도 좋을 거 같고 아까 말했던 아파트는 너무 길어서 지루할 수 있으니까,0.06,그러면 그거 보는 것도 좋을 거 같고 아까 말했던 아바타는 너무 길어서 지루할 수 있으니까,그러면은 그거 보는 것도 좋을 거 같고 아까 말했던 아바타는 너무 길어서 지루할 수 있으니까,0.02,0.0399999999999999,그러면 그거 보는 것도 좋을 거 같고 아까 말했던 아바타는 너무 길어서 지루할 수 있으니까,36,15,normal
SD2200083-SDRW2200000073.1.1.206,아 근데 한국 게스트 하우스는 아예 샤워 룸이 있는 경우도 있더라고,아 근데 한국 게스트 하우스는 아예 샤워룸이 있는 경우도 있더라고,0.027027027027027,아 근데 한국 게스트 하우스는 아예 샤워 룸이 있는 경우도 있더라고,아 근데 한국 게스트 하우스 아예 샤워룸이 있는 경우도 있더라고,0.054054054054054,-0.027027027027027,아 근데 한국 게스트 하우스는 아예 샤워 룸이 있는 경우도 있더라고,27,11,normal
SD2200083-SDRW2200000074.1.1.95,뮤직비디오 편집이 굉장히 나는,뮤직비디오 편집이 굉장히 나는,0.0,뮤직비디오 편집이 굉장히 나는,뮤직비디오 편집이 굉장히 나는,0.0,0.0,뮤직비디오 편집이 굉장히 나는,13,4,normal
SD2200093-SDRW2200000461.1.1.82,완전 멀었어 완전 안 보였어 거의,완전 멀었어 완전 안 보였어 거의,0.0,완전 멀었어 완전 안 보였어 거의,완전 멀었어 완전 안 보였어 거의,0.0,0.0,완전 멀었어 완전 안 보였어 거의,13,6,normal
SD2200099-SDRW2200000466.1.1.192,근데 올해 인제 오이지를 트 제가 담갔어요 담갔는데,근데 올해 인제 오이지를 제가 담갔어요 담갔는데,0.0714285714285714,근데 올해 인제 오이지를 트 제가 담갔어요 담갔는데,근데 올해 인제 오이지를 제가 담갔어요 담갔는데,0.0714285714285714,0.0,근데 올해 인제 오이지를 트 제가 담갔어요 담갔는데,21,8,normal
SD2200102-SDRW2200000467.1.1.106,그때는 한 3킬로 정도는 빠지는 거 같아,그때는 한 3킬로 정도는 빠지는 거 같아,0.0,그때는 한 3킬로 정도는 빠지는 거 같아,그때는 한 3킬로 정도는 빠지는 거 같아,0.0,0.0,그때는 한 3킬로 정도는 빠지는 거 같아,16,7,normal
SD2200102-SDRW2200000467.1.1.114,더 좋은 거 같아,더 좋은 거 같아,0.0,더 좋은 거 같아,더 좋은 거 같아,0.0,0.0,더 좋은 거 같아,6,4,normal
SD2200104-SDRW2200000599.1.1.161,응 군산은 서해안 쪽에 있는데,응 군산은 서해안 쪽에 있는데,0.0,응 군산은 서해안 쪽에 있는데,응 군산은 서해안 쪽에 있는데,0.0,0.0,응 군산은 서해안 쪽에 있는데,12,5,normal
SD2200112-SDRW2200000480.1.1.73,그 모든 생활들을 갖다가 적응하기가,그 모든 생활들을 갖다가 적응하기가,0.0,그 모든 생활들을 갖다가 적응하기가,그 모든 생활들을 갖다가 적응하기가,0.0,0.0,그 모든 생활들을 갖다가 적응하기가,15,5,normal
SD2200112-SDRW2200000481.1.1.287,지금 검색해 보니까,지금 검색해 보니까,0.0,지금 검색해 보니까,지금 검색해 보니까,0.0,0.0,지금 검색해 보니까,8,3,normal
SD2200149-SDRW2200000621.1.1.60,타이트 하겠구나 이거로 약간 판단이 되더라고요 언니도 한번 참고해 보세요,타이트하겠구나 이거가 약간 판단이 되더라고요 어 한번 참고해 보세요,0.125,타이트 하겠구나 이거로 약간 판단이 되더라고요 언니도 한번 참고해 보세요,타이트하겠구나 이거가 약간 판단이 되더라고요 얘도 한번 참고해 보세요,0.1,0.0249999999999999,타이트 하겠구나 이거로 약간 판단이 되더라고요 언니도 한번 참고해 보세요,31,10,normal
SD2200176-SDRW2200000508.1.1.182,뭘 보내주냐면 김치,뭘 보내 주냐면 김치,0.1,뭘 보내주냐면 김치,뭘 보내 주냐면 김치,0.1,0.0,뭘 보내주냐면 김치,8,3,normal
SD2200182-SDRW2200000513.1.1.187,아무래도 피부 관리는 좀 신경 써야 될 거 같은데,아무래도 피부 관리는 좀 신경 써야 될 거 같은데,0.0,아무래도 피부 관리는 좀 신경 써야 될 거 같은데,아무래도 피부 관리는 좀 신경 써야 될 거 같은데,0.0,0.0,아무래도 피부 관리는 좀 신경 써야 될 거 같은데,19,9,normal
SD2200182-SDRW2200000514.1.1.153,드라마 주인공이 헷갈리는 것도 행가 헷갈리는 거지만,드라마 주인공이 헷갈리는 것도 해 헷갈리는 거지만,0.0714285714285714,드라마 주인공이 헷갈리는 것도 행가 헷갈리는 거지만,드라마 주인공이 헷갈리는 것도 생각 헷갈리는 거지만,0.0714285714285714,0.0,드라마 주인공이 헷갈리는 것도 행가 헷갈리는 거지만,22,7,normal
SD2200182-SDRW2200000514.1.1.282,연이 닿아서 걔가,연이 닿서 걔가,0.1111111111111111,연이 닿아서 걔가,연이 닿아서 걔가,0.0,0.1111111111111111,연이 닿아서 걔가,7,3,normal
SD2200201-SDRW2200000641.1.1.184,혈당은 떨어지더라 그런데,혈당은 떨어지더라 그런데,0.0,혈당은 떨어지더라 그런데,혈당은 떨어지더라 그런데,0.0,0.0,혈당은 떨어지더라 그런데,11,3,normal
SD2200226-SDRW2200000657.1.1.50,아 그렇구나 저는 그냥 선입견으로만,아 그렇구나 저는 그냥 선입견으로만,0.0,아 그렇구나 저는 그냥 선입견으로만,아 그렇구나 저는 그냥 선입견으로만,0.0,0.0,아 그렇구나 저는 그냥 선입견으로만,15,5,normal
SD2200227-SDRW2200000657.1.1.249,그 모임에서,그 모임에서,0.0,그 모임에서,그 모임에서,0.0,0.0,그 모임에서,5,2,low_info
SD2200233-SDRW2200000244.1.1.170,나는 사실 가족끼리 여행을 그렇게 많이 안 가 봐서,나는 사실 가족끼리 여행을 그렇게 많이 안 가 봐서,0.0,나는 사실 가족끼리 여행을 그렇게 많이 안 가 봐서,나는 사실 가족끼리 여행을 그렇게 많이 안 가 봐서,0.0,0.0,나는 사실 가족끼리 여행을 그렇게 많이 안 가 봐서,20,9,normal
SD2200253-SDRW2200000250.1.1.66,약간 요런 정보를 주니 난 또 고맙군,약간 요런 정보를 주니 난 또 고맙구먼,0.1,약간 요런 정보를 주니 난 또 고맙군,약간 요런 정보를 주니 난 또 고맙고만,0.1,0.0,약간 요런 정보를 주니 난 또 고맙군,14,7,normal
SD2200286-SDRW2200000316.1.1.111,건강하신 거 같아,건강하신 거 같아,0.0,건강하신 거 같아,건강하신 거 같아,0.0,0.0,건강하신 거 같아,7,3,normal
SD2200297-SDRW2200000690.1.1.31,크게 막 이렇게 한 건 아니지만,크게 막 이렇게 한 건 아니지만,0.0,크게 막 이렇게 한 건 아니지만,크게 막 이렇게 한 건 아니지만,0.0,0.0,크게 막 이렇게 한 건 아니지만,12,6,normal
SD2200302-SDRW2200000694.1.1.41,왜냐하면 옷을 애초에 많이 사 보지도 않았고,왜냐하면 옷을 애초에 많이 사 보지도 않았고,0.0,왜냐하면 옷을 애초에 많이 사 보지도 않았고,왜냐하면 옷을 애초에 많이 사 보지도 않았고,0.0,0.0,왜냐하면 옷을 애초에 많이 사 보지도 않았고,18,7,normal
SD2200302-SDRW2200002522.1.1.291,마냥 나쁘다고 막,마냥 나쁘다고 막,0.0,마냥 나쁘다고 막,마냥 나쁘다고 막,0.0,0.0,마냥 나쁘다고 막,7,3,normal
SD2200307-SDRW2200000695.1.1.244,그런 차이점이,그런 차이점이,0.0,그런 차이점이,그런 차이점이,0.0,0.0,그런 차이점이,6,2,low_info
SD2200328-SDRW2200000544.1.1.221,달리는 게 후반 한타에 대해서 문제가 되는 거 같고,달리는 게 후반 한타에 대해서 문제가 되는 거 같고,0.0,달리는 게 후반 한타에 대해서 문제가 되는 거 같고,달리는 게 후반 한타에 대해서 문제가 되는 거 같고,0.0,0.0,달리는 게 후반 한타에 대해서 문제가 되는 거 같고,20,9,normal
SD2200337-SDRW2200000351.1.1.4,만화책을,만화책을,0.0,만화책을,만화책을,0.0,0.0,만화책을,4,1,low_info
SD2200349-SDRW2200000743.1.1.101,좀 더 좋아하는 거 같아,좀 더 좋아하는 거 같아,0.0,좀 더 좋아하는 거 같아,좀 더 좋아하는 거 같아,0.0,0.0,좀 더 좋아하는 거 같아,9,5,normal
SD2200349-SDRW2200000744.1.1.299,확실히 이 잡는 힘이,확실히 이 잡는 힘이,0.0,확실히 이 잡는 힘이,확실히 이 잡는 힘이,0.0,0.0,확실히 이 잡는 힘이,8,4,normal
SD2200350-SDRW2200000743.1.1.199,개발 쪽 직무에는 어떤,개발 쪽 직무에는 어떤,0.0,개발 쪽 직무에는 어떤,개발 쪽 직무에는 어떤,0.0,0.0,개발 쪽 직무에는 어떤,9,4,normal
SD2200363-SDRW2200000797.1.1.88,맞나 봐 내가 래퍼를 몰라,맞나 봐 내가 아래 벌을 몰라,0.2857142857142857,맞나 봐 내가 래퍼를 몰라,맞나 봐 내가 래 거를 몰라,0.1428571428571428,0.1428571428571429,맞나 봐 내가 래퍼를 몰라,10,5,normal
SD2200380-SDRW2200000371.1.1.74,자막도 없어서 뭔 내용인지 알아듣기가 좀 힘들어서,자막도 없어서 못 내용이지 알아듣기가 좀 힘들어서,0.074074074074074,자막도 없어서 뭔 내용인지 알아듣기가 좀 힘들어서,자막도 없어서 못 내용인지 알아들기가 좀 힘들어서,0.074074074074074,0.0,자막도 없어서 뭔 내용인지 알아듣기가 좀 힘들어서,21,7,normal
SD2200381-SDRW2200000375.1.1.116,너는 이런 거에 대해서 어떻게 생각해,너는 이런 거에 대해서 어떻게 생각해,0.0,너는 이런 거에 대해서 어떻게 생각해,너는 이런 거에 대해서 어떻게 생각해,0.0,0.0,너는 이런 거에 대해서 어떻게 생각해,15,6,normal
SD2200391-SDRW2200000866.1.1.137,그럼 박물관과 전시에 대해선 난 차이가,그 박물관과 정시에 대해선 난 차이가,0.0952380952380952,그럼 박물관과 전시에 대해선 난 차이가,그 박물관과 정시에 대해선 난 차이가,0.0952380952380952,0.0,그럼 박물관과 전시에 대해선 난 차이가,16,6,normal
SD2200416-SDRW2200001368.1.1.233,그런 선이 좀 많이 필요한 거 같더라고요,그런 선이 좀 많이 필요한 거 같더라고요,0.0,그런 선이 좀 많이 필요한 거 같더라고요,그런 선이 좀 많이 필요한 거 같더라고요,0.0,0.0,그런 선이 좀 많이 필요한 거 같더라고요,16,7,normal
SD2200416-SDRW2200001368.1.1.8,근데 그거는 이제 정말 가족 문제 가족,근데 그거는 이제 정말 가족 가족,0.1428571428571428,근데 그거는 이제 정말 가족 문제 가족,근데 그거는 이제 정말 가족 문제 가족,0.0,0.1428571428571428,근데 그거는 이제 정말 가족 문제 가족,15,7,normal
SD2200417-SDRW2200002658.1.1.248,그런 편의성을 겪을 수 있는 사람이 점점 많아질 거라고 생각하고 있습니다,그런 편의성을 겪을 수 있는 사람이 점점 많아질 거라고 생각하고 있습니다,0.0,그런 편의성을 겪을 수 있는 사람이 점점 많아질 거라고 생각하고 있습니다,그런 편의성을 겪을 수 있는 사람이 점점 많아질 거라고 생각하고 있습니다,0.0,0.0,그런 편의성을 겪을 수 있는 사람이 점점 많아질 거라고 생각하고 있습니다,30,11,normal
SD2200424-SDRW2200002687.1.1.43,진짜 먹은 기억밖에 없어 그리고,진짜 먹은 기억밖에 없어 그리고,0.0,진짜 먹은 기억밖에 없어 그리고,진짜 먹은 기억밖에 없어 그리고,0.0,0.0,진짜 먹은 기억밖에 없어 그리고,13,5,normal
SD2200426-SDRW2200001458.1.1.184,그래서 다이어트가 더 힘든 거기 때문에,그래서 다이어트가 더 힘든 거기 때문에,0.0,그래서 다이어트가 더 힘든 거기 때문에,그래서 다이어트가 더 힘든 거기 때문에,0.0,0.0,그래서 다이어트가 더 힘든 거기 때문에,16,6,normal
SD2200426-SDRW2200001458.1.1.7,우리가 운동량이 많이 부족한 편이란 생각을 하거든,우리가 운동량이 많이 부족한 편이라 생각을 하거든,0.037037037037037,우리가 운동량이 많이 부족한 편이란 생각을 하거든,우리가 운동량이 많이 부족한 편이라 생각을 하거든,0.037037037037037,0.0,우리가 운동량이 많이 부족한 편이란 생각을 하거든,21,7,normal
SD2200438-SDRW2200001579.1.1.18,한번 찾아도 가 봐야 되는데 그것도 좀,한번 찾아도 가 봐야 되는데 그것도 좀,0.0,한번 찾아도 가 봐야 되는데 그것도 좀,한번 찾아도 가 봐야 되는데 그것도 좀,0.0,0.0,한번 찾아도 가 봐야 되는데 그것도 좀,15,7,normal
SD2200438-SDRW2200001581.1.1.165,탄천 그런데 가면은 진짜 그게 부럽더라고 어머 저 사람들은,탄천 그런 데 가면은 진짜 부럽더라고 엄마 저 사람들은,0.1875,탄천 그런데 가면은 진짜 그게 부럽더라고 어머 저 사람들은,탄천 그런 데 가면은 진짜 그게 부럽더라고 엄마 저 사람들은,0.09375,0.09375,탄천 그런데 가면은 진짜 그게 부럽더라고 어머 저 사람들은,24,9,normal
SD2200449-SDRW2200001687.1.1.24,그다음에는 구워 먹는 거 찜도 나오고,그담에는 구워 먹는 거 찜도 나오고,0.1,그다음에는 구워 먹는 거 찜도 나오고,그다음에는 구워 먹는 거 찜도 나오고,0.0,0.1,그다음에는 구워 먹는 거 찜도 나오고,15,6,normal
SD2200449-SDRW2200001689.1.1.214,회사에 마이너스야,회사의 마이너스야,0.1111111111111111,회사에 마이너스야,회사에 마이너스야,0.0,0.1111111111111111,회사에 마이너스야,8,2,low_info
SD2200453-SDRW2200001773.1.1.210,그 가 보면 돼 좋을 거 같아,그 가 보면 되게 좋을 거 같아,0.125,그 가 보면 돼 좋을 거 같아,가 보면 되게 좋을 거 같아,0.25,-0.125,그 가 보면 돼 좋을 거 같아,10,7,normal
SD2200467-SDRW2200001854.1.1.295,그러니까 그쪽 되게 의심도 많고,그러니까 약간 좀 되게 의심도 많고,0.2352941176470588,그러니까 그쪽 되게 의심도 많고,그러니까 그 좀 되게 의심도 많고,0.1176470588235294,0.1176470588235294,그러니까 그쪽 되게 의심도 많고,13,5,normal
SD2200467-SDRW2200001854.1.1.75,거기서 김혜윤이 너무 귀엽게 나와 가지고 김혜윤도 좋았고,거기서 김혜윤이 너무 귀엽게 나와 가지고 김혜윤도 좋았고,0.0,거기서 김혜윤이 너무 귀엽게 나와 가지고 김혜윤도 좋았고,거기서 김혜윤이 너무 귀엽게 나와 가지고 김혜현도 좋았고,0.032258064516129,-0.032258064516129,거기서 김혜윤이 너무 귀엽게 나와 가지고 김혜윤도 좋았고,24,8,normal
SD2200486-SDRW2200001978.1.1.93,되게 나태해질 거 같고,되게 나태해질 거 같고,0.0,되게 나태해질 거 같고,저기 나태해지고 같고,0.4166666666666667,-0.4166666666666667,되게 나태해질 거 같고,9,4,normal
SD2200514-SDRW2200002223.1.1.75,청솔 마을 그 놀이터 부수고서 다시 만들었을 때 딱 그때였던 거 같은데,청소 마을 그 놀이터 부수고서 다시 만들었을 때 딱 그때던 거 같은데,0.0512820512820512,청솔 마을 그 놀이터 부수고서 다시 만들었을 때 딱 그때였던 거 같은데,그 청소 마을 그 놀이터 부수고서 다시 만들었을 때 딱 그때 였던 거 같은데,0.1025641025641025,-0.0512820512820513,청솔 마을 그 놀이터 부수고서 다시 만들었을 때 딱 그때였던 거 같은데,28,12,normal
SD2200514-SDRW2200002224.1.1.122,그냥 나는 빨리 벌고 빨리 끝내잔 마인드,그냥 나는 빨리 벌고 빨리 끝내자 마인드,0.0454545454545454,그냥 나는 빨리 벌고 빨리 끝내잔 마인드,그냥 나는 빨리 벌고 빨리 끝내자 마인드,0.0454545454545454,0.0,그냥 나는 빨리 벌고 빨리 끝내잔 마인드,16,7,normal
SD2200514-SDRW2200002226.1.1.2,전보다 지금 살이 그대로야,전보다 지금 살이 그대로야,0.0,전보다 지금 살이 그대로야,전보다 지금 살이 그대로야,0.0,0.0,전보다 지금 살이 그대로야,11,4,normal
SD2200678-SDRW2200000009.1.1.259,그러니까 아기 어릴 때는,그러니까 아기 어릴 때는,0.0,그러니까 아기 어릴 때는,그러니까 아기 어릴 때는,0.0,0.0,그러니까 아기 어릴 때는,10,4,normal
SD2200678-SDRW2200000009.1.1.50,그래 가고 싶었거든,그래 가고 싶었거든,0.0,그래 가고 싶었거든,그래 가고 싶었거든,0.0,0.0,그래 가고 싶었거든,8,3,normal
SD2200679-SDRW2200000012.1.1.295,들이고 뭘 해도,드리고 뭘 해도,0.25,들이고 뭘 해도,드리고 뭘 해도,0.25,0.0,들이고 뭘 해도,6,3,normal
SD2200689-SDRW2200000034.1.1.79,돼지 꼬리도 그만한 맛이 있었던 거 같아 너 돼지 꼬리 먹어 봤어,돼지꼬리도 그만한 맛이 있었던 거 같아 넌 돼지꼬리 먹어 봤어,0.0833333333333333,돼지 꼬리도 그만한 맛이 있었던 거 같아 너 돼지 꼬리 먹어 봤어,돼지꼬리도 그만한 맛이 있었던 거 같아 넌 돼지꼬리 먹어 봤어,0.0833333333333333,0.0,돼지 꼬리도 그만한 맛이 있었던 거 같아 너 돼지 꼬리 먹어 봤어,25,12,normal
SD2200689-SDRW2200002543.1.1.386,해 보는 것도,해 먹는 것도,0.1428571428571428,해 보는 것도,편나는 것도,0.4285714285714285,-0.2857142857142857,해 보는 것도,5,3,low_info
SD2200694-SDRW2200000037.1.1.250,훨씬 잠에 깊이 들죠 나 효과를 봤어요,훨씬 잠이 깊이 들죠 나는 효과를 봤어요,0.0952380952380952,훨씬 잠에 깊이 들죠 나 효과를 봤어요,훨씬 잠이 깊이 들죠 난 효과를 봤어요,0.0952380952380952,0.0,훨씬 잠에 깊이 들죠 나 효과를 봤어요,15,7,normal
SD2200697-SDRW2200000042.1.1.263,싸긴 해도,싸긴 해도,0.0,싸긴 해도,싸긴 해도,0.0,0.0,싸긴 해도,4,2,low_info
SD2200697-SDRW2200000043.1.1.54,그런 문제점들을 이렇게 꺼내,그런 문제점들을 이렇게 꺼내,0.0,그런 문제점들을 이렇게 꺼내,그런 문제점들을 이렇게 꺼내,0.0,0.0,그런 문제점들을 이렇게 꺼내,12,4,normal
SD2200709-SDRW2200000450.1.1.276,어 속에 있는 말도 하고 이렇게 하면은 좋을 거 같아,어 속에 있는 말도 하고 이렇게 하면은 좋을 거 같아,0.0,어 속에 있는 말도 하고 이렇게 하면은 좋을 거 같아,어 속에 있는 말도 하고 이렇게 하면은 좋을 거 같아,0.0,0.0,어 속에 있는 말도 하고 이렇게 하면은 좋을 거 같아,20,10,normal
SD2200719-SDRW2200000495.1.1.299,아 네 있어요,나 네 있어,0.2857142857142857,아 네 있어요,아 네 진짜요,0.2857142857142857,0.0,아 네 있어요,5,3,low_info
SD2200745-SDRW2200000093.1.1.216,음 그치 동남아 동남아 가면,응 그렇지 동남아 동남아 가면,0.2,음 그치 동남아 동남아 가면,응 그치 동남아 동남아 가면,0.0666666666666666,0.1333333333333334,음 그치 동남아 동남아 가면,11,5,normal
SD2200745-SDRW2200000094.1.1.223,음 쇼핑은 정말 즐거운 게 맞아,쇼핑은 정말 즐거운 게 맞아,0.1176470588235294,음 쇼핑은 정말 즐거운 게 맞아,응 쇼핑은 정말 즐거운 게 맞아,0.0588235294117647,0.0588235294117647,음 쇼핑은 정말 즐거운 게 맞아,12,6,normal
SD2200752-SDRW2200000607.1.1.46,괜히 엄청 얄미울 나이지 않냐,어 괜히 엄이 아니 아,0.75,괜히 엄청 얄미울 나이지 않냐,괜히 엄청이 아니어 나이잖아,0.5,0.25,괜히 엄청 얄미울 나이지 않냐,12,5,normal
SD2200759-SDRW2200000627.1.1.198,이렇게 물,대물,0.8,이렇게 물,어떻게 보면,0.8,0.0,이렇게 물,4,2,low_info
SD2200759-SDRW2200000627.1.1.242,2번인가밖에 안 가 본 거 같아 거기가 가까운 데 있으면,2번인가밖에 안 가본 거 같아 그러니까 가까운 데 있으면,0.1612903225806451,2번인가밖에 안 가 본 거 같아 거기가 가까운 데 있으면,2번인가밖에 안 가본 거 같아 그러니까 가까운 데 있으면,0.1612903225806451,0.0,2번인가밖에 안 가 본 거 같아 거기가 가까운 데 있으면,22,10,normal
SD2200784-SDRW2200000515.1.1.151,이 렌트를 하고 갔는데,이벤트를 하고 갔는데,0.1666666666666666,이 렌트를 하고 갔는데,이렌트를 하고 갔는데,0.0833333333333333,0.0833333333333333,이 렌트를 하고 갔는데,9,4,normal
SD2200784-SDRW2200000518.1.1.106,그래서 난 요새 그 뭐 뭐 뭐라니 다시 1알,그래서 난 요새 그 뭐 뭐 뭐하냐 그거 다시 1알,0.2083333333333333,그래서 난 요새 그 뭐 뭐 뭐라니 다시 1알,그래서 난 요새 그 뭐 뭐하냐 그거 다시 하,0.2916666666666667,-0.0833333333333334,그래서 난 요새 그 뭐 뭐 뭐라니 다시 1알,16,9,normal
SD2200788-SDRW2200000163.1.1.167,정말 그렇죠,정말 그렇죠,0.0,정말 그렇죠,정말 그렇죠,0.0,0.0,정말 그렇죠,5,2,low_info
SD2200788-SDRW2200000164.1.1.382,반대하는 것에,반대하는 것에,0.0,반대하는 것에,반대하는 것에,0.0,0.0,반대하는 것에,6,2,low_info
SD2200790-SDRW2200000165.1.1.130,어 해리 포터나 그런 영화들이,어 해리 포터나 그런 영화들이,0.0,어 해리 포터나 그런 영화들이,어 해리포터나 그런 영화들이,0.0625,-0.0625,어 해리 포터나 그런 영화들이,12,5,normal
SD2200802-SDRW2200000185.1.1.192,하트시그널 1 2 3 챙겨 보면서 좀 설렜었거든,하트 시그 1 2 3 챙겨 보면서 좀 설렜었거든,0.0769230769230769,하트시그널 1 2 3 챙겨 보면서 좀 설렜었거든,하트시그을 1 2 3 챙겨 보면서 좀 설렜었거든,0.0384615384615384,0.0384615384615385,하트시그널 1 2 3 챙겨 보면서 좀 설렜었거든,19,8,normal
SD2200805-SDRW2200000205.1.1.271,보드도 좀 타러 다닐까 생각 중이기도 하고,보드도 좀 타러 놔야 될까 생각 중이기도 하고,0.1739130434782608,보드도 좀 타러 다닐까 생각 중이기도 하고,보드도 좀 타러야 될까 생각 중이기도 하고,0.1304347826086956,0.0434782608695652,보드도 좀 타러 다닐까 생각 중이기도 하고,17,7,normal
SD2200805-SDRW2200000206.1.1.200,바로 냄새도 많이 나고 해서 바로 그냥 냉동실에 처분하는 편이야,바로 냄새도 많이 나고 그래서 바로 그냥 냉동실을 처분하는 편이,0.1142857142857142,바로 냄새도 많이 나고 해서 바로 그냥 냉동실에 처분하는 편이야,바로 냄새도 많이 나고 해서 바로 그냥 냉동실에 처분하는 편이야,0.0,0.1142857142857142,바로 냄새도 많이 나고 해서 바로 그냥 냉동실에 처분하는 편이야,26,10,normal
SD2200833-SDRW2200001245.1.1.156,둘만 가는 거 아니야 이러다가,불만 가는 거 아니야 이러다가,0.0625,둘만 가는 거 아니야 이러다가,불만 가는 거 아니야 이러다가,0.0625,0.0,둘만 가는 거 아니야 이러다가,12,5,normal
SD2200866-SDRW2200001456.1.1.311,그럼 우리 5만 원 밑으로 해야 돼 막 그러면서,그럼 우리 5만 원 밑으로 해야 돼 막 그러면서,0.0,그럼 우리 5만 원 밑으로 해야 돼 막 그러면서,그럼 우리 5만 원 밑으로 해야 돼 막 그러면서,0.0,0.0,그럼 우리 5만 원 밑으로 해야 돼 막 그러면서,18,9,normal
SD2200866-SDRW2200001456.1.1.314,그러다가 아니 그거까지는 인제 아니래 막 혼란이 좀 지나간 다음에,그러다 아니 그거까지는 이제 아니래 막 혼란이 좀 지나간 다음에,0.0555555555555555,그러다가 아니 그거까지는 인제 아니래 막 혼란이 좀 지나간 다음에,그러다가 아이 그것까지는 이제 아니래 막 콜란이 좀 지나간 다음에,0.1111111111111111,-0.0555555555555556,그러다가 아니 그거까지는 인제 아니래 막 혼란이 좀 지나간 다음에,27,10,normal
SD2200866-SDRW2200001456.1.1.385,그게 파트너스,그게 파트너을,0.1428571428571428,그게 파트너스,이게 파트너을,0.2857142857142857,-0.1428571428571429,그게 파트너스,6,2,low_info
SD2200874-SDRW2200001508.1.1.178,나한텐 우정이잖아 name5 형도 그렇고,나한텐 우정이잖아 name2 형도 그렇고,0.0454545454545454,나한텐 우정이잖아 name5 형도 그렇고,나한테 우정이잖아 name1이 형도 그렇고,0.1363636363636363,-0.0909090909090909,나한텐 우정이잖아 name5 형도 그렇고,18,5,normal
SD2200887-SDRW2200002719.1.1.238,잘 하기는 했는데,잘하긴 했는데,0.3333333333333333,잘 하기는 했는데,잘하기는 했는데,0.1111111111111111,0.2222222222222222,잘 하기는 했는데,7,3,normal
SD2200897-SDRW2200001702.1.1.359,엄마가 수능 도시락 뭐 싸 주냐 그랬는데,엄마가 수능 도시락 못 사시냐 그랬는데,0.1818181818181818,엄마가 수능 도시락 뭐 싸 주냐 그랬는데,엄마가 수능 도시락 못 사들려 그랬는데,0.2272727272727272,-0.0454545454545454,엄마가 수능 도시락 뭐 싸 주냐 그랬는데,16,7,normal
SD2200897-SDRW2200001702.1.1.72,난 그 너무 싫었어,내가 너무 싫었어,0.3,난 그 너무 싫었어,내가 너무 싫었어,0.3,0.0,난 그 너무 싫었어,7,4,normal
SD2200908-SDRW2200000805.1.1.160,리프트 타고 갔 올라가서,리프트 타고 갔 올라가서,0.0,리프트 타고 갔 올라가서,리프트 타고 갔 올라가서,0.0,0.0,리프트 타고 갔 올라가서,10,4,normal
SD2200908-SDRW2200000806.1.1.150,치킨 브랜드에서 구운 거를,치킨 브랜드에서 구운 거를,0.0,치킨 브랜드에서 구운 거를,치킨 브랜드에서 구운 거를,0.0,0.0,치킨 브랜드에서 구운 거를,11,4,normal
SD2200910-SDRW2200000807.1.1.245,그래서 얼마를 더 벌어야,그래서 얼마를 더 벌어야,0.0,그래서 얼마를 더 벌어야,그래서 얼마를 더 벌어야,0.0,0.0,그래서 얼마를 더 벌어야,10,4,normal
SD2200910-SDRW2200000808.1.1.303,그 습기를 먹으면은,그 습기를 먹으면은,0.0,그 습기를 먹으면은,그 습기를 먹으면은,0.0,0.0,그 습기를 먹으면은,8,3,normal
SD2200911-SDRW2200000809.1.1.194,어떻게 공부했대,어떻게 공부했대,0.0,어떻게 공부했대,어떻게 공부했대,0.0,0.0,어떻게 공부했대,7,2,low_info
SD2200911-SDRW2200000809.1.1.77,친구가,친구가,0.0,친구가,친구가,0.0,0.0,친구가,3,1,low_info
SD2200912-SDRW2200000810.1.1.226,맞아 그 한 무대를 위해서 정말 많은 스태프가 움직이고,맞아 그 한 무대를 위해서 정말 많은 스텝 임식이고,0.1666666666666666,맞아 그 한 무대를 위해서 정말 많은 스태프가 움직이고,맞아 그 한 무대를 위해서 정말 많은 스타의 비주식이고,0.2,-0.0333333333333334,맞아 그 한 무대를 위해서 정말 많은 스태프가 움직이고,22,9,normal
SD2200912-SDRW2200000810.1.1.4,난 연극을 많이 봤다기보다,난 연극을 많이 봤다기보다,0.0,난 연극을 많이 봤다기보다,난 연극을 많이 봤다기보다,0.0,0.0,난 연극을 많이 봤다기보다,11,4,normal
SD2200929-SDRW2200000921.1.1.236,근데 오피스텔에 내가 아는 애가 살고 있는 애가 있어서 얼마 전에 한번 가 보긴 했어,근데 오피스텔에 내가 아는 애가 살고 있는 애가 있어서 얼마 전에 한번 가 보긴 했어,0.0,근데 오피스텔에 내가 아는 애가 살고 있는 애가 있어서 얼마 전에 한번 가 보긴 했어,근데 오피스텔 내가 아는 애가 살고 있는 애가 있어서 얼마 전에 한번 가 보긴 했어,0.0212765957446808,-0.0212765957446808,근데 오피스텔에 내가 아는 애가 살고 있는 애가 있어서 얼마 전에 한번 가 보긴 했어,33,15,normal
SD2200931-SDRW2200000949.1.1.122,아 그러면 그,어 그러면 그,0.1428571428571428,아 그러면 그,어 그러면 그,0.1428571428571428,0.0,아 그러면 그,5,3,low_info
SD2200931-SDRW2200000949.1.1.80,어 방이 몇 갠 거야,어 방이 몇 개인 거야,0.1818181818181818,어 방이 몇 갠 거야,어 방이 몇 개 거야,0.0909090909090909,0.0909090909090909,어 방이 몇 갠 거야,7,5,normal
SD2200931-SDRW2200000950.1.1.326,나는 전기차 좋은 거 같아,난 전기차가 좋은 거 같아,0.2142857142857142,나는 전기차 좋은 거 같아,난 정기 차가 좋은 거 같아,0.3571428571428571,-0.1428571428571429,나는 전기차 좋은 거 같아,10,5,normal
SD2200933-SDRW2200000951.1.1.268,오늘은,오늘은,0.0,오늘은,오늘은,0.0,0.0,오늘은,3,1,low_info
SD2200939-SDRW2200000958.1.1.179,다른 것을 해서 그 도움을 주는 방향으로 할게,다른 것을 해서 도움을 주는 방향으로 할게,0.08,다른 것을 해서 그 도움을 주는 방향으로 할게,다른 것을 해서 에 도움을 주는 방향으로 할게,0.04,0.04,다른 것을 해서 그 도움을 주는 방향으로 할게,18,8,normal
SD2200939-SDRW2200000958.1.1.192,이렇게 찾아보기도 하고,이렇게 찾아보기도 하고,0.0,이렇게 찾아보기도 하고,이렇게 찾아보기도 하고,0.0,0.0,이렇게 찾아보기도 하고,10,3,normal
SD2200954-SDRW2200001039.1.1.4,그래 가지고 인테리어는 딱히 안한 거 같아,그래 가지고 인테리어는 딱히 안 한 거 같아,0.0434782608695652,그래 가지고 인테리어는 딱히 안한 거 같아,그래 가지고 인테리어는 딱히 안 한 거 같아,0.0434782608695652,0.0,그래 가지고 인테리어는 딱히 안한 거 같아,17,7,normal
SD2200962-SDRW2200001074.1.1.264,그 사람 프로필 눌러 가지고 그 사람 동영상 싹 다 봐 마음에 들면은,그 사람 풀핏 눌러 가지고 그 사람 동네서 싹 다 봐 마음에 들면은,0.131578947368421,그 사람 프로필 눌러 가지고 그 사람 동영상 싹 다 봐 마음에 들면은,그 사람 프로피 눌러 가지고 그 사람 동네에서 싹 막 터 막 마음에 들면은,0.2105263157894736,-0.0789473684210526,그 사람 프로필 눌러 가지고 그 사람 동영상 싹 다 봐 마음에 들면은,26,13,normal
SD2200963-SDRW2200001095.1.1.16,나는 친구들이 한 2년 전에 좀 많이 갔고,나는 친구들이 한 2년 전에 좀 많이 가고,0.0434782608695652,나는 친구들이 한 2년 전에 좀 많이 갔고,나는 친구들이 한 2년 전에 좀 많이 가고,0.0434782608695652,0.0,나는 친구들이 한 2년 전에 좀 많이 갔고,16,8,normal
SD2200967-SDRW2200001084.1.1.6,맞아 나도 난 올라올 때마다 바로바로 보는 편인데,맞아 나도 난 올라올 때마다 바로바로 보는 편인데,0.0,맞아 나도 난 올라올 때마다 바로바로 보는 편인데,맞아 나 또 난 올라올 때마다 바로바로 보는 편인데,0.074074074074074,-0.074074074074074,맞아 나도 난 올라올 때마다 바로바로 보는 편인데,20,8,normal
SD2201013-SDRW2200001311.1.1.33,골 넣은 거 이렇게 모아 가지고 해주는 거 있긴 하더라고요 그런 거 보면은,골 넣은 걸 이렇게 모아 가지고 해 주는 거 있긴 하더라고요 그런 거 보면은,0.048780487804878,골 넣은 거 이렇게 모아 가지고 해주는 거 있긴 하더라고요 그런 거 보면은,골 넣은 걸 이렇게 모아 가지고 해 주는 거 있긴 하더라고요 그런 거 보면은,0.048780487804878,0.0,골 넣은 거 이렇게 모아 가지고 해주는 거 있긴 하더라고요 그런 거 보면은,29,13,normal
SD2201013-SDRW2200001312.1.1.224,어 털이 많이 붙으니까 검은색 옷이 많이 없다 하더라고요,어 털이 많이 붙으니까 검은색 옷이 많이 없다 하더라고요,0.0,어 털이 많이 붙으니까 검은색 옷이 많이 없다 하더라고요,어 털이 많이 붙으니까 검은색 옷이 많이 없다 하더라고요,0.0,0.0,어 털이 많이 붙으니까 검은색 옷이 많이 없다 하더라고요,23,9,normal
SD2201029-SDRW2200001525.1.1.317,괜찮은 거야,괜찮은 거야,0.0,괜찮은 거야,괜찮은 거야,0.0,0.0,괜찮은 거야,5,2,low_info
SD2201034-SDRW2200001631.1.1.237,너는 심정수를 예를 들었지만 그래도 그때는,너는 심정수를 예를 들었지만 그래도 그때는,0.0,너는 심정수를 예를 들었지만 그래도 그때는,너는 심정수를 예를 들었지만 그래도 그때는,0.0,0.0,너는 심정수를 예를 들었지만 그래도 그때는,18,6,normal
SD2201034-SDRW2200001631.1.1.246,중간 계투 65억 원 주고 사 왔는데,중간계도 65억원 요수 사 왔는데,0.25,중간 계투 65억 원 주고 사 왔는데,중간계도 65분 요 조 사 왔는데,0.3,-0.0499999999999999,중간 계투 65억 원 주고 사 왔는데,14,7,normal
SD2201034-SDRW2200001633.1.1.15,바쁜 사람 친척들이라 해도 아무리 친척들이래도 그런데 넌 어찌 생각하는데,바쁜 사람 친척들이랑 해도 아무리 친척들이라도 그런데 넌 어떻게 생각하는데,0.1,바쁜 사람 친척들이라 해도 아무리 친척들이래도 그런데 넌 어찌 생각하는데,바쁜 사람 친척들이라 해도 아무리 친척들이라도 그런데 넌 어떻게 생각하는데,0.075,0.025,바쁜 사람 친척들이라 해도 아무리 친척들이래도 그런데 넌 어찌 생각하는데,31,10,normal
SD2201039-SDRW2200001643.1.1.273,병원에 들어가셨다는데 뭐 어느 병원인지는 물어봐야 되고,어 병원에 들어가셨다는데 뭐 언니 병원이지 물어봐야 되고,0.2,병원에 들어가셨다는데 뭐 어느 병원인지는 물어봐야 되고,응 병원에 들어가셨다는데 뭐 근데 병원인지 물어봐야 되고,0.1666666666666666,0.0333333333333334,병원에 들어가셨다는데 뭐 어느 병원인지는 물어봐야 되고,24,7,normal
SD2201046-SDRW2200001948.1.1.25,유튜브에 모음집,유튜브에 모은 집,0.25,유튜브에 모음집,유튜브에 뭐지,0.375,-0.125,유튜브에 모음집,7,2,low_info
SD2201049-SDRW2200002013.1.1.7,뭐 대기업이 좋나 중소기업이 좋나 이런 여러 가지 생각을 했는데,어 대기업이 좋나 중소기업이셨나 이런 여러 가지 생각을 했는데,0.0857142857142857,뭐 대기업이 좋나 중소기업이 좋나 이런 여러 가지 생각을 했는데,어 대기업이 좋나 중소기업이 좋나 이런 여러 가지 생각을 했는데,0.0285714285714285,0.0571428571428572,뭐 대기업이 좋나 중소기업이 좋나 이런 여러 가지 생각을 했는데,26,10,normal
SD2201074-SDRW2200000791.1.1.233,친구들은 번지 점프,친구들은 번지 점보,0.1,친구들은 번지 점프,친구들은 번지 정보,0.2,-0.1,친구들은 번지 점프,8,3,normal
SD2201098-SDRW2200001000.1.1.127,봉사가 다양한 봉사를,봉사가 다양한 봉사를,0.0,봉사가 다양한 봉사를,봉사가 다양한 봉사를,0.0,0.0,봉사가 다양한 봉사를,9,3,normal
SD2201127-SDRW2200001116.1.1.37,너는 제일 좋아하는 밴드가 뭐니,너는 제일 좋아하는 밴드가 뭐니,0.0,너는 제일 좋아하는 밴드가 뭐니,너는 제일 좋아하는 밴드가 뭐니,0.0,0.0,너는 제일 좋아하는 밴드가 뭐니,13,5,normal
SD2201127-SDRW2200001116.1.1.96,그 곡을 우리 밴드실에서 많이 연주했던 거 같아서,그 곡을 우리 밴드실에서 많이 연주했던 거 같아서,0.0,그 곡을 우리 밴드실에서 많이 연주했던 거 같아서,그 곡을 우리 밴드실에서 많이 연주했던 거 같아서,0.0,0.0,그 곡을 우리 밴드실에서 많이 연주했던 거 같아서,20,8,normal
SD2201151-SDRW2200002421.1.1.299,아직도 거의 반반 같은데,아직도 거의 반반인 거 같은데,0.2307692307692307,아직도 거의 반반 같은데,아직도 거의 반반 같은데,0.0,0.2307692307692307,아직도 거의 반반 같은데,10,4,normal
SD2201155-SDRW2200002457.1.1.40,버스 기사님들도,버스 기사님들도,0.0,버스 기사님들도,버스 기사님들도,0.0,0.0,버스 기사님들도,7,2,low_info
SD2201160-SDRW2200001186.1.1.241,좀 우리가 그 8년 동안 쌓아 온 그,좀 우리가 그 8년 동안 쌓은 그,0.15,좀 우리가 그 8년 동안 쌓아 온 그,좀 우리가 그 8년 동안 싸운 그,0.2,-0.05,좀 우리가 그 8년 동안 쌓아 온 그,13,8,normal
SD2201168-SDRW2200001491.1.1.86,가만히 있어 돈도 안 내고 그래 가지고,가만히 있어 돈도 안 내고 그래 가지고,0.0,가만히 있어 돈도 안 내고 그래 가지고,가 많이 있어 돈도 안 내고 그래 가지고,0.1428571428571428,-0.1428571428571428,가만히 있어 돈도 안 내고 그래 가지고,15,7,normal
SD2201213-SDRW2200000710.1.1.133,근데 그 마스크는 교체를 할 수 없고 계속 그,근데 그 마스크는 교체를 할 수 없고 계속 그,0.0,근데 그 마스크는 교체를 할 수 없고 계속 그,근데 그 마스크는 교체를 할 수 없고 계속 그,0.0,0.0,근데 그 마스크는 교체를 할 수 없고 계속 그,17,9,normal
SD2201216-SDRW2200000711.1.1.79,길거리 고양이들도 밥도 먹고 그런 줄 알았는데,길거리 고양이도 밥도 먹고 그런 줄 알았는데,0.04,길거리 고양이들도 밥도 먹고 그런 줄 알았는데,길거리 고양이들도 밥도 없고 그런 줄 알았는데,0.04,0.0,길거리 고양이들도 밥도 먹고 그런 줄 알았는데,19,7,normal
SD2201216-SDRW2200000712.1.1.219,이미 많은 사람들이 화장을 하고 있으면,이미 많은 사람들이 화장을 하고 있으면,0.0,이미 많은 사람들이 화장을 하고 있으면,이미 많은 사람들이 화장을 하고 있으면,0.0,0.0,이미 많은 사람들이 화장을 하고 있으면,16,6,normal
SD2201219-SDRW2200000729.1.1.315,개코가 뭔지 알아,케이커가 뭔지 알아,0.3333333333333333,개코가 뭔지 알아,개크가 뭔지 알아,0.1111111111111111,0.2222222222222222,개코가 뭔지 알아,7,3,normal
SD2201230-SDRW2200000830.1.1.19,어 너무너무 많이 걸어 다녔겠는데,어 너무 너무 많이 걸어 다녔겠는데,0.0555555555555555,어 너무너무 많이 걸어 다녔겠는데,어 너무 너무 많이 걸어 다녔겠는데,0.0555555555555555,0.0,어 너무너무 많이 걸어 다녔겠는데,14,5,normal
SD2201245-SDRW2200000945.1.1.376,비싸지만은 되게 편하잖아,비싸지만은 되게 편하잖아,0.0,비싸지만은 되게 편하잖아,비싸지만은 되게 편하잖아,0.0,0.0,비싸지만은 되게 편하잖아,11,3,normal
SD2201245-SDRW2200000946.1.1.199,그걸 좀 느껴보고 싶어,그걸 좀 느껴 보고 싶어,0.0833333333333333,그걸 좀 느껴보고 싶어,그걸 좀 느껴 보고 싶어,0.0833333333333333,0.0,그걸 좀 느껴보고 싶어,9,4,normal
SD2201245-SDRW2200000946.1.1.7,개인적으로 나는,개인적으로 나는,0.0,개인적으로 나는,개인적으로 나는,0.0,0.0,개인적으로 나는,7,2,low_info
SD2201285-SDRW2200002634.1.1.30,삼성은 시험도 본다며,삼성은 시험도 온다면,0.1818181818181818,삼성은 시험도 본다며,삼성은 시험 온다면,0.2727272727272727,-0.0909090909090909,삼성은 시험도 본다며,9,3,normal
SD2201317-SDRW2200000384.1.1.225,이렇게 호감 가는 사람과,이렇게 호감 가는 사람과,0.0,이렇게 호감 가는 사람과,이렇게 호감 가는 사람과,0.0,0.0,이렇게 호감 가는 사람과,10,4,normal
SD2201327-SDRW2200002105.1.1.204,내 공부가 다 됐는 지를,내 공부가 다 됐는지를,0.0769230769230769,내 공부가 다 됐는 지를,내 공부가 다 됐는지를,0.0769230769230769,0.0,내 공부가 다 됐는 지를,9,5,normal
SD2201327-SDRW2200002108.1.1.116,안 내려 그러면 말도 안 하고 그냥 가버리면,안 내려 그러면 말도 안 하고 그냥 가 버리면,0.0416666666666666,안 내려 그러면 말도 안 하고 그냥 가버리면,안 내려 그러면 말도 안 하고 그냥 가 버리면,0.0416666666666666,0.0,안 내려 그러면 말도 안 하고 그냥 가버리면,17,8,normal
SD2201332-SDRW2200002734.1.1.351,막 열심히는 안 봤다랄까,막 열심히 안 봤다가 달라,0.3846153846153846,막 열심히는 안 봤다랄까,막 욕심이 아 맞다 아 다,0.6923076923076923,-0.3076923076923077,막 열심히는 안 봤다랄까,10,4,normal
SD2201332-SDRW2200002735.1.1.218,근데 나한테 지갑을 달라는 거야,그러니까 나한테 지갑을 달라는 거야,0.2352941176470588,근데 나한테 지갑을 달라는 거야,그 나한테 지갑을 달라는 거야,0.1176470588235294,0.1176470588235294,근데 나한테 지갑을 달라는 거야,13,5,normal
SD2201332-SDRW2200002735.1.1.55,오빠 어른들이 그런 말 하던데,그러니까 어른들이 그런 말 하는데,0.3125,오빠 어른들이 그런 말 하던데,그러니까 어른들이 그런 말 하던데,0.25,0.0625,오빠 어른들이 그런 말 하던데,12,5,normal
SD2201359-SDRW2200000638.1.1.218,나도 사실은 좀 캐주얼한 스타일을 되게 좋아해 흰 티에 그냥 청바지 입고,나도 사실은 좀 캐주얼한 스타일을 되게 좋아해 흰티에 그냥 청바지 입고,0.025,나도 사실은 좀 캐주얼한 스타일을 되게 좋아해 흰 티에 그냥 청바지 입고,나도 사실은 좀 캐주얼한 스타일을 되게 좋아해 흰티에 그냥 청바지 입고,0.025,0.0,나도 사실은 좀 캐주얼한 스타일을 되게 좋아해 흰 티에 그냥 청바지 입고,29,12,normal
SD2201367-SDRW2200000204.1.1.9,가수들 뽑는 그런 프로그램이었는데,가수들 뽑는 그런 프로그램이었는데,0.0,가수들 뽑는 그런 프로그램이었는데,가수들 뽑는 그런 프로그램이었는데,0.0,0.0,가수들 뽑는 그런 프로그램이었는데,15,4,normal
SD2201375-SDRW2200000263.1.1.162,추구를 해야 될 거 같아 내 생각에는 이제 내가 그래서 내가 생각한 게,추구를 해야 될 거 같아 내 생각에는 이제 내가 그래서 내가 생각한 게,0.0,추구를 해야 될 거 같아 내 생각에는 이제 내가 그래서 내가 생각한 게,추구를 해야 될 거 같아 내 생각에는 이제 내가 그래서 내가 생각한 게,0.0,0.0,추구를 해야 될 거 같아 내 생각에는 이제 내가 그래서 내가 생각한 게,27,13,normal
SD2201375-SDRW2200000263.1.1.198,코로나가 좀 코 침 이런 분비물 때문에,코로나가 지금 고 침 이런 붐비 때문에,0.238095238095238,코로나가 좀 코 침 이런 분비물 때문에,코로나가 좀 코 침 이런 분비 때문에,0.0476190476190476,0.1904761904761904,코로나가 좀 코 침 이런 분비물 때문에,15,7,normal
SD2201384-SDRW2200000259.1.1.189,한 3번씩 읽고 한 1번 1가지 책을 3번씩 읽고,한 3번씩 있고 한 1번 1가지 최근에 3번씩 읽고,0.1481481481481481,한 3번씩 읽고 한 1번 1가지 책을 3번씩 읽고,한 3번씩 있고 한 1번 1가지 제가 3번씩 읽고,0.1111111111111111,0.037037037037037,한 3번씩 읽고 한 1번 1가지 책을 3번씩 읽고,19,9,normal
SD2201390-SDRW2200000673.1.1.180,좀 좀 다른 느낌인지가 궁금해요,좀 좀 다른 느낌인지가 궁금해요,0.0,좀 좀 다른 느낌인지가 궁금해요,좀 좀 다른 느낌인지가 궁금해요,0.0,0.0,좀 좀 다른 느낌인지가 궁금해요,13,5,normal
SD2201390-SDRW2200000673.1.1.241,그런 이제 청첩 청첩장을 봤을 때,그런 이제 청첩 청첩장을 봤을 때,0.0,그런 이제 청첩 청첩장을 봤을 때,그런 이제 청첩 청첩장을 봤을 때,0.0,0.0,그런 이제 청첩 청첩장을 봤을 때,13,6,normal
SD2201400-SDRW2200000290.1.1.76,그래서 쪼끔 얻어먹었는데,그래서 조금 얻어 먹었는데,0.2307692307692307,그래서 쪼끔 얻어먹었는데,그래서 쪼끔 얻어 먹었는데,0.0769230769230769,0.1538461538461538,그래서 쪼끔 얻어먹었는데,11,3,normal
SD2201411-SDRW2200000308.1.1.128,그 골프는,그 골프는,0.0,그 골프는,그 골프는,0.0,0.0,그 골프는,4,2,low_info
SD2201411-SDRW2200000308.1.1.278,같이 해 줘야지,같이 해 줘야지,0.0,같이 해 줘야지,같이 해 줘야지,0.0,0.0,같이 해 줘야지,6,3,normal
SD2201418-SDRW2200000330.1.1.170,남자가 혼수를 해 가는,남자가 혼수를 해 가는,0.0,남자가 혼수를 해 가는,남자가 혼수를 해 가는,0.0,0.0,남자가 혼수를 해 가는,9,4,normal
SD2201425-SDRW2200000342.1.1.251,근데 요즘은 영화관도 잘 나오던데,근데 요즘은 영화관도 잘 나오던데,0.0,근데 요즘은 영화관도 잘 나오던데,근데 요즘은 영화관도 잘 나오던데,0.0,0.0,근데 요즘은 영화관도 잘 나오던데,14,5,normal
SD2201425-SDRW2200000344.1.1.7,취향이긴 한데,취향이긴 한데,0.0,취향이긴 한데,취향이긴 한데,0.0,0.0,취향이긴 한데,6,2,low_info
SD2201439-SDRW2200000780.1.1.233,그리고 야외 같은 데 전경을 보면서,그리고 야외 같은 데 전경을 보면서,0.0,그리고 야외 같은 데 전경을 보면서,그리고 야외 같은 데 정경을 보면서,0.0526315789473684,-0.0526315789473684,그리고 야외 같은 데 전경을 보면서,14,6,normal
SD2201442-SDRW2200000796.1.1.15,내가 다니는 동선도 정해져 있고,내가 다니는 동선도 정해져 있고,0.0,내가 다니는 동선도 정해져 있고,내가 다니는 동선도 생해져 있고,0.0588235294117647,-0.0588235294117647,내가 다니는 동선도 정해져 있고,13,5,normal
SD2201447-SDRW2200000368.1.1.148,이 집이 유일하게 맛집이라고,이 짐 이 유일하게 맛집이라고,0.1333333333333333,이 집이 유일하게 맛집이라고,이 짐이 유일하게 맛집이라고,0.0666666666666666,0.0666666666666667,이 집이 유일하게 맛집이라고,12,4,normal
SD2201515-SDRW2200000967.1.1.252,아 그래도,아 그래도,0.0,아 그래도,아 그래도,0.0,0.0,아 그래도,4,2,low_info
SD2201531-SDRW2200002566.1.1.313,나는 진짜 나영석 피디가 천재라고 생각이 많이 드는 게,나는 이제 진짜 나약 소비가 천재라는 생각이 많이 드는 게,0.2666666666666666,나는 진짜 나영석 피디가 천재라고 생각이 많이 드는 게,나는 이제 진짜 나영석이가 천재라고 생각이 많이 들는 게,0.2333333333333333,0.0333333333333333,나는 진짜 나영석 피디가 천재라고 생각이 많이 드는 게,22,9,normal
SD2201535-SDRW2200001010.1.1.399,어 드래곤 뭐 도마뱀이었던 거 같은데,어 드래곤 뭐 드라마뱀이었던 거 같은데,0.1,어 드래곤 뭐 도마뱀이었던 거 같은데,어 드래곤 뭐 드라마이었던 거 같은데,0.15,-0.0499999999999999,어 드래곤 뭐 도마뱀이었던 거 같은데,15,6,normal
SD2201547-SDRW2200001021.1.1.3,어 집에 들어오자마자 청소를 했던 거 같아요,어 집에 들어오자마자 청소를 했던 거 같아요,0.0,어 집에 들어오자마자 청소를 했던 거 같아요,어 집에 들어오자마자 청소를 했던 거 같아요,0.0,0.0,어 집에 들어오자마자 청소를 했던 거 같아요,18,7,normal
SD2201550-SDRW2200001055.1.1.167,좀 늦은 편이라곤 했어,좀 늦은 편이라곤 했어,0.0,좀 늦은 편이라곤 했어,좀 늦은 편이라고 했어,0.0833333333333333,-0.0833333333333333,좀 늦은 편이라곤 했어,9,4,normal
SD2201550-SDRW2200001056.1.1.334,15구 그거 공원 있는 데 파리 15구 공원,15구 그거 공원인데 8 215 90원,0.4166666666666667,15구 그거 공원 있는 데 파리 15구 공원,15 그 그거 공원 있는데 82 1590원,0.3333333333333333,0.0833333333333333,15구 그거 공원 있는 데 파리 15구 공원,17,8,normal
SD2201556-SDRW2200001075.1.1.205,음 별로 좋은 톤이 아닌데,응 별로 좋은 톤이 아닌데,0.0714285714285714,음 별로 좋은 톤이 아닌데,응 별로 좋은 톤이 아닌데,0.0714285714285714,0.0,음 별로 좋은 톤이 아닌데,10,5,normal
SD2201560-SDRW2200001079.1.1.268,예 예 밖에서 인제 느낌이 전에 직접 키우지는 않았지만,예 밖에서 인제 느낌이 전에 직접 키우진 않았지만,0.1333333333333333,예 예 밖에서 인제 느낌이 전에 직접 키우지는 않았지만,예 밖에서 인제 느낌이 전에 직접 키우진 않았지만,0.1333333333333333,0.0,예 예 밖에서 인제 느낌이 전에 직접 키우지는 않았지만,22,9,normal
SD2201560-SDRW2200001079.1.1.86,지금 생각을 좀 하고 있어요,지금 생각을 지금 하고 있어요,0.1333333333333333,지금 생각을 좀 하고 있어요,지금 생각을 좀 하고 있어요,0.0,0.1333333333333333,지금 생각을 좀 하고 있어요,11,5,normal
SD2201560-SDRW2200001080.1.1.332,그 좋은 부분들도 많더라고요 근데 인제 지금,그 좋은 부분들도 많더라고요 근데 인제 지금,0.0,그 좋은 부분들도 많더라고요 근데 인제 지금,그 좋은 부분들도 많더라고요 근데 인제 지금,0.0,0.0,그 좋은 부분들도 많더라고요 근데 인제 지금,18,7,normal
SD2201578-SDRW2200002364.1.1.78,어 난 국물 좋아하는데,어 난 국물 좋아하는데,0.0,어 난 국물 좋아하는데,어 난 국물 좋아하는데,0.0,0.0,어 난 국물 좋아하는데,9,4,normal
SD2201587-SDRW2200001143.1.1.477,걔는 한 10개 20개 그냥 먹어,개는 10개 20개 그냥 먹어,0.1666666666666666,걔는 한 10개 20개 그냥 먹어,걔 한 이 10개 20개가 그냥 먹어,0.2222222222222222,-0.0555555555555556,걔는 한 10개 20개 그냥 먹어,13,6,normal
SD2201587-SDRW2200001143.1.1.48,어,어,0.0,어,어,0.0,0.0,어,1,1,low_info
SD2201588-SDRW2200002075.1.1.223,아 그 저기,아 그 저기,0.0,아 그 저기,아 그 저기,0.0,0.0,아 그 저기,4,3,low_info
SD2201589-SDRW2200002075.1.1.173,매 마찬가집니다,매 마찬가지입니다,0.25,매 마찬가집니다,매 마찬가지입니다,0.25,0.0,매 마찬가집니다,7,2,low_info
SD2201589-SDRW2200002076.1.1.125,어 물가 부분도 그렇지만은,어 물가 부분도 그렇지만은,0.0,어 물가 부분도 그렇지만은,어 물가 부분도 그렇지만은,0.0,0.0,어 물가 부분도 그렇지만은,11,4,normal
SD2201599-SDRW2200001165.1.1.246,거기는 무조건 앉아서 갈,거기는 무조건 앉아서 가야,0.1538461538461538,거기는 무조건 앉아서 갈,거기는 무조건 앉아서 가,0.0769230769230769,0.0769230769230769,거기는 무조건 앉아서 갈,10,4,normal
SD2201618-SDRW2200002477.1.1.347,어 어,어이거든 어,1.0,어 어,어,0.6666666666666666,0.3333333333333333,어 어,2,2,low_info
SD2201618-SDRW2200002478.1.1.52,바다도 지금 물건에 울타리 치니까 물건 못 들어가서 못 먹잖아,바다도 지금 물건에 울타리 치니까 물건 못 들어가서 못 먹잖아,0.0,바다도 지금 물건에 울타리 치니까 물건 못 들어가서 못 먹잖아,바다도 지금 물건을 울타리 치니까 물건 못 들어가서 못 먹잖아,0.0294117647058823,-0.0294117647058823,바다도 지금 물건에 울타리 치니까 물건 못 들어가서 못 먹잖아,25,10,normal
SD2201622-SDRW2200001189.1.1.126,목소리가 딱 깔리면서 너무 잘 부르는 거야 톤이 되게 단단하고,목소리가 딱 깔리면서 너무 잘 부르는 거야 톤이 되게 단단하고,0.0,목소리가 딱 깔리면서 너무 잘 부르는 거야 톤이 되게 단단하고,목소리가 딱 깔리면서 너무 잘 부르는 거야 톤이 되게 단단하고,0.0,0.0,목소리가 딱 깔리면서 너무 잘 부르는 거야 톤이 되게 단단하고,25,10,normal
SD2201631-SDRW2200001047.1.1.21,알겠다고는 했는데 모르겠다,알겠다곤 했는데 모르겠다,0.1428571428571428,알겠다고는 했는데 모르겠다,알겠다고는 했는데 모르겠다,0.0,0.1428571428571428,알겠다고는 했는데 모르겠다,12,3,normal
SD2201631-SDRW2200001047.1.1.3,그 두 개밖에 없으니까,구두에밖에 없으니까,0.3333333333333333,그 두 개밖에 없으니까,그도 얘밖에 없으니까,0.25,0.0833333333333333,그 두 개밖에 없으니까,9,4,normal
SD2201631-SDRW2200001048.1.1.232,좋은 거지 그래서 고민이 많고 생각도 많고 할 일이 많아서 힘든 거긴 해도,좋은 거지 그래서 고민이 많고 생각도 많고 할 일이 많아서 힘든 거긴 해도,0.0,좋은 거지 그래서 고민이 많고 생각도 많고 할 일이 많아서 힘든 거긴 해도,좋은 거지 그래서 고민이 많고 생각도 많고 할 일이 많아서 힘든 거긴 해도,0.0,0.0,좋은 거지 그래서 고민이 많고 생각도 많고 할 일이 많아서 힘든 거긴 해도,29,13,normal
SD2201631-SDRW2200001048.1.1.245,일단 뭐 일수를 받아서 계약 그걸 하고 나면,일단 뭐 일수륵 받아서 계약 그걸 하고 나면,0.0416666666666666,일단 뭐 일수를 받아서 계약 그걸 하고 나면,일단 뭐 일수를 받아서 계약 그걸 하고 나면,0.0,0.0416666666666666,일단 뭐 일수를 받아서 계약 그걸 하고 나면,17,8,normal
SD2201632-SDRW2200001048.1.1.119,하여간 돈이,그러니까 돈이,0.6666666666666666,하여간 돈이,그러니까 돈이,0.6666666666666666,0.0,하여간 돈이,5,2,low_info
SD2201641-SDRW2200001089.1.1.56,음 어떤 가게를 내는 것도 좀 고민을 해 봐야 될 거 같아,음 어떤 가게를 하는 것도 좀 고민을 해 봐야 될 거 같아,0.03125,음 어떤 가게를 내는 것도 좀 고민을 해 봐야 될 거 같아,응 어떤 가게를 내는 것도 좀 고민을 해 봐야 될 거 같아,0.03125,0.0,음 어떤 가게를 내는 것도 좀 고민을 해 봐야 될 거 같아,21,12,normal
SD2201666-SDRW2200002442.1.1.117,그럼 너는 초등 초중고 중에,그럼 너는 초 초중고 중에,0.0666666666666666,그럼 너는 초등 초중고 중에,그럼 나는 초등 초중고 중에,0.0666666666666666,0.0,그럼 너는 초등 초중고 중에,11,5,normal
SD2201673-SDRW2200002471.1.1.17,그러면 리그전을 하잖아,그러면 리그전을 하잖아,0.0,그러면 리그전을 하잖아,그러면 리그전을 하잖아,0.0,0.0,그러면 리그전을 하잖아,10,3,normal
SD2201677-SDRW2200001183.1.1.296,인제 좀 흥미를 잃을 거 같아,이제 좀 흥미를 이룰 거 같아,0.1875,인제 좀 흥미를 잃을 거 같아,이제 좀 흥미를 잃을 거 같아,0.0625,0.125,인제 좀 흥미를 잃을 거 같아,11,6,normal
SD2201686-SDRW2200001196.1.1.78,최저가에서 택배비가 안 붙었는데 최저가 아닌데 택배비가 붙으면 또 돈이,최저가에서 태플비가 안 붙은데 최저가가 아닌데 택배가 붙으면 또 돈이,0.1538461538461538,최저가에서 택배비가 안 붙었는데 최저가 아닌데 택배비가 붙으면 또 돈이,최저가에서 택배비가 안 붙은데 최저가가 아닌데 택배가 붙으면 또 돈이,0.1025641025641025,0.0512820512820512,최저가에서 택배비가 안 붙었는데 최저가 아닌데 택배비가 붙으면 또 돈이,30,10,normal
SD2201693-SDRW2200001235.1.1.297,귀여운데 요즘 보니까 저는 잘 그걸 안 보거든요 엄마 집에 갈 때마다 봐요 엄마 집 가면 맨날,귀여운데 요즘 보니까 저는 자기 그걸 안 보 같은 얘기 엄마 집에 갈 때마다 봐요 엄마 집 가면 맨날,0.1538461538461538,귀여운데 요즘 보니까 저는 잘 그걸 안 보거든요 엄마 집에 갈 때마다 봐요 엄마 집 가면 맨날,귀여운데 요즘 보니까 저는 자 그걸 안 보거든 여기 엄마 집에 갈 때마다 봐요 엄마 집 가면 맨날,0.0769230769230769,0.0769230769230769,귀여운데 요즘 보니까 저는 잘 그걸 안 보거든요 엄마 집에 갈 때마다 봐요 엄마 집 가면 맨날,36,17,normal
SD2201701-SDRW2200001098.1.1.156,뭐 제가 필요한 영양제나 이런 것은,뭐 제가 필요한 영양제나 이런 것은,0.0,뭐 제가 필요한 영양제나 이런 것은,뭐 제가 필요한 영양제나 이런 것은,0.0,0.0,뭐 제가 필요한 영양제나 이런 것은,14,6,normal
SD2201705-SDRW2200002365.1.1.128,걔는 이름이 뭐였어,걔는 이구이 있어,0.3,걔는 이름이 뭐였어,걔는 이금이 뭐였어,0.1,0.1999999999999999,걔는 이름이 뭐였어,8,3,normal
SD2201709-SDRW2200001171.1.1.238,내년 여름 정도를 좀 기대를 해 봐야 되려나 봐요,내년 여름 정도를 좀 기대를 해 봐야 되려나 봐요,0.0,내년 여름 정도를 좀 기대를 해 봐야 되려나 봐요,내년 여름 정도를 좀 기대를 해 봐야 되려나 봐요,0.0,0.0,내년 여름 정도를 좀 기대를 해 봐야 되려나 봐요,19,9,normal
SD2201716-SDRW2200002525.1.1.137,우린 축구 반 대항전을 많이 했었지 그다음에,우리 축구 반대전을 많이 했었지 그다음에,0.125,우린 축구 반 대항전을 많이 했었지 그다음에,우리 축구 반대 한전을 많이 했었지 그다음에,0.1666666666666666,-0.0416666666666666,우린 축구 반 대항전을 많이 했었지 그다음에,18,7,normal
SD2201775-SDRW2200002570.1.1.256,그러면은 꿀은 무거우니까 잘 안착해서 가라앉는단 말이야,그러면은 골은 무거워 이래서 안 시해 달라는단 말이야,0.3666666666666666,그러면은 꿀은 무거우니까 잘 안착해서 가라앉는단 말이야,그러면은 오은 무거움이 가서 안 착하게 달아는단 말이야,0.4,-0.0333333333333334,그러면은 꿀은 무거우니까 잘 안착해서 가라앉는단 말이야,24,7,normal
SD2201775-SDRW2200002571.1.1.14,신세계 백화점 그 상품권이,신생일 백 파점로 상품권이,0.4285714285714285,신세계 백화점 그 상품권이,신세계 세화점 그 상품권이,0.0714285714285714,0.3571428571428571,신세계 백화점 그 상품권이,11,4,normal
SD2201797-SDRW2200002599.1.1.29,교통도 좀 불편하고,교통도 좀 불편하고,0.0,교통도 좀 불편하고,교통도 좀 불편하고,0.0,0.0,교통도 좀 불편하고,8,3,normal
SD2201812-SDRW2200001278.1.1.360,아침,아침,0.0,아침,아침,0.0,0.0,아침,2,1,low_info
SD2201815-SDRW2200002614.1.1.393,아 그런 것도 학교에서 했었던 거 같아요 수행 평가 이런 걸로,아 그런 것도 학교에서 했었던 거 같아 학생방과 이런 걸로,0.1764705882352941,아 그런 것도 학교에서 했었던 거 같아요 수행 평가 이런 걸로,아 그런 것도 학교에서 했던 거 같아 학생 평가 이런 걸로,0.1176470588235294,0.0588235294117647,아 그런 것도 학교에서 했었던 거 같아요 수행 평가 이런 걸로,24,11,normal
SD2201816-SDRW2200002614.1.1.155,특히나 이제 발목 같은 거 나 이렇게 잘못하다 나가면은,특히나 이제 발목 같은 거나 이렇게 잘못하다 나가면은,0.0333333333333333,특히나 이제 발목 같은 거 나 이렇게 잘못하다 나가면은,특히나 이제 발목 같은 거 나 이게 잘못하고 나가면은,0.0666666666666666,-0.0333333333333333,특히나 이제 발목 같은 거 나 이렇게 잘못하다 나가면은,22,9,normal
SD2201816-SDRW2200002615.1.1.283,엄청 이뻤어요,엄청 이뻤어요,0.0,엄청 이뻤어요,엄청 이뻤어요,0.0,0.0,엄청 이뻤어요,6,2,low_info
SD2201816-SDRW2200002615.1.1.390,바로는 아닌데,바로는 아닌데,0.0,바로는 아닌데,바로는 아닌데,0.0,0.0,바로는 아닌데,6,2,low_info
SD2201816-SDRW2200002615.1.1.85,직접 구매해서 키웠던 애완동물이고,직접 구매해서 키웠던 애완동물이고,0.0,직접 구매해서 키웠던 애완동물이고,직접 구매해서 키웠던 애완동물이고,0.0,0.0,직접 구매해서 키웠던 애완동물이고,15,4,normal
SD2201835-SDRW2200001355.1.1.295,뭐 여러 가지 좋은 점이 많으니까 사람들도 유입이 돼서 뭐 인제,뭐 여러 가지 좋은 점이 많으니까 사람들도 이입이 돼서 뭐 인제,0.0285714285714285,뭐 여러 가지 좋은 점이 많으니까 사람들도 유입이 돼서 뭐 인제,뭐 여러 가지 좋은 점이 많으니까 사람들도 유입이 돼서 뭐 인제,0.0,0.0285714285714285,뭐 여러 가지 좋은 점이 많으니까 사람들도 유입이 돼서 뭐 인제,25,11,normal
SD2201836-SDRW2200001355.1.1.209,못 믿으니까 자기가 또 해야 되니까 그냥 안 시켜,못 믿으니까 자기 또 되니까 그냥 안 시켜,0.1481481481481481,못 믿으니까 자기가 또 해야 되니까 그냥 안 시켜,못 믿으니까 자기가 떠야 되니까 그냥 안 시켜,0.1111111111111111,0.037037037037037,못 믿으니까 자기가 또 해야 되니까 그냥 안 시켜,19,9,normal
SD2201836-SDRW2200001355.1.1.378,아이 그렇죠 예 예,아 그렇죠 예 예,0.1,아이 그렇죠 예 예,아 그렇죠 예 예,0.1,0.0,아이 그렇죠 예 예,7,4,normal
SD2201836-SDRW2200001356.1.1.95,그러니까 2등인데 3등한테 지고 그러다 보니까,그러니까 2등인데 삼아 가지고 그러다 보니까,0.2,그러니까 2등인데 3등한테 지고 그러다 보니까,아 그러니까 20인데 잠당 가지고 그러다 보니까,0.32,-0.12,그러니까 2등인데 3등한테 지고 그러다 보니까,20,6,normal
SD2201838-SDRW2200002655.1.1.154,장거리 같은 경우에는 방법이 없어,장거리 같은 경우에 난 방법이 없어,0.1111111111111111,장거리 같은 경우에는 방법이 없어,장거리 같은 경우에 난 방법이 없어,0.1111111111111111,0.0,장거리 같은 경우에는 방법이 없어,14,5,normal
SD2201838-SDRW2200002655.1.1.292,노년층보다는,노년층보다는,0.0,노년층보다는,노년층보다는,0.0,0.0,노년층보다는,6,1,low_info
SD2201840-SDRW2200001386.1.1.337,그치 프랑스 그다음에 뭐,그치 프랑스 그다음에 뭐,0.0,그치 프랑스 그다음에 뭐,그치 프랑스 그다음에 뭐,0.0,0.0,그치 프랑스 그다음에 뭐,10,4,normal
SD2201845-SDRW2200002674.1.1.176,사실 원래는 근데 의료,한 40 원래는 근데 의료,0.3333333333333333,사실 원래는 근데 의료,사실 원래는 근데 의료,0.0,0.3333333333333333,사실 원래는 근데 의료,9,4,normal
SD2201845-SDRW2200002675.1.1.163,일단 내 입장에서 봤을 때는 교통이 편해야지,일단 내 입장에서 봤을 때는 교통이 편해야지,0.0,일단 내 입장에서 봤을 때는 교통이 편해야지,일단 내 입장에서 봤을 때는 교통이 편해야지,0.0,0.0,일단 내 입장에서 봤을 때는 교통이 편해야지,18,7,normal
SD2201845-SDRW2200002675.1.1.205,재밌어 보이는 거 좋다고 생각을 했어,재밌어 보이는 거 좋다고 생각을 했어,0.0,재밌어 보이는 거 좋다고 생각을 했어,재밌어 보이는 건가 좋다고 낸다 어,0.3,-0.3,재밌어 보이는 거 좋다고 생각을 했어,15,6,normal
SD2201849-SDRW2200002678.1.1.218,요즘은 그 투어 버스 같은 거,요즘은 그 투어 버스 같은 거,0.0,요즘은 그 투어 버스 같은 거,요즘은 그 투어 버스 같은 거,0.0,0.0,요즘은 그 투어 버스 같은 거,11,6,normal
SD2201849-SDRW2200002678.1.1.362,난 1종 대형 면허가 있으니까,아니 그 대형 배우가 그,0.625,난 1종 대형 면허가 있으니까,나는 좀 대형 경우가 있어부터,0.5625,0.0625,난 1종 대형 면허가 있으니까,12,5,normal
SD2201849-SDRW2200002679.1.1.192,왜냐하면 그때 좀 같이,왜냐하면 그때 좀 같이,0.0,왜냐하면 그때 좀 같이,왜냐하면 그때 좀 같이,0.0,0.0,왜냐하면 그때 좀 같이,9,4,normal
SD2201851-SDRW2200002515.1.1.360,그런 거 카페 가면,그런 거 카페 가면,0.0,그런 거 카페 가면,그런 거 카페 가면,0.0,0.0,그런 거 카페 가면,7,4,normal
SD2201922-SDRW2200001433.1.1.253,요즘 퀵보드 타는 사람이 많아져 가지고 법도 엄청 강화된 거 알아,요즘 킥보드 타는 사람이 많아져 가지고 법도 엄청 강화된 거 알아,0.0277777777777777,요즘 퀵보드 타는 사람이 많아져 가지고 법도 엄청 강화된 거 알아,요즘 킥보드 타는 사람이 많아져 가지고 법도 엄청 강화된 거 알아,0.0277777777777777,0.0,요즘 퀵보드 타는 사람이 많아져 가지고 법도 엄청 강화된 거 알아,26,11,normal
SD2201922-SDRW2200001433.1.1.61,학교가 이제 좀 평지다 보니깐,학교가 이제 좀 평지다 보니까,0.0625,학교가 이제 좀 평지다 보니깐,학교가 이제 좀 평지다 보니까,0.0625,0.0,학교가 이제 좀 평지다 보니깐,12,5,normal
SD2201933-SDRW2200001562.1.1.143,쪼끔 사람이랑 떨어지면 좋지 않을까,쪼끔 사람이랑 떨어지면 좋지 않을까,0.0,쪼끔 사람이랑 떨어지면 좋지 않을까,쪼끔 사람이랑 떨어지면 좋지 않을까,0.0,0.0,쪼끔 사람이랑 떨어지면 좋지 않을까,15,5,normal
SD2201935-SDRW2200001651.1.1.1,내가 대중교통을 타다가,내가 대중교통을 타다가,0.0,내가 대중교통을 타다가,내가 대중교통을 타다가,0.0,0.0,내가 대중교통을 타다가,10,3,normal
SD2201951-SDRW2200002680.1.1.2,혹시 어디로 이사하실 예정이에요,혹시 어디로 이사하실 예정이에요,0.0,혹시 어디로 이사하실 예정이에요,혹시 어디로 이사지는 의정이에요,0.1764705882352941,-0.1764705882352941,혹시 어디로 이사하실 예정이에요,14,4,normal
SD2201951-SDRW2200002681.1.1.276,그런 그 감상에 젖어서 그 한강을 제일 좋아해요,그런 감상에 젖어서 그 한강을 제일 좋아해요,0.0769230769230769,그런 그 감상에 젖어서 그 한강을 제일 좋아해요,그런 뭐 감상에 젖어서 그 한강을 제일 좋아해요,0.0384615384615384,0.0384615384615385,그런 그 감상에 젖어서 그 한강을 제일 좋아해요,19,8,normal
SD2201951-SDRW2200002681.1.1.335,대중교통은 아니겠 아니겠죠,대중교통은 아니 아니겠죠,0.0714285714285714,대중교통은 아니겠 아니겠죠,대중교통은 아니게 아니겠죠,0.0714285714285714,0.0,대중교통은 아니겠 아니겠죠,12,3,normal
SD2201952-SDRW2200002680.1.1.248,청소기가 비싸요 생각보다,청소기가 비싸요 생각보다,0.0,청소기가 비싸요 생각보다,청소기가 비싸요 생각보다,0.0,0.0,청소기가 비싸요 생각보다,11,3,normal
SD2201952-SDRW2200002681.1.1.251,들어갔다가 뭐 나왔다가 해 가지고,들어갔다가 뭐 나갔다가 해 가지고,0.0555555555555555,들어갔다가 뭐 나왔다가 해 가지고,들어갔다가 뭐 나갔다가 해 가지고,0.0555555555555555,0.0,들어갔다가 뭐 나왔다가 해 가지고,14,5,normal
SD2201954-SDRW2200001438.1.1.533,어 그런 거 같은데,어 그런 거 같은데,0.0,어 그런 거 같은데,어 그런 거 같은데,0.0,0.0,어 그런 거 같은데,7,4,normal
SD2201973-SDRW2200001533.1.1.110,에 러닝에 소홀히 했던 거 같아요,예 러닝에 소홀히 했던 거 같아요,0.0555555555555555,에 러닝에 소홀히 했던 거 같아요,에 러닝에 소홀히 했던 거 같아요,0.0,0.0555555555555555,에 러닝에 소홀히 했던 거 같아요,13,6,normal
SD2201973-SDRW2200001533.1.1.258,어 북악산 인왕산 이렇게,어 부각산이 항산 이렇게,0.3846153846153846,어 북악산 인왕산 이렇게,어 부각산 이왕산 이렇게,0.2307692307692307,0.1538461538461538,어 북악산 인왕산 이렇게,10,4,normal
SD2201976-SDRW2200001537.1.1.111,XXXXX 잘 봐,시장에서 잘 거야,0.7777777777777778,XXXXX 잘 봐,직성은 좀 잘 거야,0.7777777777777778,0.0,XXXXX 잘 봐,7,3,normal
SD2201976-SDRW2200001538.1.1.65,누끼 따기라고 이제 이미지 살짝 딸 수가 있어 그,느끼땅이라고 이제 이미지를 살짝 딸 수가 있어 그,0.1851851851851851,누끼 따기라고 이제 이미지 살짝 딸 수가 있어 그,룻기딱이라고 이제 이미지 살짝 딸 수가 있어 그,0.1851851851851851,0.0,누끼 따기라고 이제 이미지 살짝 딸 수가 있어 그,19,9,normal
SD2201976-SDRW2200001540.1.1.202,왜 고1 때 왜 재밌었 재밌었어,왜 고1 때 재밌어 재밌었어,0.1764705882352941,왜 고1 때 왜 재밌었 재밌었어,왜 고1 때 재밌었 재밌었어,0.1176470588235294,0.0588235294117647,왜 고1 때 왜 재밌었 재밌었어,12,6,normal
SD2201976-SDRW2200001540.1.1.273,이 세상에 그냥 네가 그랬잖아,이 세상에 그냥 네가 봤잖아,0.125,이 세상에 그냥 네가 그랬잖아,이 세상에는 그냥 넘어가잖아,0.375,-0.25,이 세상에 그냥 네가 그랬잖아,12,5,normal
SD2201976-SDRW2200001540.1.1.299,애들이랑 진짜 재밌는 일이 많았는데 고등학교 다닐 때,애들이랑 근데 진짜 재밌는 이 많았는데 그렇게 생각해,0.4137931034482758,애들이랑 진짜 재밌는 일이 많았는데 고등학교 다닐 때,애들이랑 근데 진짜 재밌는 게 많았는데 그 교생,0.4482758620689655,-0.0344827586206897,애들이랑 진짜 재밌는 일이 많았는데 고등학교 다닐 때,22,8,normal
SD2201977-SDRW2200001542.1.1.177,그래서 1달 간 고생했어요,그래서 1달간 고생했어요,0.0714285714285714,그래서 1달 간 고생했어요,그래서 1달간 고생했어요,0.0714285714285714,0.0,그래서 1달 간 고생했어요,11,4,normal
SD2201977-SDRW2200001543.1.1.121,직장인의 고충 어 음,직장인의 고충 어 음,0.0,직장인의 고충 어 음,직장인의 고충 어 음,0.0,0.0,직장인의 고충 어 음,8,4,normal
SD2201979-SDRW2200001548.1.1.302,어 야 걔 부르는 거 어때 아 나 걔 좀 싫은데 아이 뭐 어쩌겠어 불러야지,어 야 걔 부르는 것 들 아 나 걔 좀 싫은데 아이 뭐 어떡해서 불러야지,0.1463414634146341,어 야 걔 부르는 거 어때 아 나 걔 좀 싫은데 아이 뭐 어쩌겠어 불러야지,어 야 걔 부르는 것도 아 나 걔 좀 싫은데 아이브 어떡해서 불러야지,0.2195121951219512,-0.073170731707317,어 야 걔 부르는 거 어때 아 나 걔 좀 싫은데 아이 뭐 어쩌겠어 불러야지,27,15,normal
SD2201979-SDRW2200001548.1.1.59,그때 후회돼,그때 후대,0.3333333333333333,그때 후회돼,그때 후회돼,0.0,0.3333333333333333,그때 후회돼,5,2,low_info
SD2201980-SDRW2200001545.1.1.322,근데 뭐 맨날 씻기긴 하는데,그 뭐 맨날 시키긴 하는데,0.2666666666666666,근데 뭐 맨날 씻기긴 하는데,그 뭐 맨날 시키긴 하는데,0.2666666666666666,0.0,근데 뭐 맨날 씻기긴 하는데,11,5,normal
SD2201980-SDRW2200001546.1.1.27,그래 가지고 그걸 보는데,그래가지고 그걸 보는데,0.0769230769230769,그래 가지고 그걸 보는데,그래 가지고 그걸 보는데,0.0,0.0769230769230769,그래 가지고 그걸 보는데,10,4,normal
SD2201980-SDRW2200001547.1.1.290,아저씨 어디 가요 이러면,아저씨 어디 가요 왜냐면,0.1538461538461538,아저씨 어디 가요 이러면,아저씨 어디 가요 이러면,0.0,0.1538461538461538,아저씨 어디 가요 이러면,10,4,normal
SD2201980-SDRW2200001548.1.1.18,다 이 자기 직업이니까 근데,다 자기 직업이니까 근데,0.1333333333333333,다 이 자기 직업이니까 근데,다이 자기 지금이니까 근데,0.2,-0.0666666666666667,다 이 자기 직업이니까 근데,11,5,normal
SD2201983-SDRW2200001573.1.1.398,얼마 안 남았어 11월 말이야,얼마 안 남았어 11월 마리,0.1875,얼마 안 남았어 11월 말이야,얼마 안 남았어 11월 마리,0.1875,0.0,얼마 안 남았어 11월 말이야,12,5,normal
SD2201983-SDRW2200001574.1.1.324,여기 카드 등록해 놓고 그냥 2만 원하고 확인 누르기만 하면,여기 카드 등록해 놓고 그냥 2만 원 하고 확인 누르기만 하면,0.0303030303030303,여기 카드 등록해 놓고 그냥 2만 원하고 확인 누르기만 하면,여기 카드 등록해 놓고 그냥 2만 원 하고 확인 누르기만 하면,0.0303030303030303,0.0,여기 카드 등록해 놓고 그냥 2만 원하고 확인 누르기만 하면,24,10,normal
SD2201986-SDRW2200001575.1.1.64,4층까지 있어 근데 엘리베이터가 없어,4층까지 있어 근데 엘리베이터가 없어,0.0,4층까지 있어 근데 엘리베이터가 없어,4층까지 있어 근데 엘리베이터가 없어,0.0,0.0,4층까지 있어 근데 엘리베이터가 없어,16,5,normal
SD2201986-SDRW2200001576.1.1.122,아이브 어떤 노래 좋아해,아이브 어떤 노래 좋아해,0.0,아이브 어떤 노래 좋아해,아이브 어떤 노래 좋아해,0.0,0.0,아이브 어떤 노래 좋아해,10,4,normal
SD2201986-SDRW2200001576.1.1.17,권진아 노래에 좋은 게 엄청 많은데,권진아 노래 좋은 게 엄청 많은데,0.0526315789473684,권진아 노래에 좋은 게 엄청 많은데,권진아 노래에 좋은 게 엄청 많은데,0.0,0.0526315789473684,권진아 노래에 좋은 게 엄청 많은데,14,6,normal
SD2201986-SDRW2200001577.1.1.258,생각보다 어려웠어,생각보다 어려웠어,0.0,생각보다 어려웠어,생각보다 어려웠어,0.0,0.0,생각보다 어려웠어,8,2,low_info
SD2202002-SDRW2200001707.1.1.293,일단 좋은지 안 좋은지 모르면서 당연히 기대감으로 좋든 나쁘든 듣잖아,일단 좋은지 안 좋은지 모르면서 당연히 기대감으로 좋든 나쁘든 듣잖아,0.0,일단 좋은지 안 좋은지 모르면서 당연히 기대감으로 좋든 나쁘든 듣잖아,일단 좋은지 안 좋은지 모르면서 당연히 기대감으로 좋든 나쁘든 듣잖아,0.0,0.0,일단 좋은지 안 좋은지 모르면서 당연히 기대감으로 좋든 나쁘든 듣잖아,29,10,normal
SD2202002-SDRW2200001709.1.1.211,그리고 너는 그나마 네 거 네가 좀 결정하는 편이잖아,그리고 너는 그나마 네 거 네가 좀 결정하는 편이잖아,0.0,그리고 너는 그나마 네 거 네가 좀 결정하는 편이잖아,그리고 너는 그나마 네 거 네가 좀 결정하는 편이잖아,0.0,0.0,그리고 너는 그나마 네 거 네가 좀 결정하는 편이잖아,21,9,normal
SD2202007-SDRW2200001741.1.1.294,여러 군데 가게를 다니면서 어쨌든,여러 군데 가게를 다니면서 어쨌든,0.0,여러 군데 가게를 다니면서 어쨌든,여러 군데 가게를 다니면서 어쨌든,0.0,0.0,여러 군데 가게를 다니면서 어쨌든,14,5,normal
SD2202032-SDRW2200001966.1.1.15,나 정말 재밌게 놀았었던 거 같더라고,나 정말 재밌게 놀았었던 거 같더라고,0.0,나 정말 재밌게 놀았었던 거 같더라고,나 정말 재밌게 놀았었던 거 같더라고,0.0,0.0,나 정말 재밌게 놀았었던 거 같더라고,15,6,normal
SD2202037-SDRW2200001983.1.1.338,아니면은 유료면은,아니면은 유료면은,0.0,아니면은 유료면은,아니면은 유료면은,0.0,0.0,아니면은 유료면은,8,2,low_info
SD2202037-SDRW2200001985.1.1.98,뭐 사장님이 어른이건 아니건 자기 할 말들 진짜 딱딱딱 다 하고,뭐 사장님이 어른이건 아니건 자기 할 말들 진짜 딱딱딱 다 하고,0.0,뭐 사장님이 어른이건 아니건 자기 할 말들 진짜 딱딱딱 다 하고,뭐 사장님이 어른이건 아니든 자기 활발할게 진짜 딱 딱딱 다 하고,0.1714285714285714,-0.1714285714285714,뭐 사장님이 어른이건 아니건 자기 할 말들 진짜 딱딱딱 다 하고,25,11,normal
SD2202038-SDRW2200001984.1.1.11,유튜브 채널 같은 거 이제 경제에,유튜브 채널 같은 거 이제 경제,0.0555555555555555,유튜브 채널 같은 거 이제 경제에,유튜브 채널 같은 거 이제 경제에,0.0,0.0555555555555555,유튜브 채널 같은 거 이제 경제에,13,6,normal
SD2202038-SDRW2200001986.1.1.104,어 어느 쪽 케이스가 더 많으신 거 같아요 그러니까,어 어느 쪽 케이스가 더 많으신 거 같아요 그러니까,0.0,어 어느 쪽 케이스가 더 많으신 거 같아요 그러니까,어 어느 쪽 케이스가 더 많으신 거 같아요 그러니까,0.0,0.0,어 어느 쪽 케이스가 더 많으신 거 같아요 그러니까,20,9,normal
SD2202039-SDRW2200001987.1.1.208,다시 그걸 쓰 써야 되는데,다시 그 쓰 써야 되는데,0.0714285714285714,다시 그걸 쓰 써야 되는데,자식을 쓰 써 써야 되는데,0.4285714285714285,-0.3571428571428571,다시 그걸 쓰 써야 되는데,10,5,normal
SD2202039-SDRW2200001988.1.1.198,그래서 다시,그래서 다시,0.0,그래서 다시,그래서 다시,0.0,0.0,그래서 다시,5,2,low_info
SD2202039-SDRW2200001990.1.1.282,야외 즐길 수 있느냐 이걸 저 반영되는 거예요,야 왜 저렇게 수 있느냐 이걸 이제 반이 안되는 거예요,0.4,야외 즐길 수 있느냐 이걸 저 반영되는 거예요,야외 지을 수 있느냐 이걸 저 반영 되는 거예요,0.12,0.28,야외 즐길 수 있느냐 이걸 저 반영되는 거예요,18,8,normal
SD2202049-SDRW2200002038.1.1.255,나 고등학교도 잘못 왔어 우리 학교 영어 중점인 줄 알았으면 내가 안 왔지,나 고등학교도 잘 못했어 우리 학교 영어 중점인 줄 알았으면 내가 안았지,0.1219512195121951,나 고등학교도 잘못 왔어 우리 학교 영어 중점인 줄 알았으면 내가 안 왔지,나 고등학교도 잘못 왔어 우리 학교 영어 종점인 줄 알았으면 내가 아 맞지,0.073170731707317,0.0487804878048781,나 고등학교도 잘못 왔어 우리 학교 영어 중점인 줄 알았으면 내가 안 왔지,29,13,normal
SD2202060-SDRW2200001617.1.1.142,좋아하는 남학생이 겹쳤던 거야,좋아하는 남학생이 겹쳤던 거야,0.0,좋아하는 남학생이 겹쳤던 거야,좋아하는 남학생이 겹쳤던 거야,0.0,0.0,좋아하는 남학생이 겹쳤던 거야,13,4,normal
SD2202060-SDRW2200001617.1.1.216,뭔가 그때 주어진 상황이,뭔가 그때 주어진 상황이,0.0,뭔가 그때 주어진 상황이,뭔가 그때 주어진 상황이,0.0,0.0,뭔가 그때 주어진 상황이,10,4,normal
SD2202061-SDRW2200001615.1.1.149,되게 검색하면,되게 검색하면,0.0,되게 검색하면,되게 검색하면,0.0,0.0,되게 검색하면,6,2,low_info
SD2202061-SDRW2200001615.1.1.262,음 나는 그런 기준은 딱히 없어,음 나는 그런 기준은 딱히 없어,0.0,음 나는 그런 기준은 딱히 없어,음 나는 그런 기준은 딱히 없어,0.0,0.0,음 나는 그런 기준은 딱히 없어,12,6,normal
SD2202070-SDRW2200001625.1.1.167,그래서 인제 중 고등학교 친구랑 야구장 가기도 하고,그래서 인제 중 고등학교 친구랑 야구장 가기도 하고,0.0,그래서 인제 중 고등학교 친구랑 야구장 가기도 하고,그래서 인제 중 고등학교 친구랑 야구장 가기도 하고,0.0,0.0,그래서 인제 중 고등학교 친구랑 야구장 가기도 하고,21,8,normal
SD2202096-SDRW2200002058.1.1.164,아 우리도 집을 쪼끔,아 우리도 집을 쪼끔,0.0,아 우리도 집을 쪼끔,아 우리도 집을 조금,0.1818181818181818,-0.1818181818181818,아 우리도 집을 쪼끔,8,4,normal
SD2202097-SDRW2200002057.1.1.417,그때 한 번 얘기했잖아,그때 한번 얘기했잖아,0.0833333333333333,그때 한 번 얘기했잖아,그때 한번 얘기했잖아,0.0833333333333333,0.0,그때 한 번 얘기했잖아,9,4,normal
SD2202115-SDRW2200001907.1.1.194,한번 해 먹으면은,한번 해 먹으면은,0.0,한번 해 먹으면은,한번 해 먹으면은,0.0,0.0,한번 해 먹으면은,7,3,normal
SD2202115-SDRW2200001909.1.1.145,아이 근데 뭐 잘못하는 것도 아닌데,아니 근데 뭐 잘못 따는 것도 아닌데,0.1578947368421052,아이 근데 뭐 잘못하는 것도 아닌데,아 근데 뭐 잘 못다는 것도 아닌데,0.1578947368421052,0.0,아이 근데 뭐 잘못하는 것도 아닌데,14,6,normal
SD2202126-SDRW2200002151.1.1.67,이게 주식이,이게 주식이,0.0,이게 주식이,이게 주식이,0.0,0.0,이게 주식이,5,2,low_info
SD2202126-SDRW2200002153.1.1.6,저 같은 경우는,저 같은 경우는,0.0,저 같은 경우는,저 같은 경우는,0.0,0.0,저 같은 경우는,6,3,normal
SD2202126-SDRW2200002154.1.1.19,브랜드 없이 그냥 뭐 지하상가라던가 길에서 파는 신발들은,브랜드 없이 그냥 뭐 지하상가라든가 기대서 파는 신발들은,0.0967741935483871,브랜드 없이 그냥 뭐 지하상가라던가 길에서 파는 신발들은,브랜드 없이 그냥 뭐 지하상가라든가 길에서 파는 신발들은,0.032258064516129,0.064516129032258,브랜드 없이 그냥 뭐 지하상가라던가 길에서 파는 신발들은,24,8,normal
SD2202126-SDRW2200002154.1.1.240,100원짜리 200원짜리 하나도,100원짜리 200원짜리 하나도,0.0,100원짜리 200원짜리 하나도,100원짜리 200원짜리 하나도,0.0,0.0,100원짜리 200원짜리 하나도,15,3,normal
SD2202128-SDRW2200002156.1.1.144,이제 수익이 별로 없었을 때였거든요,이제 수익이 별로 없었을 때였거든요,0.0,이제 수익이 별로 없었을 때였거든요,이제 수익이 별로 없었을 때였거든요,0.0,0.0,이제 수익이 별로 없었을 때였거든요,15,5,normal
SD2202128-SDRW2200002158.1.1.183,유 씨를 좋아하시네요 선생님은 네,유씨를 좋아하시네요 선생님은 네,0.0555555555555555,유 씨를 좋아하시네요 선생님은 네,뉴스를 좋아하시는요 선생님은 네,0.2222222222222222,-0.1666666666666667,유 씨를 좋아하시네요 선생님은 네,14,5,normal
SD2202140-SDRW2200002332.1.1.397,뭔 내용인지 모르겠 잘 몰라 가지고,뭔 내용인지 모르겠어 잘 몰라 가지고,0.0526315789473684,뭔 내용인지 모르겠 잘 몰라 가지고,뭔 내용인지 모르겠어 잘 몰라 가지고,0.0526315789473684,0.0,뭔 내용인지 모르겠 잘 몰라 가지고,14,6,normal
SD2202171-SDRW2200002168.1.1.442,무한도전만 한 예능이,무한도전만한 예능이,0.0909090909090909,무한도전만 한 예능이,무한도전만한 예능이,0.0909090909090909,0.0,무한도전만 한 예능이,9,3,normal
SD2202176-SDRW2200002237.1.1.49,지연도 안 되고 얼마나 정확해 딱딱,지원도 안 되고 얼마나 정확히 딱 다,0.2105263157894736,지연도 안 되고 얼마나 정확해 딱딱,지연도 안 되고 얼마나 정확히 딱 다,0.1578947368421052,0.0526315789473683,지연도 안 되고 얼마나 정확해 딱딱,14,6,normal
SD2202176-SDRW2200002238.1.1.128,노래도 잘 하잖아,노래도 잘하잖아,0.1111111111111111,노래도 잘 하잖아,노래도 잘하잖아,0.1111111111111111,0.0,노래도 잘 하잖아,7,3,normal
SD2202176-SDRW2200002238.1.1.203,그 할아버지가 다,그 할아버지가 다,0.0,그 할아버지가 다,그 할아버지가 다,0.0,0.0,그 할아버지가 다,7,3,normal
SD2202180-SDRW2200002261.1.1.408,그 맞습니다 그,그런 거 같습니다,0.75,그 맞습니다 그,그런 맞습니다,0.375,0.375,그 맞습니다 그,6,3,normal
SD2202202-SDRW2200002191.1.1.202,놀아 주는 사람은 우리 딸내미니까 가 가지고 또 야옹 많이 거리고,놀아 주는 사람은 우리 딸내미니까 가 가지고 또 야옹 많이 거리고,0.0,놀아 주는 사람은 우리 딸내미니까 가 가지고 또 야옹 많이 거리고,놀아 주는 사람은 우리 딸내미니까 가 가지고 또 야옹 많이 거리고,0.0,0.0,놀아 주는 사람은 우리 딸내미니까 가 가지고 또 야옹 많이 거리고,26,11,normal
SD2202202-SDRW2200002192.1.1.356,외식도 시켜 먹는 거,외식도 시켜 먹는 거,0.0,외식도 시켜 먹는 거,외식도 시켜 먹는 거,0.0,0.0,외식도 시켜 먹는 거,8,4,normal
SD2202202-SDRW2200002192.1.1.358,마라탕도 한번 시키면은,마라탕도 한번 시키면은,0.0,마라탕도 한번 시키면은,마라탕도 한번 시키면은,0.0,0.0,마라탕도 한번 시키면은,10,3,normal
SD2202202-SDRW2200002192.1.1.67,막 싼 거 1 플러스 1에 집중한다,막 싼 거 1플러스 일에 막 집중한더,0.2631578947368421,막 싼 거 1 플러스 1에 집중한다,막 싼 거 일플러스 일에 집중한다,0.1578947368421052,0.1052631578947368,막 싼 거 1 플러스 1에 집중한다,13,7,normal
SD2202202-SDRW2200002192.1.1.69,그래서 요번에는 이제 장을 좀 안 보고 있어,그래서 요번에는 인제 장을 좀 안 보고 있어,0.0416666666666666,그래서 요번에는 이제 장을 좀 안 보고 있어,그래서 요번에는 인제 장을 좀 안 보고 있어,0.0416666666666666,0.0,그래서 요번에는 이제 장을 좀 안 보고 있어,17,8,normal
SD2202202-SDRW2200002193.1.1.5,그거 또 어머니가 돌아가시게 되면 또 어떻게 해야 될지 당신은 어떻게 생각하고 있어,그거 또 어머니가 돌아가시게 되면 또 어떻게 해야 될지 당신은 어떻게 생각하고 있어,0.0,그거 또 어머니가 돌아가시게 되면 또 어떻게 해야 될지 당신은 어떻게 생각하고 있어,그거 또 어머니가 돌아가시게 되면 또 어떻게 해야 될지 당신은 어떻게 생각하고 있어,0.0,0.0,그거 또 어머니가 돌아가시게 되면 또 어떻게 해야 될지 당신은 어떻게 생각하고 있어,34,13,normal
SD2202210-SDRW2200002750.1.1.148,그 학력 그러니까 학교 다니고,그 학력 그러니까 학교 다니고,0.0,그 학력 그러니까 학교 다니고,그 학력 그러니까 학교 다니고,0.0,0.0,그 학력 그러니까 학교 다니고,12,5,normal
SD2202210-SDRW2200002751.1.1.137,생전에 좋아하시던 거 어 그런 거 올릴 수도 있겠고,생전에 좋아하시던 거 어 그런 거 올릴 수도 있겠고,0.0,생전에 좋아하시던 거 어 그런 거 올릴 수도 있겠고,생전에 좋아하시던 거 어 그런 거 올릴 수도 있겠고,0.0,0.0,생전에 좋아하시던 거 어 그런 거 올릴 수도 있겠고,20,9,normal
SD2202213-SDRW2200002195.1.1.230,그런데 나는 이거에 대해서 의문인 게,근데 이거에 나는 의문인 게,0.4,그런데 나는 이거에 대해서 의문인 게,근데 이 이거에 나는 우리 유머인 것이,0.65,-0.25,그런데 나는 이거에 대해서 의문인 게,15,6,normal
SD2202213-SDRW2200002196.1.1.481,응 나는 근데,응 나는 근데,0.0,응 나는 근데,응 나는 근데,0.0,0.0,응 나는 근데,5,3,low_info
SD2202213-SDRW2200002197.1.1.251,응 맞아 갑자기 딱 흐름이 한번 이제,음 맞아 갑자기 딱 흐름이 한번 이제,0.05,응 맞아 갑자기 딱 흐름이 한번 이제,응 맞아 갑자기 딱 흐름이 한번 이제,0.0,0.05,응 맞아 갑자기 딱 흐름이 한번 이제,14,7,normal
SD2202213-SDRW2200002197.1.1.491,어 맞아 지금 와이투케이 반윤희 막 이러면서,아 맞아 지금 와이티 케이 반유니 막 이러면서,0.2083333333333333,어 맞아 지금 와이투케이 반윤희 막 이러면서,나 맞아 지금 와이터 케이 반윤이 막 이러면서,0.1666666666666666,0.0416666666666666,어 맞아 지금 와이투케이 반윤희 막 이러면서,18,7,normal
SD2202224-SDRW2200002217.1.1.322,그렇게 선전해 놓고,그렇게 선전해 놓고,0.0,그렇게 선전해 놓고,그렇게 선전해 놓고,0.0,0.0,그렇게 선전해 놓고,8,3,normal
SD2202251-SDRW2200002783.1.1.17,그러다가,그러다가,0.0,그러다가,그렇다가,0.25,-0.25,그러다가,4,1,low_info
SD2202251-SDRW2200002784.1.1.36,그래서 저는 견적이 안 나와 가지고 저도 집에서는 홈트가 좀 힘들다고 생각하고 있어요,그래서 저는 견적이 안 나와 가지고 나도 집에서는 홈트가 좀 힘들다고 생각하고 있어요,0.0212765957446808,그래서 저는 견적이 안 나와 가지고 저도 집에서는 홈트가 좀 힘들다고 생각하고 있어요,그래서 저는 견적이 안 나와 가지고 그것도 집에서는 오키가 좀 힘들다고 생각 없어,0.1702127659574468,-0.148936170212766,그래서 저는 견적이 안 나와 가지고 저도 집에서는 홈트가 좀 힘들다고 생각하고 있어요,35,13,normal
SD2202251-SDRW2200002784.1.1.79,네 근력 운동은 확실히 요즘,네 김영 운동은 확실히 요즘,0.1333333333333333,네 근력 운동은 확실히 요즘,네 근력 운동은 확실히 요즘,0.0,0.1333333333333333,네 근력 운동은 확실히 요즘,11,5,normal
SD2202252-SDRW2200002783.1.1.8,어쩌다 보니까 이렇게 들어오게 된 거죠,어쩌다 보는데 치 그거 연락해,0.6190476190476191,어쩌다 보니까 이렇게 들어오게 된 거죠,어쩌다 보니까 이게 지워 보려고 그러고,0.4761904761904761,0.1428571428571429,어쩌다 보니까 이렇게 들어오게 된 거죠,16,6,normal
SD2202257-SDRW2200002343.1.1.181,사실상 금전적으로 다 부담이 되는 건 사실이잖아요,사실상 금전적으로 다 부담되는 건 사실이잖아요,0.074074074074074,사실상 금전적으로 다 부담이 되는 건 사실이잖아요,사실상 금전적으로 다 부담되는 건 사실이잖아요,0.074074074074074,0.0,사실상 금전적으로 다 부담이 되는 건 사실이잖아요,21,7,normal
SD2202260-SDRW2200002348.1.1.191,어 우리 장모님이 좀 보람을 느끼는 게,어 우리 장모님이 좀 보람을 느끼는 게,0.0,어 우리 장모님이 좀 보람을 느끼는 게,어 우리 장모님이 좀 보람을 느끼는 게,0.0,0.0,어 우리 장모님이 좀 보람을 느끼는 게,15,7,normal
SD2210027-SDRW2200000424.1.1.175,저는 햄버거를 제일 좋아해요,저는 햄버거를 제일 좋아해요,0.0,저는 햄버거를 제일 좋아해요,저는 햄버거를 제일 좋아해요,0.0,0.0,저는 햄버거를 제일 좋아해요,12,4,normal
SD2210211-SDRW2200000222.1.1.119,갈아서 아이스크림으로 만들어주면,갈아서 아이스크림으로 만들어 주면,0.0588235294117647,갈아서 아이스크림으로 만들어주면,갈아서 아이스크림으로 만들어 주면,0.0588235294117647,0.0,갈아서 아이스크림으로 만들어주면,15,3,normal
SD2210211-SDRW2200000222.1.1.86,어 나는 딱히 부모님의,어 나는 딱히 부모님의,0.0,어 나는 딱히 부모님의,어 나는 딱히 부모님의,0.0,0.0,어 나는 딱히 부모님의,9,4,normal
SD2210263-SDRW2200000671.1.1.236,모든 것을 다 이뤄 낼 거다 이런 생각은 별로 좋지 않은 생각인 거 같아,모든 것을 다 이뤄낼 거다 이런 생각은 별로 좋지 않은 생각인 거 같아,0.025,모든 것을 다 이뤄 낼 거다 이런 생각은 별로 좋지 않은 생각인 거 같아,모든 것을 다 이뤄낼 거다 이런 생각은 별로 좋지 않은 생각인 거 같아,0.025,0.0,모든 것을 다 이뤄 낼 거다 이런 생각은 별로 좋지 않은 생각인 거 같아,27,14,normal
SD2210308-SDRW2200000698.1.1.106,제품 제형을 바꿔 주는 효과가 있다 해 가지고,제품 제형을 바꿔 주는 효과가 있다 해 가지고,0.0,제품 제형을 바꿔 주는 효과가 있다 해 가지고,제품 제형을 바꿔 주는 효과가 있다 해 가지고,0.0,0.0,제품 제형을 바꿔 주는 효과가 있다 해 가지고,18,8,normal
SD2210308-SDRW2200002414.1.1.292,맞아 일단 구워 주시는 난 솔직히 고기를 굽기 나름이라고 생각하기보다는,맞아 일단 구워 주는 건 솔직 고기를 굽기 나름이라고 생각하기 보하면,0.1538461538461538,맞아 일단 구워 주시는 난 솔직히 고기를 굽기 나름이라고 생각하기보다는,맞아 일단 구워 준 건 훨씬 고기를 굽기 나름이라고 생각하기 보다 에,0.2564102564102564,-0.1025641025641025,맞아 일단 구워 주시는 난 솔직히 고기를 굽기 나름이라고 생각하기보다는,30,10,normal
SD2210955-SDRW2200001042.1.1.332,내가 장기적으로 알발 해 본 적이 없어 가지고,내가 장기적으로 알바 해 본 적이 없어 가지고,0.04,내가 장기적으로 알발 해 본 적이 없어 가지고,내가 장기적으로 알바를 해 본 적이 없어 가지고,0.08,-0.04,내가 장기적으로 알발 해 본 적이 없어 가지고,18,8,normal
SD2210955-SDRW2200001042.1.1.382,그냥 재수하는데,그냥 제사하네,0.5,그냥 재수하는데,아 그냥 제사하는데,0.5,0.0,그냥 재수하는데,7,2,low_info
SD2211487-SDRW2200000870.1.1.21,감동은 다르다고 생각을 하거든,감동은 다르다고 생각을 하거든,0.0,감동은 다르다고 생각을 하거든,감동은 다르다고 생각을 하거든,0.0,0.0,감동은 다르다고 생각을 하거든,13,4,normal
SD2211487-SDRW2200002508.1.1.328,완전히 평범한 식사를,완전히 평범한 식사를,0.0,완전히 평범한 식사를,완전히 평범한 식사를,0.0,0.0,완전히 평범한 식사를,9,3,normal
SD2211487-SDRW2200002508.1.1.345,맞아 아무래도,맞아 아무래도,0.0,맞아 아무래도,맞아 아무래도,0.0,0.0,맞아 아무래도,6,2,low_info
SD2211487-SDRW2200002509.1.1.232,어 온수도 그렇게 많이 틀지 않는 거 같아,어 온수도 그렇게 많이 틀지 않는 거 같아,0.0,어 온수도 그렇게 많이 틀지 않는 거 같아,어 온수도 그렇게 많이 틀지 않는 거 같아,0.0,0.0,어 온수도 그렇게 많이 틀지 않는 거 같아,16,8,normal
SD2211487-SDRW2200002509.1.1.244,근데 신문지를 유리창에 붙이면은 뗄 때 힘들지 않아,근데 신문지를 유리창에 붙이면은 뛸 때 힘들지 않아,0.0357142857142857,근데 신문지를 유리창에 붙이면은 뗄 때 힘들지 않아,근데 신문지를 유리창에 붙이면은 뛸 때 힘들지 않아,0.0357142857142857,0.0,근데 신문지를 유리창에 붙이면은 뗄 때 힘들지 않아,21,8,normal
SD2212046-SDRW2200002030.1.1.131,그때마다 아이들한테 내가 아이들을 별로,그때마다 아이들한테 내가 아이들을 별로,0.0,그때마다 아이들한테 내가 아이들을 별로,그때마다 아이들한테 내가 아이들을 별로,0.0,0.0,그때마다 아이들한테 내가 아이들을 별로,17,5,normal
SD2212046-SDRW2200002030.1.1.26,그렇지 그것도 이제 돈을 벌고 일정 시간을 한 게 아니라 나는 봉사 시간이라는 개념으로,그치 그것도 이제 돈을 받고 일정 시간을 한 게 아니라 나는 봉사 시간이라는 개념으로,0.0625,그렇지 그것도 이제 돈을 벌고 일정 시간을 한 게 아니라 나는 봉사 시간이라는 개념으로,그치 그것도 이제 돈을 받고 일정 시간을 한 게 아니라 나는 봉사 시간이라는 개념으로,0.0625,0.0,그렇지 그것도 이제 돈을 벌고 일정 시간을 한 게 아니라 나는 봉사 시간이라는 개념으로,35,14,normal
SD2400005-SDRW2400000733.1.1.189,운동은 좌우간,운동은 자원,0.4285714285714285,운동은 좌우간,운동은 좌우한,0.1428571428571428,0.2857142857142857,운동은 좌우간,6,2,low_info
SD2400036-SCRW2400000252.1.1.9,그리고 인제 그 당시에 처음으로 인제 가수의 음 앨범을 구매를 하기도 했었고,그리고 이제 그 당시에 처음으로 인제 가수의 음 앨범을 구매를 하기도 했었고,0.0238095238095238,그리고 인제 그 당시에 처음으로 인제 가수의 음 앨범을 구매를 하기도 했었고,그리고 인제 그 당시에 처음으로 인제 가수의 음 앨범을 구매를 하기도 했었고,0.0,0.0238095238095238,그리고 인제 그 당시에 처음으로 인제 가수의 음 앨범을 구매를 하기도 했었고,31,12,normal
SD2400036-SDRW2400002830.1.1.48,그런 데를 찾아가 보는 건 어떨까요,그런 데를 찾아가 보는 건 어떨까,0.0526315789473684,그런 데를 찾아가 보는 건 어떨까요,그런 데를 찾아가 보는 건 어떨까,0.0526315789473684,0.0,그런 데를 찾아가 보는 건 어떨까요,14,6,normal
SD2400036-SDRW2400002831.1.1.92,샀을 때가 제일 비쌌던 시기 여 여가지고,샀을 때가 제일 비쌌던 시기에 얻어 가지고,0.1818181818181818,샀을 때가 제일 비쌌던 시기 여 여가지고,샀을 때가 제일 비쌌던 시기에어 가지고,0.1363636363636363,0.0454545454545455,샀을 때가 제일 비쌌던 시기 여 여가지고,16,7,normal
SD2400048-SDRW2400000422.1.1.217,좀 시키려고 하다 보니까 얘가 이제,좀 시키려고 하다 보니까 얘가 인제,0.0526315789473684,좀 시키려고 하다 보니까 얘가 이제,좀 시키려고 하다 보니까 얘가 인제,0.0526315789473684,0.0,좀 시키려고 하다 보니까 얘가 이제,14,6,normal
SD2400048-SDRW2400000424.1.1.244,싱크대 위에다 얹어 놓고 쓸 수 있는 한 6인용 정도,싱크대 위에다 얹어 놓고 쓸 수 있는 한 6인용 정도,0.0,싱크대 위에다 얹어 놓고 쓸 수 있는 한 6인용 정도,싱크대 위에다 얹어 놓고 쓸 수 있는 한 6인용 정도,0.0,0.0,싱크대 위에다 얹어 놓고 쓸 수 있는 한 6인용 정도,20,10,normal
SD2400053-SDRW2400000441.1.1.116,그 요즘 흔히 말하는 아이돌 이제 젊은 가수들을 보면은,그 요즘 흔히 말하는 아이돌 이제 젊은 가수들 보면은,0.0333333333333333,그 요즘 흔히 말하는 아이돌 이제 젊은 가수들을 보면은,그 요즘 흔히 말하면 아이돌 이제 젊은 가수들을 보면은,0.0333333333333333,0.0,그 요즘 흔히 말하는 아이돌 이제 젊은 가수들을 보면은,22,9,normal
SD2400053-SDRW2400000441.1.1.126,예 그러니까 거의 이게 업무가 업무도 그렇지만 일하는 자체가 그 일반 직장인보다도 아주 힘들게,예 그러니까 거의 이게 업무가 업무도 그렇지만 일하는 자체가 그 일반 직장인보다도 아주 힘들게,0.0,예 그러니까 거의 이게 업무가 업무도 그렇지만 일하는 자체가 그 일반 직장인보다도 아주 힘들게,예 그러니까 그이 이게 업무가 무도 그렇지만 일하는 자체가 그 일반 직장인보다도 아주 힘들게,0.0576923076923076,-0.0576923076923076,예 그러니까 거의 이게 업무가 업무도 그렇지만 일하는 자체가 그 일반 직장인보다도 아주 힘들게,39,14,normal
SD2400059-SDRW2400000018.1.1.166,어 저도 악기에 대한,어 저도 악기에 대한,0.0,어 저도 악기에 대한,어 저도 악기에 대한,0.0,0.0,어 저도 악기에 대한,8,4,normal
SD2400059-SDRW2400000020.1.1.40,그리고 끓어 끓었을 때 그 고기를 또 절반이나 3분의 1 정도는 각자 잘라서 또 삶는다든지,그리고 끌어 끌었을 때 그 고기를 또 절반이나 3분의 1 정도는 각자 잘라서 또 삶는다든지,0.04,그리고 끓어 끓었을 때 그 고기를 또 절반이나 3분의 1 정도는 각자 잘라서 또 삶는다든지,그리고 끌어 끌었을 때 그 고기를 또 절반이나 3분의 이 정도는 각자 잘라서 또 잡는다든지,0.08,-0.04,그리고 끓어 끓었을 때 그 고기를 또 절반이나 3분의 1 정도는 각자 잘라서 또 삶는다든지,36,15,normal
SD2400082-SDRW2400000764.1.1.209,뭐 이렇게 아이들도 들어가서 놀고 이렇게 하더라고,뭐 이렇게 아이들도 들어가서 놀고 이렇게 하더라고,0.0,뭐 이렇게 아이들도 들어가서 놀고 이렇게 하더라고,뭐 이렇게 아이들도 들어가서 놀고 이렇게 하더라고,0.0,0.0,뭐 이렇게 아이들도 들어가서 놀고 이렇게 하더라고,21,7,normal
SD2400082-SDRW2400000765.1.1.19,내가 이제 원래 고향 자체가 저쪽 남쪽이다 보니까 이쪽에서 먹는 거 이제 충청도 이 음식을 잘 몰랐는데,내가 이제 원래 고양 자체가 저쪽 남쪽에다 보니까 이쪽에서 먹는 거 인제 충청도 이 음식을 잘 몰랐는데,0.0526315789473684,내가 이제 원래 고향 자체가 저쪽 남쪽이다 보니까 이쪽에서 먹는 거 이제 충청도 이 음식을 잘 몰랐는데,내가 이제 원래 고양 자체가 저쪽 남쪽이다 보니까 이쪽에서 먹는 거 인제 충청도의 음식을 잘 몰랐는데,0.0701754385964912,-0.0175438596491228,내가 이제 원래 고향 자체가 저쪽 남쪽이다 보니까 이쪽에서 먹는 거 이제 충청도 이 음식을 잘 몰랐는데,41,17,normal
SD2400087-SDRW2400000426.1.1.67,그 각 가정마다 하나씩 다 키우고 있는 걸 봤는데요,그 각 가정마다 하나씩 다 키우고 있는 걸 봤는데요,0.0,그 각 가정마다 하나씩 다 키우고 있는 걸 봤는데요,그 각 가정마다 하나씩 다 키우고 있는 걸 봤는데요,0.0,0.0,그 각 가정마다 하나씩 다 키우고 있는 걸 봤는데요,20,9,normal
SD2400089-SDRW2400000773.1.1.1,너는 건강을 위해서 먹고 있는 영양제가 있니,너는 건강을 위해서 먹고 있는 영양제가 있나,0.0416666666666666,너는 건강을 위해서 먹고 있는 영양제가 있니,너는 건강을 위해서 먹고 있는 영양제가 있나,0.0416666666666666,0.0,너는 건강을 위해서 먹고 있는 영양제가 있니,18,7,normal
SD2400152-SDRW2400000041.1.1.17,오 다 모였구나,어 다 모였구나,0.125,오 다 모였구나,어 다 뭐였구나,0.25,-0.125,오 다 모였구나,6,3,normal
SD2400153-SDRW2400000041.1.1.28,그 후에 맞는 날짜를 알아보려고 지금 알아보고 있는 중이야,그 후에 맞는 날짜를 알아보려고 지금 알아보고 있는 중이야,0.0,그 후에 맞는 날짜를 알아보려고 지금 알아보고 있는 중이야,그 후에 맞는 날짜를 알아보려고 지금 알아보고 있는 중이야,0.0,0.0,그 후에 맞는 날짜를 알아보려고 지금 알아보고 있는 중이야,24,9,normal
SD2400157-SDRW2400000487.1.1.7,그거 받고 나서 자수했다고 하더라고,그거 받고 나서 자수했다고 하더라고,0.0,그거 받고 나서 자수했다고 하더라고,그거 받고 나서 자소했다고 하더라고,0.0526315789473684,-0.0526315789473684,그거 받고 나서 자수했다고 하더라고,15,5,normal
SD2400189-SDRW2400000491.1.1.16,우리 name1 선생님,우리 name1 선생님,0.0,우리 name1 선생님,우리 name1 선생님,0.0,0.0,우리 name1 선생님,10,3,normal
SD2400189-SDRW2400000491.1.1.76,맞아요 인제 다이어트를 함에 있어서,맞아요 인제 다이어트를 함에 있어서,0.0,맞아요 인제 다이어트를 함에 있어서,맞아요 인제 다이어트를 함에 있어서,0.0,0.0,맞아요 인제 다이어트를 함에 있어서,15,5,normal
SD2400190-SDRW2400000492.1.1.175,제가 거기에 대해서 너무 무지하고,제가 거기에 대해서 너무 무지하고,0.0,제가 거기에 대해서 너무 무지하고,제가 거기에 대해서 너무 무지하고,0.0,0.0,제가 거기에 대해서 너무 무지하고,14,5,normal
SD2400204-SDRW2400000819.1.1.144,어 한 6살 7살 때 약간 그 멜로디언 같은 거 있었잖아,어 한 6살 7살 때 약간 그 멜로디언 같은 거 있었잖아,0.0,어 한 6살 7살 때 약간 그 멜로디언 같은 거 있었잖아,어 한 6살 7살 때 약간 그 멜로디 같은 거 있었잖아,0.032258064516129,-0.032258064516129,어 한 6살 7살 때 약간 그 멜로디언 같은 거 있었잖아,21,11,normal
SD2400204-SDRW2400000820.1.1.4,어 정확하게 잘 모르는데 아마,음 정확하게 잘 모르는데 아마,0.0625,어 정확하게 잘 모르는데 아마,정확하게 잘 모르는데 아마,0.125,-0.0625,어 정확하게 잘 모르는데 아마,12,5,normal
SD2400220-SDRW2400000829.1.1.147,잘 갔다 오라고 할 거 같아,잘 갔다 오라고 할 거 같아,0.0,잘 갔다 오라고 할 거 같아,잘 갔다 오라고 할 거 같아,0.0,0.0,잘 갔다 오라고 할 거 같아,10,6,normal
SD2400224-SDRW2400000833.1.1.105,학교가 일단 고등학교가 애초에 산꼭대기 위에 있어 가지고,학교가 일단 고학교가 애초에 산꼭대 위에 있어 가지고,0.064516129032258,학교가 일단 고등학교가 애초에 산꼭대기 위에 있어 가지고,학교가 일단 고등학교가 애초에 산꼭대 위에 있어 가지고,0.032258064516129,0.032258064516129,학교가 일단 고등학교가 애초에 산꼭대기 위에 있어 가지고,24,8,normal
SD2400224-SDRW2400000833.1.1.203,서 그거는 나는 안 좋다고 생각해,그래서 그거는 나는 안 좋다고 생각해,0.1111111111111111,서 그거는 나는 안 좋다고 생각해,서 그거는 나는 안 좋다고 생각해,0.0,0.1111111111111111,서 그거는 나는 안 좋다고 생각해,13,6,normal
SD2400233-SDRW2400000838.1.1.133,그 외모가 또 출중해서 그런 평을 받는 거인지 모르겠지만 암튼,그 외모가 또 실중해서 그런 병을 받는 거인지 모르겠지만 아무튼,0.1176470588235294,그 외모가 또 출중해서 그런 평을 받는 거인지 모르겠지만 암튼,그 외모가 또 실중해서 그런 병을 받는 거인지 모르겠지만 아무튼,0.1176470588235294,0.0,그 외모가 또 출중해서 그런 평을 받는 거인지 모르겠지만 암튼,25,10,normal
SD2400233-SDRW2400000838.1.1.179,하다 보니까 자연스럽게 좋아하는 연예인,하다 보니까 자연스럽게 좋아하는 연예인,0.0,하다 보니까 자연스럽게 좋아하는 연예인,하다 보니까 자연스럽게 좋아하는 연예인,0.0,0.0,하다 보니까 자연스럽게 좋아하는 연예인,17,5,normal
SD2400241-SDRW2400000848.1.1.7,그거 이제 종합적으로 돼 있는 거를 어저께 마치 구입해서 어제 저녁에 먹고 왔습니다,그거 이제 종합적으로 돼 있는 거를 어저께 마침 구입해서 어제 저녁에 먹고 왔습니다,0.0217391304347826,그거 이제 종합적으로 돼 있는 거를 어저께 마치 구입해서 어제 저녁에 먹고 왔습니다,그거 이제 종합적으로 돼 있는 거를 어저께 마침 구입해서 어제 저녁에 먹고 왔습니다,0.0217391304347826,0.0,그거 이제 종합적으로 돼 있는 거를 어저께 마치 구입해서 어제 저녁에 먹고 왔습니다,34,13,normal
SD2400251-SDRW2400000844.1.1.22,볼 때마다 되게 웃겨,볼 때마다 되게 웃겨,0.0,볼 때마다 되게 웃겨,볼 때마다 되게 웃겨,0.0,0.0,볼 때마다 되게 웃겨,8,4,normal
SD2400251-SDRW2400000845.1.1.4,우리가 이렇게 정리를 해 주면,우리가 이렇게 정리를 해 주면,0.0,우리가 이렇게 정리를 해 주면,우리가 이렇게 정리를 해 주면,0.0,0.0,우리가 이렇게 정리를 해 주면,12,5,normal
SD2400266-SDRW2400000515.1.1.187,일단 머리를 주인한테 이렇게 대고,일단 머리를 주인한테 이렇게 되고,0.0555555555555555,일단 머리를 주인한테 이렇게 대고,일단 머리를 주인한테 이게 되고,0.1111111111111111,-0.0555555555555556,일단 머리를 주인한테 이렇게 대고,14,5,normal
SD2400279-SDRW2400000094.1.1.119,작은 애 찾다 보니까,작은애 찾다 보니까,0.0909090909090909,작은 애 찾다 보니까,작은을 찾다 보니까,0.1818181818181818,-0.0909090909090909,작은 애 찾다 보니까,8,4,normal
SD2400279-SDRW2400000094.1.1.6,어 우리 고양이를 2마리 키우고 있거든요,어 우리 고양이를 2마리 키우고 있거든요,0.0,어 우리 고양이를 2마리 키우고 있거든요,어 우리 고양이를 2마리 키우고 있거든요,0.0,0.0,어 우리 고양이를 2마리 키우고 있거든요,17,6,normal
SD2400279-SDRW2400000095.1.1.179,그래서 굳이 영양가 없는 거를 내 돈 주고 사 먹을 필요가 있나 싶어서,그래서 굳이 영양가 없는 거래 돈 주고 사을 필요가 있나 싶어서,0.1282051282051282,그래서 굳이 영양가 없는 거를 내 돈 주고 사 먹을 필요가 있나 싶어서,그래서 굳이 영양가 없는 거래 돈 주고 사을 필요가 있나 싶어서,0.1282051282051282,0.0,그래서 굳이 영양가 없는 거를 내 돈 주고 사 먹을 필요가 있나 싶어서,27,13,normal
SD2400307-SDRW2400000526.1.1.40,처음으로 고깃집 알바를 하는 거라서 잘 모르겠지만,처음으로 고깃집 알바를 하는 거라서 잘 모르겠지만,0.0,처음으로 고깃집 알바를 하는 거라서 잘 모르겠지만,처음으로 고깃집 알바를 하는 거라서 잘 모르겠지만,0.0,0.0,처음으로 고깃집 알바를 하는 거라서 잘 모르겠지만,21,7,normal
SD2400307-SDRW2400000527.1.1.133,뭐 다른 곳이 가고 싶거나 어디 어디든지 가고 싶으면 가는 그런 즉흥적인 여행을 좋아하는 거 같아,뭐 다른 곳이 가고 싶거나 어디 어디든지 가고 싶으면 가는 그런 즉흥적인 여행을 좋아하는 거 같아,0.0,뭐 다른 곳이 가고 싶거나 어디 어디든지 가고 싶으면 가는 그런 즉흥적인 여행을 좋아하는 거 같아,뭐 다른 곳이 가고 싶거나 어디 어디든지 가고 싶으면 가는 그런 즉흥적인 여행을 좋아하는 거 같아,0.0,0.0,뭐 다른 곳이 가고 싶거나 어디 어디든지 가고 싶으면 가는 그런 즉흥적인 여행을 좋아하는 거 같아,39,16,normal
SD2400315-SDRW2400000114.1.1.2,소개팅 같은 것도 해 봤을 거 아니야,소개팅 같은 것도 해 봤을 거 아니야,0.0,소개팅 같은 것도 해 봤을 거 아니야,소개팅 같은 것도 해 봤을 거 아니야,0.0,0.0,소개팅 같은 것도 해 봤을 거 아니야,14,7,normal
SD2400317-SDRW2400000118.1.1.47,또 여기서 빵을 파냐 이런 것들 물어봐서,또 여기서 빵을 파냐 이런 것들 물어봐서,0.0,또 여기서 빵을 파냐 이런 것들 물어봐서,또 여기서 빵을 파냐 이런 것들 물어봐서,0.0,0.0,또 여기서 빵을 파냐 이런 것들 물어봐서,16,7,normal
SD2400345-SDRW2400000529.1.1.142,그러니까 얼마 전에 한번 그 유명,그 얼마 전에 한번 그 유미,0.2222222222222222,그러니까 얼마 전에 한번 그 유명,그러니까 얼마 전에 한번 그 유,0.0555555555555555,0.1666666666666667,그러니까 얼마 전에 한번 그 유명,13,6,normal
SD2400345-SDRW2400000529.1.1.147,야 그 집에 사장 나이가 많으니까,야 그 집에 사장 나이가 많으니깐,0.0555555555555555,야 그 집에 사장 나이가 많으니까,야 그 집에 살짝 나이가 많으니까,0.1111111111111111,-0.0555555555555556,야 그 집에 사장 나이가 많으니까,13,6,normal
SD2400345-SDRW2400000530.1.1.96,그래서 이제 자고 아침에 뉴스를 보니까,그래 이제 자고 아침에 뉴스를 보니깐,0.0952380952380952,그래서 이제 자고 아침에 뉴스를 보니까,그래 이제 자고 아침에 뉴스를 보니까,0.0476190476190476,0.0476190476190476,그래서 이제 자고 아침에 뉴스를 보니까,16,6,normal
SD2400373-SDRW2400000892.1.1.8,키울 수가 없어,키울 수가 없어,0.0,키울 수가 없어,키울 수가 없어,0.0,0.0,키울 수가 없어,6,3,normal
SD2400406-SDRW2400000558.1.1.38,저는 되게 특이한 알바를 얼마 전에 했는데,저는 되게 특이한 알바를 얼마 전에 했는데,0.0,저는 되게 특이한 알바를 얼마 전에 했는데,저는 되게 특이한 알바를 얼마 전에 했는데,0.0,0.0,저는 되게 특이한 알바를 얼마 전에 했는데,17,7,normal
SD2400410-SDRW2400000134.1.1.60,네 그 그러니까 티케팅을 하느냐 안 하느냐의 좀 차이일 수 있긴 한데,네 그 그러니까 티켓팅을 하느냐 안 하느냐의 좀 차이일 수도 있긴 한데,0.0526315789473684,네 그 그러니까 티케팅을 하느냐 안 하느냐의 좀 차이일 수 있긴 한데,네 그 그러니까 티켓팅을 하느냐 안 하느냐에 좀 차일 수 있긴 한데,0.0789473684210526,-0.0263157894736842,네 그 그러니까 티케팅을 하느냐 안 하느냐의 좀 차이일 수 있긴 한데,27,12,normal
SD2400419-SDRW2400000908.1.1.5,어 자기랑 그 집에서,어 자기랑 그 집에서,0.0,어 자기랑 그 집에서,어 자기랑 그 집에서,0.0,0.0,어 자기랑 그 집에서,8,4,normal
SD2400458-SDRW2400000157.1.1.19,그래서 로제 떡볶이도 좋아하는 거 같아요,그래서 로제 떡볶이도 좋아하는 거 같아요,0.0,그래서 로제 떡볶이도 좋아하는 거 같아요,그래서 로제 떡볶이도 좋아하는 거 같아요,0.0,0.0,그래서 로제 떡볶이도 좋아하는 거 같아요,17,6,normal
SD2400458-SDRW2400000158.1.1.138,그리고 또 그 중 피와 제이의 그 중간 어딘가에 내가 있다라고 생각을 해서,그리고 또 그 중 피와 제이의 그 중간 어딘가에 대가 있다라고 생각을 해서,0.024390243902439,그리고 또 그 중 피와 제이의 그 중간 어딘가에 내가 있다라고 생각을 해서,그리고 또 그 중 피와 제이의 그 중간 어딘가에 내가 있다라고 생각을 해서,0.0,0.024390243902439,그리고 또 그 중 피와 제이의 그 중간 어딘가에 내가 있다라고 생각을 해서,29,13,normal
SD2400462-SDRW2400000934.1.1.149,9000도 걷고,90 한 두고 갔고,0.75,9000도 걷고,부추 두고 웠고,0.75,0.0,9000도 걷고,7,2,low_info
SD2400469-SCRW2400000019.1.1.57,같이 예전 기억을 떠올리며,같이 예전 기억을 떠올리며,0.0,같이 예전 기억을 떠올리며,같이 예전 기억을 떠올리며,0.0,0.0,같이 예전 기억을 떠올리며,11,4,normal
SD2400495-SDRW2400000177.1.1.79,이게 진짜 유명한 건데,이게 진짜 유명한 건데,0.0,이게 진짜 유명한 건데,이게 진짜 유명한 건데,0.0,0.0,이게 진짜 유명한 건데,9,4,normal
SD2400495-SDRW2400000180.1.1.214,나는 우리 가족은 엄마 아빠하고,나는 우리 가족은 엄마 아빠하고,0.0,나는 우리 가족은 엄마 아빠하고,나는 우리 가족은 엄마 아빠하고,0.0,0.0,나는 우리 가족은 엄마 아빠하고,13,5,normal
SD2400496-SDRW2400000178.1.1.28,나도 중학교 때 엄청 재밌었단 말이야,나도 중학교 때 엄청 재밌었단 말이야,0.0,나도 중학교 때 엄청 재밌었단 말이야,나도 중학교 때 엄청 재밌었단 말이야,0.0,0.0,나도 중학교 때 엄청 재밌었단 말이야,15,6,normal
SD2400496-SDRW2400000180.1.1.149,내가 첫사랑이 있단 말이야,내가 첫사랑이 있단 말이야,0.0,내가 첫사랑이 있단 말이야,내가 첫사랑이 있단 말이야,0.0,0.0,내가 첫사랑이 있단 말이야,11,4,normal
SD2400513-SDRW2400000958.1.1.63,한번 그렇게 시간 내요 응,name name,0.9285714285714286,한번 그렇게 시간 내요 응,companyname1 이,0.9285714285714286,0.0,한번 그렇게 시간 내요 응,10,5,normal
SD2400538-SDRW2400000225.1.1.61,그 아르바이트를 지원할 때 1줄 넣으려고 하는데,그 아르바이트를 지원할 때 1줄 넣으려고 하는데,0.0,그 아르바이트를 지원할 때 1줄 넣으려고 하는데,그 아르바이트를 지원할 때 1줄 넣으려고 하는데,0.0,0.0,그 아르바이트를 지원할 때 1줄 넣으려고 하는데,20,7,normal
SD2400538-SDRW2400000227.1.1.106,할인되는 것도 없고 해서,할인되는 것도 없고 해서,0.0,할인되는 것도 없고 해서,할인되는 것도 없고 해서,0.0,0.0,할인되는 것도 없고 해서,10,4,normal
SD2400605-SDRW2400000985.1.1.59,어렸을 때부터 굉장히 많이 봐 왔는데,어렸을 때부터 굉장히 많이 봐 왔는데,0.0,어렸을 때부터 굉장히 많이 봐 왔는데,어렸을 때부터 굉장히 많이 봐왔는데,0.05,-0.05,어렸을 때부터 굉장히 많이 봐 왔는데,15,6,normal
SD2400637-SDRW2400001001.1.1.113,아 소속은 affiliation2 학생인가,아 소속은 oiatie1가 학생인가,0.3478260869565217,아 소속은 affiliation2 학생인가,아 소속 affiliation1가 학생인가,0.1304347826086956,0.217391304347826,아 소속은 affiliation2 학생인가,20,4,normal
SD2400657-SDRW2400001016.1.1.15,베이비 부머 세대의 그 그 생활 곡선하고 일치하는 거 같아요,베이비 부모 세대의 그 그 생활 곡선하고 일치 않는 거 같아요,0.0909090909090909,베이비 부머 세대의 그 그 생활 곡선하고 일치하는 거 같아요,베이비 부모 세대에 그 그 생활 곡산하고 일치하는 거 같아요,0.0909090909090909,0.0,베이비 부머 세대의 그 그 생활 곡선하고 일치하는 거 같아요,24,10,normal
SD2400657-SDRW2400001016.1.1.70,음 글로벌적으로 나가기 때문에,글로발적으로 나가기 때문에,0.1875,음 글로벌적으로 나가기 때문에,음 글로발적으로 나가기 때문에,0.0625,0.125,음 글로벌적으로 나가기 때문에,13,4,normal
SD2400659-SDRW2400000255.1.1.31,내가 연주를 들으러 왔지 무슨 말솜씨 들으러 왔냐라는 분들도 컴플레인이 엄청 많았어,내가 연주를 들으러 왔지 무슨 말솜이 들으러왔냐라는 분들도 컴플레인이 엄청 많았어,0.0434782608695652,내가 연주를 들으러 왔지 무슨 말솜씨 들으러 왔냐라는 분들도 컴플레인이 엄청 많았어,내가 연주를 들으러 왔지 무슨 말 솜씨 들으러 왔냐라는 분들도 컴플레인이 엄청 많았어,0.0217391304347826,0.0217391304347826,내가 연주를 들으러 왔지 무슨 말솜씨 들으러 왔냐라는 분들도 컴플레인이 엄청 많았어,35,12,normal
SD2400723-SDRW2400001054.1.1.31,그 결혼식장에서 와서 이거 이 답례품 주면 이게 뭐 법에 걸린다고,그 결혼 식장에서 와서 이거 답례품 주면 이게 뭐 법에 걸린다고,0.0833333333333333,그 결혼식장에서 와서 이거 이 답례품 주면 이게 뭐 법에 걸린다고,그 결혼식장에서 와서 이거 답례품 주면 이게 뭐 법에 걸린다고,0.0555555555555555,0.0277777777777778,그 결혼식장에서 와서 이거 이 답례품 주면 이게 뭐 법에 걸린다고,26,11,normal
SD2400728-SDRW2400001057.1.1.51,그 중국 쪽 여자 사업가,그 중국 쪽 여자 사업가,0.0,그 중국 쪽 여자 사업가,그 중국 쪽 여자 사업가,0.0,0.0,그 중국 쪽 여자 사업가,9,5,normal
SD2400730-SDRW2400001058.1.1.79,공동체로 서로 어떤 목표를 향해서 나아가는 것이기 때문에,공동체로 서로 어떤 목표를 향해서 나가는 것이기 때문에,0.032258064516129,공동체로 서로 어떤 목표를 향해서 나아가는 것이기 때문에,공동체로 서로 어떤 목표를 향해서 나가는 것이기 때문에,0.032258064516129,0.0,공동체로 서로 어떤 목표를 향해서 나아가는 것이기 때문에,24,8,normal
SD2400730-SDRW2400001059.1.1.14,그렇게 생각을 하고 선택했나 이렇게 생각을 했는데,그렇게 생각을 하고 선택했나 이렇게 생각을 했는데,0.0,그렇게 생각을 하고 선택했나 이렇게 생각을 했는데,그렇게 생각을 하고 선택했나 이렇게 생각을 했는데,0.0,0.0,그렇게 생각을 하고 선택했나 이렇게 생각을 했는데,21,7,normal
SD2400739-SDRW2400000267.1.1.250,70프로 정도는 좀 괜찮더라고,70프로 정도는 좀 괜찮더라고,0.0,70프로 정도는 좀 괜찮더라고,70프로 정도는 좀 괜찮더라고,0.0,0.0,70프로 정도는 좀 괜찮더라고,13,4,normal
SD2400740-SDRW2400000265.1.1.117,어 저는 이 규모가 커진 거에 대해서 굉장히 좋더라고요,어 저는 이 규모가 커진 거에 대해서 굉장히 좋더라고요,0.0,어 저는 이 규모가 커진 거에 대해서 굉장히 좋더라고요,어 저는 이 규모가 커진 거에 대해서 굉장히 좋더라고요,0.0,0.0,어 저는 이 규모가 커진 거에 대해서 굉장히 좋더라고요,22,9,normal
SD2400740-SDRW2400000268.1.1.97,어 이런 사주 보는 것도 재미있고 어떻게 보면은,어 이런 사주 보는 것도 재미있고 어떻게 보면은,0.0,어 이런 사주 보는 것도 재미있고 어떻게 보면은,어 이런 사주 보는 것도 재미있고 어떻게 보면은,0.0,0.0,어 이런 사주 보는 것도 재미있고 어떻게 보면은,19,8,normal
SD2400796-SDRW2400001097.1.1.149,모든 으 기록적인 장소에서,모든 기록적인 장소에서,0.1428571428571428,모든 으 기록적인 장소에서,모든 기록적인 장소에서,0.1428571428571428,0.0,모든 으 기록적인 장소에서,11,4,normal
SD2400801-SDRW2400000641.1.1.48,같이 경기도 보고,같이 경기도 보고,0.0,같이 경기도 보고,같이 경기도 보고,0.0,0.0,같이 경기도 보고,7,3,normal
SD2400835-SDRW2400000654.1.1.47,그래서 찍었는데 또 아이엔티제이가 나온 거야,그래서 찍었는데 또 아이티제이가 나온 거야,0.0416666666666666,그래서 찍었는데 또 아이엔티제이가 나온 거야,그래서 찍었는데 또 아이엔티제이가 나온 거야,0.0,0.0416666666666666,그래서 찍었는데 또 아이엔티제이가 나온 거야,19,6,normal
SD2400866-SDRW2400000339.1.1.135,그 뭐 그 뭐였지,그 뭐 그 뭐였지,0.0,그 뭐 그 뭐였지,그 뭐 그 뭐였지,0.0,0.0,그 뭐 그 뭐였지,6,4,normal
SD2400872-SDRW2400000668.1.1.143,그냥 내가 사고 싶었던 신발 있어 가지고,그냥 내가 사고 싶었던 신발이 있어 가지고,0.0454545454545454,그냥 내가 사고 싶었던 신발 있어 가지고,그냥 내가 사고 싶었던 신발 있어 가지고,0.0,0.0454545454545454,그냥 내가 사고 싶었던 신발 있어 가지고,16,7,normal
SD2400881-SDRW2400000349.1.1.48,이번 주인공이 그 주황색에 걔 걔가 어쨌 그 좀 하는 행동들이 너무 마음에 안 들어 가지고 아 인사이드 아웃 원보다는 투를 좀 더 재미없었게 봤었던 거 같아,이번 주인공이 그 주황 세계 개 개가 어쨌 그 좀 하는 행동들이 너무 마음에 안 들어 가지고 나 인사이드 아웃 원보다는 투를 좀 더 재미없게 봤었던 거 같아,0.0804597701149425,이번 주인공이 그 주황색에 걔 걔가 어쨌 그 좀 하는 행동들이 너무 마음에 안 들어 가지고 아 인사이드 아웃 원보다는 투를 좀 더 재미없었게 봤었던 거 같아,이번 주인공이 그 주황 세계 걔 걔가 어쨌 그 좀 하는 행동들이 너무 마음에 안 들어 가지고 나 인사이드 아웃 원보다는 풀을 좀 더 재미없었게 봤었던 거 같아,0.0689655172413793,0.0114942528735632,이번 주인공이 그 주황색에 걔 걔가 어쨌 그 좀 하는 행동들이 너무 마음에 안 들어 가지고 아 인사이드 아웃 원보다는 투를 좀 더 재미없었게 봤었던 거 같아,61,27,normal
SD2400881-SDRW2400000351.1.1.45,그런데 그러면은 이력서 같은 거는 써 아 자소서,그런데 그러면은 이력서 같은 거는 써 아 자소서,0.0,그런데 그러면은 이력서 같은 거는 써 아 자소서,그런데 그러면은 이력서 같은 거는 써 봐 자소서,0.0384615384615384,-0.0384615384615384,그런데 그러면은 이력서 같은 거는 써 아 자소서,19,8,normal
SD2400881-SDRW2400000352.1.1.227,어 현실이 아닌 거잖아,그 현실이 아닌 거잖아,0.0833333333333333,어 현실이 아닌 거잖아,뭐 현실이 아닌 거잖아,0.0833333333333333,0.0,어 현실이 아닌 거잖아,9,4,normal
SD2400917-SDRW2400000678.1.1.117,그 현대레포션 거기에서 이제 수영 늘 배우면서,그 현대의 포션 거기에서 이제 수영을 배우면서,0.16,그 현대레포션 거기에서 이제 수영 늘 배우면서,그 현대의 옵션 거기에서 이제 수영을 배우면서,0.2,-0.04,그 현대레포션 거기에서 이제 수영 늘 배우면서,19,7,normal
SD2400918-SDRW2400000680.1.1.190,그래서 이제 내가 내가 가고 싶은 거는 좀 개발자 쪽에서도 막 막 너희들 알게끔 하면은,그래서 이제 내가 내가 가고 싶은 거는 좀 개발자 쪽에서도 막 막 너희들 알게끔 하면은,0.0,그래서 이제 내가 내가 가고 싶은 거는 좀 개발자 쪽에서도 막 막 너희들 알게끔 하면은,그래서 이제 내가 내가 가고 싶은 거는 좀 개발자 쪽에서도 막 막 너희들 알게끔 하면은,0.0,0.0,그래서 이제 내가 내가 가고 싶은 거는 좀 개발자 쪽에서도 막 막 너희들 알게끔 하면은,34,15,normal
SD2400929-SDRW2400000372.1.1.181,자녀는 제가 계획하지 않더라도,자녀는 제가 계획하지 않더라도,0.0,자녀는 제가 계획하지 않더라도,자녀는 제가 계획하지 않더라도,0.0,0.0,자녀는 제가 계획하지 않더라도,13,4,normal
SD2400933-SDRW2400001146.1.1.207,아직은 내가 그런 데 의존하고 싶지는 않아 그래서,아직은 내가 그런 데 의존하고 싶지는 않아 그래서,0.0,아직은 내가 그런 데 의존하고 싶지는 않아 그래서,아직은 내가 그런 데 의존하고 싶지는 않아 그래서,0.0,0.0,아직은 내가 그런 데 의존하고 싶지는 않아 그래서,20,8,normal
SD2400967-SDRW2400001164.1.1.58,맞아 그 내가 좋아하는 엔시티 드림에 재민이라는 멤버가 전시회를 열었단 말이야,맞아 그 내가 좋아하는 엔시티 드림의 재민이라는 멤버가 전시회를 열었단 말이야,0.0232558139534883,맞아 그 내가 좋아하는 엔시티 드림에 재민이라는 멤버가 전시회를 열었단 말이야,맞아 그 내가 좋아하는 엔시티 드림에 재민이라는 멤버가 전시회를 열었단 말이야,0.0,0.0232558139534883,맞아 그 내가 좋아하는 엔시티 드림에 재민이라는 멤버가 전시회를 열었단 말이야,33,11,normal
SD2400983-SDRW2400000689.1.1.239,어 그 사람이 좋아할지,어 그 사람이 좋아할지,0.0,어 그 사람이 좋아할지,어 그 사람이 좋아할지,0.0,0.0,어 그 사람이 좋아할지,9,4,normal
SD2400983-SDRW2400000689.1.1.27,그래서 당근마켓에서 어 아이들 뭐 운동화라든지,그래서 당근 마켓에서 어 아이들 뭐 운동화라든지,0.04,그래서 당근마켓에서 어 아이들 뭐 운동화라든지,그래서 당근 마켓에서 어 아이들 뭐 운동화라든지,0.04,0.0,그래서 당근마켓에서 어 아이들 뭐 운동화라든지,20,6,normal
SD2400999-SDRW2400001195.1.1.250,약간 한 2 3대째,그러니까 한 2 3대째,0.4,약간 한 2 3대째,약간 한 2 3대째,0.0,0.4,약간 한 2 3대째,7,4,normal
SD2400999-SDRW2400001197.1.1.17,맞아 내가 그래서 그 name1이 형한테 계속 아 서울에서 너무 결혼식 많이 한다 요새,맞아 내가 그래서 그 name2이 형한테 계속 아 서울에서 너무 결혼식 많이 한다 요새,0.0208333333333333,맞아 내가 그래서 그 name1이 형한테 계속 아 서울에서 너무 결혼식 많이 한다 요새,맞아 내가 그래서 그 name1이 형한테 계속 아 서울에서 너무 결혼식 많이 한다 요새,0.0,0.0208333333333333,맞아 내가 그래서 그 name1이 형한테 계속 아 서울에서 너무 결혼식 많이 한다 요새,35,14,normal
SD2401027-SDRW2400001238.1.1.156,병원은 인제 쪼끔 한 10분 정도 걸어가면 좀 대형 병원이 있고,병원은 인제 쪼끔만 10분 정도 걸어가면 좀 대형 병원이 있고,0.0571428571428571,병원은 인제 쪼끔 한 10분 정도 걸어가면 좀 대형 병원이 있고,병원은 인제 쪼끔 한 10분 정도 걸어가면 좀 대형 병원이 있고,0.0,0.0571428571428571,병원은 인제 쪼끔 한 10분 정도 걸어가면 좀 대형 병원이 있고,25,11,normal
SD2401029-SDRW2400001241.1.1.19,응 이 4자녀가 있는 응 가장이 죽고 이런 저기를 너의 편리성 때문에 자꾸 사용하는 걸 하면 안 되겠다,어 이 내 자녀가 있는 가장에 죽고 이런 저기를 너의 편리성 때문에 자꾸 사용하는 걸 하면 안 되겠다,0.1052631578947368,응 이 4자녀가 있는 응 가장이 죽고 이런 저기를 너의 편리성 때문에 자꾸 사용하는 걸 하면 안 되겠다,어 이 내 자녀가 있는 내 가장에 죽고 이런 저기를 너의 편리성 때문에 자꾸 사용하는 걸 하면 안 되겠다,0.087719298245614,0.0175438596491227,응 이 4자녀가 있는 응 가장이 죽고 이런 저기를 너의 편리성 때문에 자꾸 사용하는 걸 하면 안 되겠다,40,18,normal
SD2401030-SDRW2400001243.1.1.76,젊은 사람들 또 이렇게,젊은 사람들 또 이렇게,0.0,젊은 사람들 또 이렇게,젊은 사람들 또 이렇게,0.0,0.0,젊은 사람들 또 이렇게,9,4,normal
SD2401030-SDRW2400001245.1.1.176,사이즈가 이렇게 혹시 안 맞으면 반품도 해야 되고 그래서,사이즈가 이렇게 혹시 안 맞으면 반품도 해야 되고 그래서,0.0,사이즈가 이렇게 혹시 안 맞으면 반품도 해야 되고 그래서,사이즈가 이렇게 혹시 안 맞으면 반품도 해야 되고 그래서,0.0,0.0,사이즈가 이렇게 혹시 안 맞으면 반품도 해야 되고 그래서,23,9,normal
SD2401036-SDRW2400001257.1.1.102,그런 등급을 제가 찾아봤는데,그런 등급을 제가 찾아보는데,0.0666666666666666,그런 등급을 제가 찾아봤는데,그런 등급을 제가 찾아보는데,0.0666666666666666,0.0,그런 등급을 제가 찾아봤는데,12,4,normal
SD2401040-SDRW2400001263.1.1.56,근데 그 슈퍼스타 케이는 좀 오래 됐고,근데 그 슈퍼스타케이는 좀 오래됐고,0.0952380952380952,근데 그 슈퍼스타 케이는 좀 오래 됐고,근데 그 슈퍼스타 케이는 좀 오래됐고,0.0476190476190476,0.0476190476190476,근데 그 슈퍼스타 케이는 좀 오래 됐고,15,7,normal
SD2401040-SDRW2400001264.1.1.88,뭐 하는 거랑 그리고 남편의 경우에는 정자가 몇 살인지 정도 그런 검사를 할 수 있는 게 있는데,뭐 하는 거랑 그리고 남편의 경우에는 정자가 몇 살인지 정도 그런 검사를 할 수 있는 게 있는데,0.0,뭐 하는 거랑 그리고 남편의 경우에는 정자가 몇 살인지 정도 그런 검사를 할 수 있는 게 있는데,뭐 하는 거랑 그리고 남편의 경우에는 정자가 몇 살인지 정도 그런 검사를 할 수 있는 게 있는데,0.0,0.0,뭐 하는 거랑 그리고 남편의 경우에는 정자가 몇 살인지 정도 그런 검사를 할 수 있는 게 있는데,37,17,normal
SD2401055-SDRW2400001283.1.1.228,좀 접하기 쉬운 예능이라든가,좀 접하기 쉬운 예능이라든가,0.0,좀 접하기 쉬운 예능이라든가,좀 접하기 쉬운 예능이라든가,0.0,0.0,좀 접하기 쉬운 예능이라든가,12,4,normal
SD2401055-SDRW2400001283.1.1.81,어떤 연예인이 제일 좋아,어떤 연예인이 제일 좋아,0.0,어떤 연예인이 제일 좋아,어떤 연예인이 제일 좋아,0.0,0.0,어떤 연예인이 제일 좋아,10,4,normal
SD2401086-SDRW2400001338.1.1.51,어 미용도 괜찮을 거 같고 그러니까 자격증은 많은데,어 미용도 괜찮을 거 같고 그러니까 자격증은 많은데,0.0,어 미용도 괜찮을 거 같고 그러니까 자격증은 많은데,어 미용도 괜찮을 거 같고 그러니까 자격증은 많은데,0.0,0.0,어 미용도 괜찮을 거 같고 그러니까 자격증은 많은데,21,8,normal
SD2401087-SDRW2400001339.1.1.109,엑소 얘기를 해서 생각이 나서 그런데 백현과 태연의 열애설이 엄청 큰 이슈를 안겨 줬잖아,엑소 얘기를 해서 생각이 나서 그런데 백현과 태연의 열애설이 엄청 큰 이슈를 안겨줬잖아,0.0204081632653061,엑소 얘기를 해서 생각이 나서 그런데 백현과 태연의 열애설이 엄청 큰 이슈를 안겨 줬잖아,엑소 얘기를 해서 생각이 나서 그런데 백현과 태연의 열애설이 엄청 큰 이슈를 안겨 줬잖아,0.0,0.0204081632653061,엑소 얘기를 해서 생각이 나서 그런데 백현과 태연의 열애설이 엄청 큰 이슈를 안겨 줬잖아,36,14,normal
SD2401090-SDRW2400001345.1.1.92,좀 가격이 나가는 보조제이긴 하지만 확실히 먹으니까,좀 가격이 나가는 보조제이긴 하지만 확실히 먹으니까,0.0,좀 가격이 나가는 보조제이긴 하지만 확실히 먹으니까,좀 가격이 나가는 보조제이긴 하지만 확실히 먹으니까,0.0,0.0,좀 가격이 나가는 보조제이긴 하지만 확실히 먹으니까,22,7,normal
SD2401090-SDRW2400001346.1.1.112,어 거기 물걸레 청소 기능이 있어서,어 거기 물걸레 청소 기능이 있어서,0.0,어 거기 물걸레 청소 기능이 있어서,어 거기 물걸레 청소 기능이 있어서,0.0,0.0,어 거기 물걸레 청소 기능이 있어서,14,6,normal
SD2401127-SDRW2400001427.1.1.273,다들 그걸 켜고 하고 있는 거야,다들 그걸 켜고 하고 있는 거야,0.0,다들 그걸 켜고 하고 있는 거야,다들 그걸 켜고 하고 있는 거야,0.0,0.0,다들 그걸 켜고 하고 있는 거야,12,6,normal
SD2401127-SDRW2400001428.1.1.139,요새 재테크 같은 거,요새 재테크 같은 거,0.0,요새 재테크 같은 거,요새 재테크 같은 거,0.0,0.0,요새 재테크 같은 거,8,4,normal
SD2401142-SDRW2400001449.1.1.209,지금은 뭐 딱히 기억은 안 나는데,요즘은 뭐 딱히 기억 안 나네,0.2777777777777778,지금은 뭐 딱히 기억은 안 나는데,그즘은 뭐 그다지 기억 안 나네,0.4444444444444444,-0.1666666666666666,지금은 뭐 딱히 기억은 안 나는데,13,6,normal
SD2401149-SDRW2400001463.1.1.152,경기 힘들면 힘들다,경기 힘들면 힘들다,0.0,경기 힘들면 힘들다,경기 힘들면 힘들다,0.0,0.0,경기 힘들면 힘들다,8,3,normal
SD2401149-SDRW2400001463.1.1.96,계란을 1바구니에 다 담지 말라고,계란을 1바구에 다 담지 말라고,0.0555555555555555,계란을 1바구니에 다 담지 말라고,계란을 한바구니 다 담지 말라고,0.1111111111111111,-0.0555555555555556,계란을 1바구니에 다 담지 말라고,14,5,normal
SD2401149-SDRW2400001464.1.1.36,그런 것 생각지도 못해 봤는데,그런 건 생각지도 못해 봤는데,0.0625,그런 것 생각지도 못해 봤는데,그런 거 생각지도 못해 봤는데,0.0625,0.0,그런 것 생각지도 못해 봤는데,12,5,normal
SD2401150-SDRW2400001463.1.1.233,코인 오빠가 한 시 한 8년 전인가,코인 오빠가 한 시 한 8년 전인가,0.0,코인 오빠가 한 시 한 8년 전인가,코인 오빠가 한 시 한 8년 전인가,0.0,0.0,코인 오빠가 한 시 한 8년 전인가,13,7,normal
SD2401150-SDRW2400001466.1.1.34,기대를 안 하고 봤던 영화 중에서 기억에 남는 영화 중에 하나야,기대를 안 하고 봤던 영화 중에서 기억에 남는 영화 중에 하나야,0.0,기대를 안 하고 봤던 영화 중에서 기억에 남는 영화 중에 하나야,기대를 안 하고 봤던 영화 중에서 기억에 남는 영화 중의 하나야,0.0285714285714285,-0.0285714285714285,기대를 안 하고 봤던 영화 중에서 기억에 남는 영화 중에 하나야,25,11,normal
SD2401153-SDRW2400001473.1.1.133,나중에 아이도 낳고,나중에 아이도 낳고,0.0,나중에 아이도 낳고,나중에 아이도 낳고,0.0,0.0,나중에 아이도 낳고,8,3,normal
SD2401153-SDRW2400001473.1.1.78,어 여기에서 시키면 괜찮겠다,어 여기에서 시키면 괜찮겠다,0.0,어 여기에서 시키면 괜찮겠다,어 여기에서 시키면 괜찮겠다,0.0,0.0,어 여기에서 시키면 괜찮겠다,12,4,normal
SD2401198-SDRW2400001552.1.1.180,근데 너무 좋아하니까,근데 너무 좋아하니까,0.0,근데 너무 좋아하니까,근데 너무 좋아하니까,0.0,0.0,근데 너무 좋아하니까,9,3,normal
SD2401200-SDRW2400001557.1.1.143,어 리셀 판매라는 게,어 윗셀 판매라는 게,0.0909090909090909,어 리셀 판매라는 게,어 미세 판매라는 게,0.1818181818181818,-0.0909090909090909,어 리셀 판매라는 게,8,4,normal
SD2401204-SDRW2400001568.1.1.37,이렇게 만들어 놨는데,이렇게 만들어 넣는데,0.0909090909090909,이렇게 만들어 놨는데,이렇게 만들어 놨는데,0.0,0.0909090909090909,이렇게 만들어 놨는데,9,3,normal
SD2401218-SDRW2400001595.1.1.1,근데 지금 너무 막 엉겁결에 아기를 옷도 안 입히고,근데 지금 너무 막 엉겹계 아기를 옷도 안 입히고,0.1071428571428571,근데 지금 너무 막 엉겁결에 아기를 옷도 안 입히고,근데 지금 너무 막 원겹회의 아기를 옷도 안 입히고,0.1428571428571428,-0.0357142857142857,근데 지금 너무 막 엉겁결에 아기를 옷도 안 입히고,20,9,normal
SD2401265-SDRW2400001670.1.1.109,같이 인제 어 고양이 같은 경우는 상당히 그래도 제가 들고 인제 반려동물을 어 들고 다녔어요 왜냐하면은 인제,같이 인제 어 고양이 같은 경우는 상당히 그래도 제가 들고 인제 반려동물 그 들고 다녔어요 왜냐하면은 인제,0.0333333333333333,같이 인제 어 고양이 같은 경우는 상당히 그래도 제가 들고 인제 반려동물을 어 들고 다녔어요 왜냐하면은 인제,같이 인제 어 고양이 같은 경우는 상당히 그래도 제가 들고 인제 반려동물 그 들고 다녔어요 왜냐하면은 인제,0.0333333333333333,0.0,같이 인제 어 고양이 같은 경우는 상당히 그래도 제가 들고 인제 반려동물을 어 들고 다녔어요 왜냐하면은 인제,44,17,normal
SD2401265-SDRW2400001671.1.1.145,어떤 가전제품이 있습니까,어떤 가전제품이 있습니까,0.0,어떤 가전제품이 있습니까,어떤 관련 제품이 있습니까,0.2307692307692307,-0.2307692307692307,어떤 가전제품이 있습니까,11,3,normal
SD2401279-SDRW2400001701.1.1.51,뭐 요즘 사람들 많이 좋아하는 거 같더라고,뭐 요즘 사람들 많이 좋아하는 거 같더라고,0.0,뭐 요즘 사람들 많이 좋아하는 거 같더라고,뭐 요즘 사람들 많이 좋아하는 거 같더라고,0.0,0.0,뭐 요즘 사람들 많이 좋아하는 거 같더라고,17,7,normal
SD2401279-SDRW2400001702.1.1.121,그러니까 그런 거 그냥 신경 쓰지 않고 그냥 내 주머니에 있는 거 사 그냥 가지고 살아,그러니까 그런 거 그냥 신경 쓰지 않고 그냥 내 주머니 있는 것을 그냥 가지고 살아,0.0833333333333333,그러니까 그런 거 그냥 신경 쓰지 않고 그냥 내 주머니에 있는 거 사 그냥 가지고 살아,그러니까 그런 거 그냥 신경 쓰지 않고 그냥 내 주머니 있는 거 사 그냥 가지고 살아,0.0208333333333333,0.0625,그러니까 그런 거 그냥 신경 쓰지 않고 그냥 내 주머니에 있는 거 사 그냥 가지고 살아,33,16,normal
SD2401279-SDRW2400001702.1.1.128,그럼 서로가 서로를 얽매는 거야,그럼 서로가 서로를 얽매이는 거야,0.0588235294117647,그럼 서로가 서로를 얽매는 거야,그럼 서로가 서로 얽매이는 거야,0.1176470588235294,-0.0588235294117647,그럼 서로가 서로를 얽매는 거야,13,5,normal
SD2401279-SDRW2400001703.1.1.64,근데 같이 나이 먹어서 같은 취미로 같은 장소에서 이렇게 우리처럼 할 수 있다는 것은 복이야,근데 같이 나이 먹어서 같은 취미로 같은 장소에서 이렇게 우리처럼 할 수 있다는 것은 복이야,0.0,근데 같이 나이 먹어서 같은 취미로 같은 장소에서 이렇게 우리처럼 할 수 있다는 것은 복이야,근데 같이 나이 먹어서 같은 취미로 같은 장소에서 이렇게 우리처럼 할 수 있다는 것은 복이야,0.0,0.0,근데 같이 나이 먹어서 같은 취미로 같은 장소에서 이렇게 우리처럼 할 수 있다는 것은 복이야,37,15,normal
SD2401281-SDRW2400001705.1.1.88,쪼끔이라도 본 적 있었어,쪼끔이라도 본 적 있었어,0.0,쪼끔이라도 본 적 있었어,쪼끔이라도 본 적 있었어,0.0,0.0,쪼끔이라도 본 적 있었어,10,4,normal
SD2401281-SDRW2400001706.1.1.110,그리고 거기서 탕수육도 시켰었는데,그리고 거기서 탕수육도 시켰었는데,0.0,그리고 거기서 탕수육도 시켰었는데,그리고 거기서 탕수육도 시켰었는데,0.0,0.0,그리고 거기서 탕수육도 시켰었는데,15,4,normal
SD2401281-SDRW2400001708.1.1.200,혹시 기억에 남는 결혼식이나 그런 거 있어,혹시 기억에 남는 결혼식이나 그런 거 있어,0.0,혹시 기억에 남는 결혼식이나 그런 거 있어,혹시 기억에 남는 결혼식이나 그런 거 있어,0.0,0.0,혹시 기억에 남는 결혼식이나 그런 거 있어,17,7,normal
SD2401296-SDRW2400001730.1.1.142,또 우린 이제 그 일정한 기간 동안 이제 계속 이거 먹어서 이제 해 보니까,또 우리 이제 그 일정한 기간 동안 이제 계속 이거 먹어서 이제 해 보니까,0.024390243902439,또 우린 이제 그 일정한 기간 동안 이제 계속 이거 먹어서 이제 해 보니까,또 우리 이제 그 일정한 기간 동안 이제 계속 이거 먹어서 이제 해 보니까,0.024390243902439,0.0,또 우린 이제 그 일정한 기간 동안 이제 계속 이거 먹어서 이제 해 보니까,28,14,normal
SD2401297-SCRW2400000048.1.1.29,정말 매일 수영장을 갔어요 수업이 없어도,정말 매일 수영장을 갔어요 수업이 없어도,0.0,정말 매일 수영장을 갔어요 수업이 없어도,정말 매일 수영장을 갔어요 수업이 없어도,0.0,0.0,정말 매일 수영장을 갔어요 수업이 없어도,17,6,normal
SD2401298-SCRW2400000051.1.1.74,그 바닷가도 가고 가 보고 싶었으니까 일일 투어 그런 게 있어요 거기 보면,그 바닷가도 가 가 보고 싶었으니까 일 투어 그런 게 있어요 거기 보면,0.048780487804878,그 바닷가도 가고 가 보고 싶었으니까 일일 투어 그런 게 있어요 거기 보면,그 바닷가도 가고 가 보고 싶었으니까 1일 투어 그런 게 있어요 거기 보면,0.024390243902439,0.024390243902439,그 바닷가도 가고 가 보고 싶었으니까 일일 투어 그런 게 있어요 거기 보면,29,13,normal
SD2401306-SDRW2400001752.1.1.149,이 일대 1대2 수업도 찾으면은 많이 있거든,이 1대 1대 2 수업도 찾으면은 많이 있거든,0.0833333333333333,이 일대 1대2 수업도 찾으면은 많이 있거든,이 1대 1 대 2 수업도 찾으면은 많이 있거든,0.125,-0.0416666666666667,이 일대 1대2 수업도 찾으면은 많이 있거든,18,7,normal
SD2401315-SDRW2400001761.1.1.125,흠 으휴 나하고 너무 취향이 안 맞아요,그 나하고 너무 취향이 안 맞아요,0.1904761904761904,흠 으휴 나하고 너무 취향이 안 맞아요,음 그 나 하고 너무 취향이 안 맞아요,0.1904761904761904,0.0,흠 으휴 나하고 너무 취향이 안 맞아요,15,7,normal
SD2401315-SDRW2400001761.1.1.48,뭐 바쁘다고 영화관 안 가고 맨날 넷플릭스나 뭐 티빙이나,뭐 바쁘다고 영화관 안 가고 맨날 넷플릭스나 뭐 티빙이나,0.0,뭐 바쁘다고 영화관 안 가고 맨날 넷플릭스나 뭐 티빙이나,뭐 바쁘다고 영화관 안 가고 맨날 넷플릭스나 뭐 티빙이나,0.0,0.0,뭐 바쁘다고 영화관 안 가고 맨날 넷플릭스나 뭐 티빙이나,23,9,normal
SD2401315-SDRW2400001764.1.1.148,근데 되게 불쌍하더라고,근데 되게 불쌍하더라고,0.0,근데 되게 불쌍하더라고,근데 되게 불쌍하더라고,0.0,0.0,근데 되게 불쌍하더라고,10,3,normal
SD2401315-SDRW2400001764.1.1.70,차라리 없는 아이들한테 쪼끔 도와주는 게 낫지 않을까 난 개인적인 내 생각에,차라리 없는 아이들한테 쪼끔 도와주는 게 낫지 않을까 난 개인적인 내 생각에,0.0,차라리 없는 아이들한테 쪼끔 도와주는 게 낫지 않을까 난 개인적인 내 생각에,차라리 없는 아이들한테 쪼끔 도와주는 게 낫지 않을까 난 개인적인 내 생각에,0.0,0.0,차라리 없는 아이들한테 쪼끔 도와주는 게 낫지 않을까 난 개인적인 내 생각에,31,12,normal
SD2401350-SDRW2400001826.1.1.173,계단 강아지 계단도 이렇게 집에 놓고 매트도 깔려 있고,계단 강아지 계단도 이렇게 집에 놓고 매트도 깔려 있고,0.0,계단 강아지 계단도 이렇게 집에 놓고 매트도 깔려 있고,계단 강아지 계단도 이렇게 집에 놓고 매트도 깔려 있고,0.0,0.0,계단 강아지 계단도 이렇게 집에 놓고 매트도 깔려 있고,22,9,normal
SD2401350-SDRW2400001828.1.1.39,어,아,1.0,어,아,1.0,0.0,어,1,1,low_info
SD2401391-SDRW2400001897.1.1.119,회식이 없던 곳에서 회사 생활했기 때문에,회식이 없던 곳에서 회사 생활을 했기 때문에,0.0909090909090909,회식이 없던 곳에서 회사 생활했기 때문에,회식이 어떤 곳에서 회사 생활했기 때문에,0.0909090909090909,0.0,회식이 없던 곳에서 회사 생활했기 때문에,17,6,normal
SD2401391-SDRW2400001897.1.1.22,비교해서일까 아니면 그게 어떠한 판단의 척도가 있어서 그렇게 얘기를 했을까,비교해서일까 아니면 그게 어떠한 판단에 촉도가 있어서 그렇게 얘기를 했을까,0.048780487804878,비교해서일까 아니면 그게 어떠한 판단의 척도가 있어서 그렇게 얘기를 했을까,비교해서일까 아니면 그게 어떠한 판타의 속도가 있어서 그렇게 얘기를 했을까,0.048780487804878,0.0,비교해서일까 아니면 그게 어떠한 판단의 척도가 있어서 그렇게 얘기를 했을까,32,10,normal
SD2401392-SDRW2400001894.1.1.16,나머지 것들 중에 어 에이아이가 어 기존 대비해서 많이 유입되었다라고 생각하는,나머지 것들 중에 어 에이아이가 어 기존 대비해서 많이 유입되었다라고 생각하는,0.0,나머지 것들 중에 어 에이아이가 어 기존 대비해서 많이 유입되었다라고 생각하는,나머지 것들 중에 어 에이아이가 어 기존 대비해서 많이 유입되었다라고 생각하는,0.0,0.0,나머지 것들 중에 어 에이아이가 어 기존 대비해서 많이 유입되었다라고 생각하는,33,11,normal
SD2401425-SDRW2400001935.1.1.102,남들 송편에 다 묻어 있어 갖고 나는 꿀도 못 먹고 그랬어,남들 송편에 다 묻어 있어 갖고 나는 꿀도 못 먹고 그랬어,0.0,남들 송편에 다 묻어 있어 갖고 나는 꿀도 못 먹고 그랬어,남들 송편에 다 묻어 있어 갖고 나는 골도 못 먹고 그랬어,0.03125,-0.03125,남들 송편에 다 묻어 있어 갖고 나는 꿀도 못 먹고 그랬어,22,11,normal
SD2401425-SDRW2400001937.1.1.222,음식도 그런 부분이 있는 거 같아,음식도 그런 부분이 있는 거 같아,0.0,음식도 그런 부분이 있는 거 같아,음식도 그런 부분이 있는 거 같아,0.0,0.0,음식도 그런 부분이 있는 거 같아,13,6,normal
SD2401490-SDRW2400002064.1.1.105,약간 그런 새로운 어떤 그리는 형태를 좀 더 추구했다가,약간 그런 새로운 어떤 그리는 형태를 좀 더 추구했다가,0.0,약간 그런 새로운 어떤 그리는 형태를 좀 더 추구했다가,약간 그런 새로운 어떤 그리는 형태를 좀 더 추구했다가,0.0,0.0,약간 그런 새로운 어떤 그리는 형태를 좀 더 추구했다가,22,9,normal
SD2401494-SDRW2400002070.1.1.182,그게 아 그렇게 아니고 좀 덜 붐빌 때 가면은 좀 이렇게 음 좋 좋아요,그게 그렇게 아니고 좀 덜 붐빌 때 가면은 좀 이렇게 좀 좋은 좋아요,0.1025641025641025,그게 아 그렇게 아니고 좀 덜 붐빌 때 가면은 좀 이렇게 음 좋 좋아요,그게 그렇게 아니고 좀 덜 붐빌 때 가면은 좀 이렇게 좋은 좋아요,0.1282051282051282,-0.0256410256410256,그게 아 그렇게 아니고 좀 덜 붐빌 때 가면은 좀 이렇게 음 좋 좋아요,26,14,normal
SD2401498-SDRW2400002079.1.1.132,나도 취미로 한번 해볼까 했는데,나도 취미로 한번 해 볼까 했는데,0.0588235294117647,나도 취미로 한번 해볼까 했는데,나도 취미로 한번 해 볼까 했는데,0.0588235294117647,0.0,나도 취미로 한번 해볼까 했는데,13,5,normal
SD2401498-SDRW2400002079.1.1.178,거기도 텃세가 엄청 심하더라고,거기도 텃세가 엄청 심하더라고,0.0,거기도 텃세가 엄청 심하더라고,거기도 텃세가 엄청 심하더라고,0.0,0.0,거기도 텃세가 엄청 심하더라고,13,4,normal
SD2401500-SDRW2400002082.1.1.211,동생이 원래 뭘 만드는 걸 좋아하거든,동생이 원래 뭘 만드는 걸 좋아하거든,0.0,동생이 원래 뭘 만드는 걸 좋아하거든,동생이 원래 뭘 만드는 걸 좋아하거든,0.0,0.0,동생이 원래 뭘 만드는 걸 좋아하거든,15,6,normal
SD2401500-SDRW2400002082.1.1.58,아 네가 그 여행 갔을 때 먹었던 젤라토가 진짜 맛있었을 거 같은데,아 네가 그 여행 갔을 때 먹었던 젤라토가 진짜 맛있었을 거 같은데,0.0,아 네가 그 여행 갔을 때 먹었던 젤라토가 진짜 맛있었을 거 같은데,아 네가 그 여행 갔을 때 먹었던 젤라토가 진짜 맛있었을 거 같은데,0.0,0.0,아 네가 그 여행 갔을 때 먹었던 젤라토가 진짜 맛있었을 거 같은데,26,12,normal
SD2401500-SDRW2400002082.1.1.69,나는 그중에 그 동생이 술빵을 되게 좋아하는데,나는 그중에 그 동생이 술방을 되게 좋아하는데,0.04,나는 그중에 그 동생이 술빵을 되게 좋아하는데,나는 그중에 그 동생이 술빵을 되게 좋아하는데,0.0,0.04,나는 그중에 그 동생이 술빵을 되게 좋아하는데,19,7,normal
SD2401500-SDRW2400002084.1.1.166,그냥 최근에 또 너무 심심한 거야 주식만 하기에,그냥 최근에 또 너무 심심한 거야 주식만 하기에,0.0,그냥 최근에 또 너무 심심한 거야 주식만 하기에,그냥 최근에 또 너무 심심한 거야 주식만 하기에,0.0,0.0,그냥 최근에 또 너무 심심한 거야 주식만 하기에,19,8,normal
SD2401500-SDRW2400002085.1.1.158,팽이버섯도 정말 맛있다,팽이버섯도 정말 맛있다,0.0,팽이버섯도 정말 맛있다,팽이버섯도 정말 맛있다,0.0,0.0,팽이버섯도 정말 맛있다,10,3,normal
SD2401507-SDRW2400002099.1.1.244,일단 안 먹으니까,일단 안 먹으니까,0.0,일단 안 먹으니까,일단 안 먹으니까,0.0,0.0,일단 안 먹으니까,7,3,normal
SD2401513-SDRW2400002110.1.1.27,그 촬영지였던 동해 고성 거진항이라는 곳도 가봤던 기억이 납니다,그 촬영지였던 동에 고성 거진이라는 곳도 가 봤던 기억이 납니다,0.0857142857142857,그 촬영지였던 동해 고성 거진항이라는 곳도 가봤던 기억이 납니다,그 촬영지였던 동해 고성 거진왕이라는 곳도 가 봤던 기억이 납니다,0.0571428571428571,0.0285714285714286,그 촬영지였던 동해 고성 거진항이라는 곳도 가봤던 기억이 납니다,27,9,normal
SD2401513-SDRW2400002111.1.1.120,러브레터라는 일본 영화를 좋아해서,러브레터라는 일본 영화를 좋아해서,0.0,러브레터라는 일본 영화를 좋아해서,러브레터라는 일본 영화를 좋아해서,0.0,0.0,러브레터라는 일본 영화를 좋아해서,15,4,normal
SD2401513-SDRW2400002111.1.1.178,제가 뭔가 삶을 다시,제가 뭔가 삶을 다시,0.0,제가 뭔가 삶을 다시,제가 뭔가 삶을 다시,0.0,0.0,제가 뭔가 삶을 다시,8,4,normal
SD2401513-SDRW2400002112.1.1.215,또 아이가 놀이공원 가듯이 그런 코스트코를 굉장히 좋아해요,또 아이가 놀이공원 가듯이 그런 코스트코를 굉장히 좋아해요,0.0,또 아이가 놀이공원 가듯이 그런 코스트코를 굉장히 좋아해요,또 아이가 놀이공원 가듯이 그런 코스트코를 굉장히 좋아해요,0.0,0.0,또 아이가 놀이공원 가듯이 그런 코스트코를 굉장히 좋아해요,25,8,normal
SD2401531-SDRW2400002148.1.1.98,또 인제 운동 시설이 있고,또 인제 운동 시설이 있고,0.0,또 인제 운동 시설이 있고,또 인제 운동 시설이 있고,0.0,0.0,또 인제 운동 시설이 있고,10,5,normal
SD2401539-SDRW2400002163.1.1.78,어 일과 휴가가 인제 구분이 안 되거든요,어 일과 휴가가 인제 구분이 안 되거든요,0.0,어 일과 휴가가 인제 구분이 안 되거든요,어 일과 휴가가 인제 구분이 안 되거든요,0.0,0.0,어 일과 휴가가 인제 구분이 안 되거든요,16,7,normal
SD2401539-SDRW2400002165.1.1.128,모아 볼 만하겠다는 생각이 들더라고요,모아 볼만 하겠다는 생각이 들더라고요,0.1,모아 볼 만하겠다는 생각이 들더라고요,모아 볼 만하겠다는 생각이 들더라고요,0.0,0.1,모아 볼 만하겠다는 생각이 들더라고요,16,5,normal
SD2401543-SDRW2400002173.1.1.47,내가 자신이 없어서,내가 자신이 없어서,0.0,내가 자신이 없어서,내가 자신이 없어서,0.0,0.0,내가 자신이 없어서,8,3,normal
SD2401548-SDRW2400002178.1.1.16,어렸을 적이라 그랬을진 모르겠지만,어렸을 적이라 그랬을진 모르겠지만,0.0,어렸을 적이라 그랬을진 모르겠지만,어렸을 적이라 그랬을진 모르겠지만,0.0,0.0,어렸을 적이라 그랬을진 모르겠지만,15,4,normal
SD2401548-SDRW2400002178.1.1.263,어릴 적에는 진짜 꼭 챙겨 봤던 거 같아,어릴 적에는 진짜 꼭 챙겨 봤던 거 같아,0.0,어릴 적에는 진짜 꼭 챙겨 봤던 거 같아,어릴 적에는 진짜 꼭 챙겨 봤던 거 같아,0.0,0.0,어릴 적에는 진짜 꼭 챙겨 봤던 거 같아,15,8,normal
SD2401548-SDRW2400002180.1.1.80,그래도 뭔가 내 직무나 아니면은 위치나 이렇게 다양한 이유들이 있잖아,그래도 뭔가 내 직무나 아니면은 위치나 이렇게 다양한 이유들이 있잖아,0.0,그래도 뭔가 내 직무나 아니면은 위치나 이렇게 다양한 이유들이 있잖아,그래도 뭔가 내 직무나 아니면은 위치나 이렇게 다양한 이유들이 있잖아,0.0,0.0,그래도 뭔가 내 직무나 아니면은 위치나 이렇게 다양한 이유들이 있잖아,29,10,normal
SD2401557-SDRW2400002199.1.1.134,왠지 고기를 구워 먹을 수 있 구워 먹기가 편하니까 좀 이렇게 스 가족끼리 이 친구끼리 어 둘러싸여서 좀 뭐 불멍 같은 것도 해 하면 좋은 게 또 펜션이다 보니까,왠지 고기를 구워 먹을 수 있 구워 먹기가 편하니까 좀 이렇게 가족끼리 이게 친구끼리 또 둘러쌓여서 좀 뭐 불멍 같은 것도 해 하면 좋은 게 또 펜션이다 보니까,0.0555555555555555,왠지 고기를 구워 먹을 수 있 구워 먹기가 편하니까 좀 이렇게 스 가족끼리 이 친구끼리 어 둘러싸여서 좀 뭐 불멍 같은 것도 해 하면 좋은 게 또 펜션이다 보니까,왠지 고기를 구워 먹을 수 있 구워 먹기가 편하니까 좀 이렇게 가족끼리 이게 친구끼리 돈 둘러싸여서 좀 뭐 불멍 같은 것도 해 하면 좋은 게 또 펜션이다 보니까,0.0444444444444444,0.0111111111111111,왠지 고기를 구워 먹을 수 있 구워 먹기가 편하니까 좀 이렇게 스 가족끼리 이 친구끼리 어 둘러싸여서 좀 뭐 불멍 같은 것도 해 하면 좋은 게 또 펜션이다 보니까,62,29,normal
SD2401557-SDRW2400002200.1.1.139,그래 갖고 요새 좀 잘 나가는 물건들 뭐가 있을까 좀 보는 것도 있고,그래 갖고 요새 좀 잘 나가는 물건들 뭐가 있을까 좀 보는 것도 있고,0.0,그래 갖고 요새 좀 잘 나가는 물건들 뭐가 있을까 좀 보는 것도 있고,그래 갖고 요새 좀 잘 나가는 물건들 뭐가 있을까 좀 보는 것도 있고,0.0,0.0,그래 갖고 요새 좀 잘 나가는 물건들 뭐가 있을까 좀 보는 것도 있고,26,13,normal
SD2401577-SDRW2400002238.1.1.219,어 티브이에서도 가끔 많이 나와 있는데,어 티브이에서 가끔 많이 나와 있는데,0.0476190476190476,어 티브이에서도 가끔 많이 나와 있는데,어 티브이에서도 가끔 많이 나와 있는데,0.0,0.0476190476190476,어 티브이에서도 가끔 많이 나와 있는데,16,6,normal
SD2401577-SDRW2400002241.1.1.152,어 선생님 한 8분 계시는데 총각 선생이 한 3분 있어요,어 선생님 한 8분 계시는데 총각 선생이 한 3번 있어요,0.032258064516129,어 선생님 한 8분 계시는데 총각 선생이 한 3분 있어요,어 선생님 한 8분 계시는데 총각 수능이 한 3번 있어요,0.0967741935483871,-0.064516129032258,어 선생님 한 8분 계시는데 총각 선생이 한 3분 있어요,22,10,normal
SD2401578-SDRW2400002239.1.1.72,나는 참 건강은 그냥 살고 운동하고 설거지하고 빨래하고,나는 참 건강은 그냥 살고 운동하고 설거지하고 빨래하고,0.0,나는 참 건강은 그냥 살고 운동하고 설거지하고 빨래하고,나는 참 건강은 그냥 살고 운동하고 설거지하고 빨래하고,0.0,0.0,나는 참 건강은 그냥 살고 운동하고 설거지하고 빨래하고,23,8,normal
SD2401578-SDRW2400002241.1.1.199,아 올해 교감 교감 내 제자가 교감증을 땄대요,아 올해 교감 교감 내체자가 교감등을 땄대요,0.12,아 올해 교감 교감 내 제자가 교감증을 땄대요,아 올해 교감 교감 대체자가 교감등을 땄대요,0.16,-0.04,아 올해 교감 교감 내 제자가 교감증을 땄대요,18,8,normal
SD2401585-SDRW2400002256.1.1.97,그리고 모츠나베라는 곱창전골,그리고 모치나베라는 곱창전골,0.0666666666666666,그리고 모츠나베라는 곱창전골,그리고 모츠나베라는 곱창전골,0.0,0.0666666666666666,그리고 모츠나베라는 곱창전골,13,3,normal
SD2401595-SDRW2400002274.1.1.57,너는 졸업 작품 어떤 거 할지 생각해 둔 거 있니,너는 졸업 작품 어떤 거 할지 생각해 둔 거 있니,0.0,너는 졸업 작품 어떤 거 할지 생각해 둔 거 있니,너는 졸업 작품 어떤 거 할지 생각해 둔 거 있니,0.0,0.0,너는 졸업 작품 어떤 거 할지 생각해 둔 거 있니,18,10,normal
SD2401610-SDRW2400002302.1.1.145,이걸 해결해 줘야 이게 문제가 해결되는 게 아닌가,이걸 해결해 줘야 이게 문제가 해결되는 게 아닌가,0.0,이걸 해결해 줘야 이게 문제가 해결되는 게 아닌가,이걸 해결해 줘야 이게 문제가 해결되는 게 아닌가,0.0,0.0,이걸 해결해 줘야 이게 문제가 해결되는 게 아닌가,20,8,normal
SD2401610-SDRW2400002304.1.1.111,그래서 뭔가 이렇게 준비하면서 아 이 길이 맞나 싶은데도,그래서 뭔가 이렇게 준비하면서 아 이 길이 맞나 싶은 데도,0.032258064516129,그래서 뭔가 이렇게 준비하면서 아 이 길이 맞나 싶은데도,그래서 뭔가 이렇게 준비하면서 아 이 길이 맞나 싶은데도,0.0,0.032258064516129,그래서 뭔가 이렇게 준비하면서 아 이 길이 맞나 싶은데도,23,9,normal
SD2401610-SDRW2400002305.1.1.27,그래서 뭔가 요즘 예능은 그래서 잘 안 보게 되는 거 같아,그래서 뭔가 요즘 예능은 그래서 잘 안 보게 되는 거 같아,0.0,그래서 뭔가 요즘 예능은 그래서 잘 안 보게 되는 거 같아,그래서 뭔가 요즘 예능은 그래서 잘 안 보게 되는 거 같아,0.0,0.0,그래서 뭔가 요즘 예능은 그래서 잘 안 보게 되는 거 같아,22,11,normal
SD2401624-SDRW2400002331.1.1.42,생각보다 결혼을 해 보니까,생각보다 결혼을 해 보니까,0.0,생각보다 결혼을 해 보니까,생각보다 결혼을 해 보니까,0.0,0.0,생각보다 결혼을 해 보니까,11,4,normal
SD2401624-SDRW2400002333.1.1.41,근데 대부분 그쪽에서 일했거나,근데 대부분 그쪽에서 일했거나,0.0,근데 대부분 그쪽에서 일했거나,근데 대부분 그쪽에서 일했거나,0.0,0.0,근데 대부분 그쪽에서 일했거나,13,4,normal
SD2401627-SDRW2400002339.1.1.17,저는 글씨를 못 쓰거든요,저는 그실을 못 쓰거든요,0.2307692307692307,저는 글씨를 못 쓰거든요,저는 글시를 못 쓰거든요,0.0769230769230769,0.1538461538461538,저는 글씨를 못 쓰거든요,10,4,normal
SD2401627-SDRW2400002340.1.1.68,꼬리에 꼬리에 무는 얘기 옛날 사건 같은 거를 갖다가 다시 재조명해서 다루는 게 있더라고요,꼬리에 꼬리 무는 얘기 옛날 사건 같은 거를 갖다가 다시 재조명에서 다루는 게 있더라고요,0.04,꼬리에 꼬리에 무는 얘기 옛날 사건 같은 거를 갖다가 다시 재조명해서 다루는 게 있더라고요,꼬리에 꼬리에 무는 얘기 옛날 사건 같은 거를 갖다가 다시 재조명에서 다루는 게 있더라고요,0.02,0.02,꼬리에 꼬리에 무는 얘기 옛날 사건 같은 거를 갖다가 다시 재조명해서 다루는 게 있더라고요,37,14,normal
SD2401673-SDRW2400002426.1.1.107,산책 시켜줄 수 있거나 같이 그러면은 약간,그 산책시켜 줄 수 있구나 같이 그러면은 약간,0.217391304347826,산책 시켜줄 수 있거나 같이 그러면은 약간,그 산책시켜 줄 수 있거나 같이 그러면은 아까,0.2608695652173913,-0.0434782608695653,산책 시켜줄 수 있거나 같이 그러면은 약간,17,7,normal
SD2401673-SDRW2400002426.1.1.190,딱 그런 거 그래도 약간 박스 좋아하고 서랍장 좋아하고 하는 거 같고,나 그런 거 그래도 약간 박스 좋아하고 서랍장 좋아하고 하는 거 같고,0.0263157894736842,딱 그런 거 그래도 약간 박스 좋아하고 서랍장 좋아하고 하는 거 같고,나 그런 거 그래도 약간 박스 좋아하고 서랍장 좋아하고 하는 거 같고,0.0263157894736842,0.0,딱 그런 거 그래도 약간 박스 좋아하고 서랍장 좋아하고 하는 거 같고,27,12,normal
SD2401673-SDRW2400002427.1.1.149,되게 뭔가 편안 편하더라고요,되게 뭔가 편 편하더라고요,0.0666666666666666,되게 뭔가 편안 편하더라고요,되게 뭔가 편한 편하더라고요,0.0666666666666666,0.0,되게 뭔가 편안 편하더라고요,12,4,normal
SD2401673-SDRW2400002429.1.1.114,그런 쪽으로도 약간 자격증 같은 것도 좀 취득해 보려고 많이 생각은 하고 있습니다,그런 쪽으로도 약간 자격증 같은 것도 좀 취득해 보려고 많이 생각을 하고 있습니다,0.0222222222222222,그런 쪽으로도 약간 자격증 같은 것도 좀 취득해 보려고 많이 생각은 하고 있습니다,그런 쪽으로도 약간 자격증 같은 것도 좀 취득해 보려고 많이 생각을 하고 있습니다,0.0222222222222222,0.0,그런 쪽으로도 약간 자격증 같은 것도 좀 취득해 보려고 많이 생각은 하고 있습니다,33,13,normal
SD2401673-SDRW2400002429.1.1.207,하지만 거기 병원 쪽에서는 또 추천을 하더라고 뭐 간호 조무사 이런 거 자격증이라도 있으면은,하지만 거기 병원 쪽에서는 또 추천을 하더라고 뭐 간호조무사 이런 거 자격증이라도 있으면은,0.0196078431372549,하지만 거기 병원 쪽에서는 또 추천을 하더라고 뭐 간호 조무사 이런 거 자격증이라도 있으면은,하지만 거기 병원 쪽에서는 또 추천을 하더라고 뭐 간호조무사 이런 거 자격증이라도 있으면은,0.0196078431372549,0.0,하지만 거기 병원 쪽에서는 또 추천을 하더라고 뭐 간호 조무사 이런 거 자격증이라도 있으면은,38,14,normal
SD2401678-SDRW2400002440.1.1.183,그런데 그 브랜드가 지금 기억이 안 나네,그런데 그 브랜드가 지금 기억이 안 나네,0.0,그런데 그 브랜드가 지금 기억이 안 나네,그런데 그 브랜드가 지금 기억이 안 나네,0.0,0.0,그런데 그 브랜드가 지금 기억이 안 나네,16,7,normal
SD2401719-SDRW2400002518.1.1.67,이 사람은 이랬을 것이다 저 사람은 저 했을 것이다라는 거를,이 사람은 일했을 것이다 저 사람 저랬을 것이다라는 거를,0.1515151515151515,이 사람은 이랬을 것이다 저 사람은 저 했을 것이다라는 거를,이 사람은 이랬을 것이다 저 사람은 저랬을 것이다라는 거를,0.0606060606060606,0.0909090909090908,이 사람은 이랬을 것이다 저 사람은 저 했을 것이다라는 거를,24,10,normal
SD2401719-SDRW2400002518.1.1.68,스스로 이렇게 생각을 하고 만들어 본다는 게 되게 좋다고 생각을 하거든요,스스로 이렇게 생각을 하고 만들어 본다는 게 되게 좋다고 생각을 하거든요,0.0,스스로 이렇게 생각을 하고 만들어 본다는 게 되게 좋다고 생각을 하거든요,스스로 이렇게 생각을 하고 만들어 본다는 게 되게 좋다고 생각을 하거든요,0.0,0.0,스스로 이렇게 생각을 하고 만들어 본다는 게 되게 좋다고 생각을 하거든요,30,11,normal
SD2401719-SDRW2400002519.1.1.225,확실하게 인제 우리나라 드라마들과의 차이도 있고,확실하게 인제 우리나라 드라마들과의 차이도 있고,0.0,확실하게 인제 우리나라 드라마들과의 차이도 있고,확실하게 인제 우리나라 드라마들과의 차이도 있고,0.0,0.0,확실하게 인제 우리나라 드라마들과의 차이도 있고,21,6,normal
SD2401719-SDRW2400002520.1.1.78,그래서 호텔 쪽으로 넘어간 거예요,그래서 호텔 쪽으로 넘어간 거예요,0.0,그래서 호텔 쪽으로 넘어간 거예요,그래서 호텔 쪽으로 넘어간 거예요,0.0,0.0,그래서 호텔 쪽으로 넘어간 거예요,14,5,normal
SD2401747-SDRW2400002618.1.1.265,어 어른들이 또는 기성 세대가,어 어른들이 또는 기성세대가,0.0625,어 어른들이 또는 기성 세대가,어 어른들이 또는 기성세대가,0.0625,0.0,어 어른들이 또는 기성 세대가,12,5,normal
SD2401747-SDRW2400002621.1.1.28,주변 동료 성격 업무 이런 거까지 맞춰야 되니까,더불어 주변 동료 성격 업무 이런 것까지 맞춰,0.3846153846153846,주변 동료 성격 업무 이런 거까지 맞춰야 되니까,더불어 주변 동료 성격 업무 이런 것까지 맞춰,0.3846153846153846,0.0,주변 동료 성격 업무 이런 거까지 맞춰야 되니까,19,8,normal
SD2401747-SDRW2400002621.1.1.91,회사 생활이나 어떤 조직 생활은,그래서 회사 생활이나 어떤 조,0.5294117647058824,회사 생활이나 어떤 조직 생활은,그래서 회사 생활이나 어떤 조직,0.4705882352941176,0.0588235294117647,회사 생활이나 어떤 조직 생활은,13,5,normal
SD2401768-SDRW2400002590.1.1.74,그리고 인스타나 블로그 같은 데 요즘에 맛집 추천 굉장히 잘되어 있잖아,그리고 인스타나 블로그 같은 데 요즘에 맛집 추천 굉장히 잘 되어 있잖아,0.0256410256410256,그리고 인스타나 블로그 같은 데 요즘에 맛집 추천 굉장히 잘되어 있잖아,그리고 인스타나 블로그 같은 데 요즘에 맛집 추천 굉장히 잘 되어 있잖아,0.0256410256410256,0.0,그리고 인스타나 블로그 같은 데 요즘에 맛집 추천 굉장히 잘되어 있잖아,29,11,normal
SD2401774-SDRW2400002653.1.1.207,요새 사람들이 이제 뭐 그런 포럼이나 이런 데서,요새 사람들이 이제 뭐 그런 포럼이나 이런 데서,0.0,요새 사람들이 이제 뭐 그런 포럼이나 이런 데서,요새 사람들이 이제 뭐 그런 포럼이나 이런 데서,0.0,0.0,요새 사람들이 이제 뭐 그런 포럼이나 이런 데서,19,8,normal
SD2401775-SDRW2400002650.1.1.89,그래 가지고 어 이거 같이 봐 봐야 되겠다 생각이 들더라고,그래 가지고 어 이거 같이 봐 봐야 되겠다 생각이 들더라고,0.0,그래 가지고 어 이거 같이 봐 봐야 되겠다 생각이 들더라고,그래 가지고 어 이거 같이 봐 봐야 되겠다 생각이 들더라고,0.0,0.0,그래 가지고 어 이거 같이 봐 봐야 되겠다 생각이 들더라고,23,10,normal
SD2401775-SDRW2400002650.1.1.98,응 본 적 없어,응 본 적 없어,0.0,응 본 적 없어,응 본 적 없어,0.0,0.0,응 본 적 없어,5,4,low_info
SD2401797-SDRW2400002694.1.1.167,외국의 유명한 미술 작가들이 조형을 설치를 해준 거라고 하더라고요,외국의 유명한 미술 작가들이 조용물 설치를 해 준 거라고 하더라고요,0.0833333333333333,외국의 유명한 미술 작가들이 조형을 설치를 해준 거라고 하더라고요,외국에 유명한 미술 작가들이 조용물 설치를 해 준 거라고 하더라고요,0.1111111111111111,-0.0277777777777778,외국의 유명한 미술 작가들이 조형을 설치를 해준 거라고 하더라고요,28,9,normal
SD2401797-SDRW2400002694.1.1.28,글쎄요 저 지금은 한국 배우들은 사실 잘 많이 몰라서,글쎄요 저 지금은 한국 배우들은 사실 잘 많이 몰라서,0.0,글쎄요 저 지금은 한국 배우들은 사실 잘 많이 몰라서,글쎄요 저 지금은 한국 배우들은 사실 잘 많이 몰라서,0.0,0.0,글쎄요 저 지금은 한국 배우들은 사실 잘 많이 몰라서,21,9,normal
SD2401799-SDRW2400002698.1.1.123,이런 생각들을 하게 되지 않나 그렇게 유도된 거 같습니다,이런 생각들을 하게 되지 않나 그렇게 유도된 거 같습니다,0.0,이런 생각들을 하게 되지 않나 그렇게 유도된 거 같습니다,이런 생각들을 하게 되지 않나 그렇게 유도된 거 같습니다,0.0,0.0,이런 생각들을 하게 되지 않나 그렇게 유도된 거 같습니다,23,9,normal
SD2401799-SDRW2400002698.1.1.225,그러려면은 어 좀 서로가 솔직한 성격 그런 사람들끼리 만나면 좋겠고 아이도 그런 성격이면 좋겠고,그러려면은 어 좀 서로가 솔직한 성격 그런 사람들끼리 만나면 좋겠고 아이도 그런 성격이면 좋겠고,0.0,그러려면은 어 좀 서로가 솔직한 성격 그런 사람들끼리 만나면 좋겠고 아이도 그런 성격이면 좋겠고,그러려면은 어 좀 서로가 솔직한 성격 그런 사람들끼리 만나면 좋겠고 아이도 그런 성격이면 좋겠고,0.0,0.0,그러려면은 어 좀 서로가 솔직한 성격 그런 사람들끼리 만나면 좋겠고 아이도 그런 성격이면 좋겠고,40,14,normal
SD2401802-SARW2400000004.1.1.274,계속해서 증가세에 있다라는 거,계속해서 증가해 있다라는 거,0.125,계속해서 증가세에 있다라는 거,계속해서 증가상에 있다라는 거,0.0625,0.0625,계속해서 증가세에 있다라는 거,13,4,normal
SD2401802-SARW2400000006.1.1.99,피의 여제라고 지옥 물결 메인 이벤트 하는 곳에서,피의 여자라고 지옥 물결 메인 리벤 하는 곳에서,0.1111111111111111,피의 여제라고 지옥 물결 메인 이벤트 하는 곳에서,피에이어쩌라고 지옥 물결 메인 리에 타는 곳에서,0.2962962962962963,-0.1851851851851851,피의 여제라고 지옥 물결 메인 이벤트 하는 곳에서,20,8,normal
SD2401804-SARW2400000110.1.1.87,그래서 이 오기호가 빚을 탕감해 주겠다는 조건으로 그 여동생 영희한테 결혼을 하기 하자고 합니다,그래서 이 오기호가 빚을 탐감을 주겠다는 조건으로 그 여동생 연기한테 결혼을 하기로 하자고 합니다,0.0943396226415094,그래서 이 오기호가 빚을 탕감해 주겠다는 조건으로 그 여동생 영희한테 결혼을 하기 하자고 합니다,그래서 이 오기오가 빛을 탄감을 주겠다는 조건으로 그 여동생 영기한테 결혼을 하기로 하자고 합니다,0.1132075471698113,-0.0188679245283018,그래서 이 오기호가 빚을 탕감해 주겠다는 조건으로 그 여동생 영희한테 결혼을 하기 하자고 합니다,40,14,normal
SD2401828-SARW2400000080.1.1.196,근데 그렇게 여유를 두고 상대를 대하다 보니까,근데 그렇게 여유를 두고 상대를 대하다 보니까,0.0,근데 그렇게 여유를 두고 상대를 대하다 보니까,근데 그렇게 여유를 두고 상대를 대하다 보니까,0.0,0.0,근데 그렇게 여유를 두고 상대를 대하다 보니까,19,7,normal
SD2401828-SARW2400000080.1.1.85,그래서 안 맞았던 거 같거든요,그래서 안 맞았던 거 같거든요,0.0,그래서 안 맞았던 거 같거든요,그래서 안 맞았던 거 같거든요,0.0,0.0,그래서 안 맞았던 거 같거든요,12,5,normal
SD2401843-SDRW2400002556.1.1.192,건조기라든지,건조기라든지,0.0,건조기라든지,건조기라든지,0.0,0.0,건조기라든지,6,1,low_info
SD2401843-SDRW2400002556.1.1.98,근데 좀 두는 거를 보면은,근데 좀 두는 거를 보면은,0.0,근데 좀 두는 거를 보면은,근데 좀 두는 거를 보면은,0.0,0.0,근데 좀 두는 거를 보면은,10,5,normal
SD2401846-SCRW2400000229.1.1.49,꽈배기를 먹어서 그날은 되게 기분이 좋았었던 거,꽈배기를 먹어서 그날은 되게 기분이 좋았었던 거,0.0,꽈배기를 먹어서 그날은 되게 기분이 좋았었던 거,꽈백기를 먹어서 그날은 되게 기분이 좋았었던 거,0.0384615384615384,-0.0384615384615384,꽈배기를 먹어서 그날은 되게 기분이 좋았었던 거,20,7,normal
SD2401846-SCRW2400000230.1.1.65,바깥에서 먹는 거는 돼지고기로 하고,바깥에서 먹는 거는 돼지고기를 하고,0.0526315789473684,바깥에서 먹는 거는 돼지고기로 하고,바깥에서 먹는 거는 돼지고기를 하고,0.0526315789473684,0.0,바깥에서 먹는 거는 돼지고기로 하고,15,5,normal
SD2401848-SDRW2400002706.1.1.23,지금 문숙하고 파트너지,지금 문숙하고 파튼하지,0.1666666666666666,지금 문숙하고 파트너지,지금 연숙하고 파트하지,0.1666666666666666,0.0,지금 문숙하고 파트너지,10,3,normal
SD2401848-SDRW2400002707.1.1.49,음 나도 해봤는데,음 다들 해 봤는데,0.3333333333333333,음 나도 해봤는데,음 나도 해 봤는데,0.1111111111111111,0.2222222222222222,음 나도 해봤는데,7,3,normal
SD2401848-SDRW2400002709.1.1.117,그래요 언니 나도 봉사 할게요 그랬는데,그래 언니 나도 봉사 할게요 그랬는데,0.0476190476190476,그래요 언니 나도 봉사 할게요 그랬는데,그래요 언니 나도 봉사할게요 그랬는데,0.0476190476190476,0.0,그래요 언니 나도 봉사 할게요 그랬는데,16,6,normal
SD2401855-SDRW2400002718.1.1.293,그 쌤이 수업도 잘하고 그래서 좋은 거 같아,그지 수업도 잘하고 그래서 좋은 거 같아,0.125,그 쌤이 수업도 잘하고 그래서 좋은 거 같아,그 쌤이 수업도 잘하고 그래서 좋은 거 같아,0.0,0.125,그 쌤이 수업도 잘하고 그래서 좋은 거 같아,17,8,normal
SD2401867-SDRW2400002734.1.1.118,꼭 이 엠비티아이랑 저 엠비티아이랑 맞지 않는다고 생각할 필요가 없는 것 같아,꼭 이 엠비티랑 저아 엠비티아이랑 맞지 않는다고 생각할 필요가 없는 거 같아,0.0930232558139534,꼭 이 엠비티아이랑 저 엠비티아이랑 맞지 않는다고 생각할 필요가 없는 것 같아,꼭 이 엠비티랑 좋아 엠비티아이랑 맞지 않는다고 생각할 필요가 없는 거 같아,0.1162790697674418,-0.0232558139534884,꼭 이 엠비티아이랑 저 엠비티아이랑 맞지 않는다고 생각할 필요가 없는 것 같아,32,12,normal
SD2401867-SDRW2400002736.1.1.143,그러면 혹시 아까 버스 기사를 진로로 희망한다고 했는데 버스 기사는 힘든 일 쪽인 것 같아 아니면 편안하게 쉴 수 있는 쪽인 것 같아,그러면 혹시 아까 버스 기사를 진로를 희망한다고 했는데 버스 기사는 힘든 일 쪽인 거 같아 아니면 편안하게 쉴 수 있는 쪽인 거 같아,0.0405405405405405,그러면 혹시 아까 버스 기사를 진로로 희망한다고 했는데 버스 기사는 힘든 일 쪽인 것 같아 아니면 편안하게 쉴 수 있는 쪽인 것 같아,그러면 혹시 아까 버스 기사를 진로를 희망한다고 했는데 버스 기사는 힘든 일쪽인 거 같아 아니면 편안하게 쉴 수 있는 쪽인 거 같아,0.054054054054054,-0.0135135135135135,그러면 혹시 아까 버스 기사를 진로로 희망한다고 했는데 버스 기사는 힘든 일 쪽인 것 같아 아니면 편안하게 쉴 수 있는 쪽인 것 같아,52,23,normal
SD2401867-SDRW2400002736.1.1.58,나는 앞으로 대학교에 진학해서 한국어 교사를 희망하고 있단 말이야,나는 앞으로 대학교에 진학해서 한국어 교사를 희망하고 있단 말이야,0.0,나는 앞으로 대학교에 진학해서 한국어 교사를 희망하고 있단 말이야,나는 앞으로 대학교에 진학해서 한국어 교사를 희망하고 있단 말이야,0.0,0.0,나는 앞으로 대학교에 진학해서 한국어 교사를 희망하고 있단 말이야,28,9,normal
SD2401869-SDRW2400002752.1.1.145,그리고 거기에 나 내 자기의 제주도 갖고 있고,그리고 거기에 나는 자기 제주도 갖고 있고,0.12,그리고 거기에 나 내 자기의 제주도 갖고 있고,그 거기에 나 그래서 자기 제주도 갖고 있고,0.24,-0.12,그리고 거기에 나 내 자기의 제주도 갖고 있고,18,8,normal
SD2401892-SDRW2400002800.1.1.122,교환 학생 가 꼭 가봐 이렇긴 하는데 취업에 딱히 도움이 되는지는 사실 잘 모르겠거든요,교환 학생 가 꼭 가 봐 이렇게 하는데 취업에 딱히 도움이 되는지는 사실 잘 모르겠거든요,0.0416666666666666,교환 학생 가 꼭 가봐 이렇긴 하는데 취업에 딱히 도움이 되는지는 사실 잘 모르겠거든요,교환 학생 가 꼭 가 봐 이렇긴 하는데 취업에 딱히 도움이 되는지는 사실 잘 모르겠거든요,0.0208333333333333,0.0208333333333333,교환 학생 가 꼭 가봐 이렇긴 하는데 취업에 딱히 도움이 되는지는 사실 잘 모르겠거든요,35,14,normal
SD2401902-SDRW2400002787.1.1.188,해외 진출이 아무래도,해외 진출이 아무래도,0.0,해외 진출이 아무래도,해외 진출이 아무래도,0.0,0.0,해외 진출이 아무래도,9,3,normal
SD2401902-SDRW2400002787.1.1.261,또 만나서 무엇을 하는 거,또 만나서 무엇을 하는 거,0.0,또 만나서 무엇을 하는 거,또 만나서 무엇을 하는 거,0.0,0.0,또 만나서 무엇을 하는 거,10,5,normal
SD2401903-SDRW2400002818.1.1.167,멍 연기를 잘하시는 것도 그렇고,몽 연기를 잘하시는 것도 그렇고,0.0588235294117647,멍 연기를 잘하시는 것도 그렇고,뭔 연기를 잘하시는 것도 그렇고,0.0588235294117647,0.0,멍 연기를 잘하시는 것도 그렇고,13,5,normal
SD2401913-SDRW2400001995.1.1.87,어 우리 어머니는 수면이 아예 안 되셔서,어 우리 어머니는 수면이 아예 안 드셔서,0.0454545454545454,어 우리 어머니는 수면이 아예 안 되셔서,어 우리 어머니는 수면이 아예 안 드셔서,0.0454545454545454,0.0,어 우리 어머니는 수면이 아예 안 되셔서,16,7,normal
SD2401913-SDRW2400001996.1.1.156,내가 보통 어 다른 친구들이나 매체에서 접한 강아지들은,내가 보통 어 다른 친구들이나 매체에서 접한 강아지들은,0.0,내가 보통 어 다른 친구들이나 매체에서 접한 강아지들은,내가 보통 어 다른 친구들이나 매체에서 접한 강아지들은,0.0,0.0,내가 보통 어 다른 친구들이나 매체에서 접한 강아지들은,23,8,normal
SD2401920-SDRW2400002840.1.1.202,아이스크림은 물 대신이라고 생각하고 먹진 않아,아이스크림은 물 대신이라고 생각하고 먹진 않아,0.0,아이스크림은 물 대신이라고 생각하고 먹진 않아,아이스크림은 물 대신이라고 생각하고 먹진 않아,0.0,0.0,아이스크림은 물 대신이라고 생각하고 먹진 않아,20,6,normal
SD2401920-SDRW2400002841.1.1.135,그것도 중요하지만 사실 나는 비전을 보여주기도 해야 된다고 생각하거든,그것도 중요하지만 사실 나는 비전을 보여 주기도 해야 된다고 생각하거든,0.0263157894736842,그것도 중요하지만 사실 나는 비전을 보여주기도 해야 된다고 생각하거든,그것도 중요하지만 사실 나는 비전을 보여주기도 해야 된다고 생각하거든,0.0,0.0263157894736842,그것도 중요하지만 사실 나는 비전을 보여주기도 해야 된다고 생각하거든,30,9,normal
SD2401920-SDRW2400002841.1.1.215,바보 어벤저스든,바보 어벤져스든,0.125,바보 어벤저스든,바보 어벤져스든,0.125,0.0,바보 어벤저스든,7,2,low_info
SD2401920-SDRW2400002843.1.1.234,그러면 지금 오빠가 갖고 있는 종목 중에서는 플러스된 종목이 하나도 없어,그러면 지금 오빠가 갖고 있는 종목 중에서는 플러스 된 종목이 하나도 없어,0.025,그러면 지금 오빠가 갖고 있는 종목 중에서는 플러스된 종목이 하나도 없어,그러면 지금 오빠가 갖고 있는 종목 중에서는 플러스된 종목이 하나도 없어,0.0,0.025,그러면 지금 오빠가 갖고 있는 종목 중에서는 플러스된 종목이 하나도 없어,30,11,normal
SD2401920-SDRW2400002843.1.1.239,플러스인 거는 그대로 두고,플러스인 거는 구대로 두고,0.0714285714285714,플러스인 거는 그대로 두고,플러스인 거는 그대로 두고,0.0,0.0714285714285714,플러스인 거는 그대로 두고,11,4,normal
SD2401920-SDRW2400002843.1.1.252,나는 지금 25배 뻥튀기 됐거든,나는 지금 25배 뻥튀기 됐거든,0.0,나는 지금 25배 뻥튀기 됐거든,나는 지금 25배 뻥튀기 됐거든,0.0,0.0,나는 지금 25배 뻥튀기 됐거든,13,5,normal
SD2401950-SDRW2400002902.1.1.191,솔직히 서로 헤어질 걸 알고 하는 연애의 관계가,솔직히 서로 헤어질 걸 알고 하는 연애의 관계가,0.0,솔직히 서로 헤어질 걸 알고 하는 연애의 관계가,솔직히 서로 헤어질 걸 알고 하는 연애의 관계가,0.0,0.0,솔직히 서로 헤어질 걸 알고 하는 연애의 관계가,19,8,normal
SD2401950-SDRW2400002903.1.1.236,중학교 3학년 초부터 공부를 열심히 시작해 열심히 하기 시작해서,중학교 3학년 초부터 공부 열심히 시작해 열심히 하기 시작해서,0.0285714285714285,중학교 3학년 초부터 공부를 열심히 시작해 열심히 하기 시작해서,중학교 3학년 초부터 공부를 열심히 시작해 열심히 하기 시작해서,0.0,0.0285714285714285,중학교 3학년 초부터 공부를 열심히 시작해 열심히 하기 시작해서,27,9,normal
SD2401950-SDRW2400002903.1.1.91,내가 보기에 내가 생각하기에는,내가 보기에 내가 생각하기에는,0.0,내가 보기에 내가 생각하기에는,내가 보기에 내가 생각하기에는,0.0,0.0,내가 보기에 내가 생각하기에는,13,4,normal
SD2401951-SDRW2400002900.1.1.335,그것도 그렇긴 한데 네가 이제 고양이의 그런,그것도 그렇긴 한데 네가 이제 고양이의 그런,0.0,그것도 그렇긴 한데 네가 이제 고양이의 그런,그것도 그렇긴 한데 네가 이제 고양이의 그런,0.0,0.0,그것도 그렇긴 한데 네가 이제 고양이의 그런,18,7,normal
SD2401951-SDRW2400002901.1.1.65,원래 거기서 공지했던 금액보다,원래 거기서 공부했던 금액보다,0.0625,원래 거기서 공지했던 금액보다,원래 거기서 공지했던 금액보다,0.0,0.0625,원래 거기서 공지했던 금액보다,13,4,normal
SD2401962-SDRW2400003015.1.1.143,이제 파를 볶다가,이제 팔을 볶다가,0.2222222222222222,이제 파를 볶다가,이제 팔을 뽑다가,0.3333333333333333,-0.1111111111111111,이제 파를 볶다가,7,3,normal
SD2401962-SDRW2400003017.1.1.34,이제 아시는 분이 이제 농장 찍 농장 쪽에서 일을 하셔 가지고 이제,이제 아시는 분이 이제 농장직 농장 쪽에서 일을 하셔 가지고 이제,0.054054054054054,이제 아시는 분이 이제 농장 찍 농장 쪽에서 일을 하셔 가지고 이제,이제 아시는 분이 이제 농장지 농장 쪽에서 일을 하셔 가지고 이제,0.054054054054054,0.0,이제 아시는 분이 이제 농장 찍 농장 쪽에서 일을 하셔 가지고 이제,26,12,normal
SD2401984-SDRW2400003060.1.1.212,이제 경찰서도 갈 수 있고,이제 경찰수도 갈 수 있고,0.0714285714285714,이제 경찰서도 갈 수 있고,이제 경찰수도 갈 수 있고,0.0714285714285714,0.0,이제 경찰서도 갈 수 있고,10,5,normal
SD2401984-SDRW2400003061.1.1.11,노래 잘 부르는 남자 아이돌에 더 관심이 있는 거 같아,노래 잘 부르는 남자 아이들에 더 관심 있는 거 같아,0.0666666666666666,노래 잘 부르는 남자 아이돌에 더 관심이 있는 거 같아,노래 잘 부르는 남자 아이들의 또한 심이 있는 거 같아,0.1666666666666666,-0.1,노래 잘 부르는 남자 아이돌에 더 관심이 있는 거 같아,21,10,normal
SD2401984-SDRW2400003061.1.1.97,음 이게 요즘 예능이 좀 루즈하졌다고 하잖아,음 이게 요즘 예능이 좀 유주해졌다고 하잖아,0.125,음 이게 요즘 예능이 좀 루즈하졌다고 하잖아,음 이게 요즘 예능이 좀 유지해졌다고 하잖아,0.125,0.0,음 이게 요즘 예능이 좀 루즈하졌다고 하잖아,18,7,normal
SD2410227-SDRW2400000073.1.1.177,그렇구나,그렇구나,0.0,그렇구나,그렇구나,0.0,0.0,그렇구나,4,1,low_info
